old method;new method;eliminated variable;inlined expression
gov.nasa.arc.mct.components.AbstractComponent.getIconForComponentType()@/mct_base2/mctcore/src/main/java/gov/nasa/arc/mct/components/AbstractComponent.java:889:4;gov.nasa.arc.mct.components.AbstractComponent.getIconForComponentType()@/mct_base1/mctcore/src/main/java/gov/nasa/arc/mct/components/AbstractComponent.java:910:4;infos;ExternalComponentRegistryImpl.getInstance().getComponentInfos()
gov.nasa.arc.mct.defaults.view.NodeViewManifestation.doLockRendering()@/mct_base2/platform/src/main/java/gov/nasa/arc/mct/defaults/view/NodeViewManifestation.java:103:4;gov.nasa.arc.mct.defaults.view.NodeViewManifestation.doLockRendering()@/mct_base1/platform/src/main/java/gov/nasa/arc/mct/defaults/view/NodeViewManifestation.java:111:4;id;comp.getId()
gov.nasa.arc.mct.gui.housing.AutoscrollDropTargetListenerTest.testScroll()@/mct_base2/platform/src/test/java/gov/nasa/arc/mct/gui/housing/AutoscrollDropTargetListenerTest.java:92:4;gov.nasa.arc.mct.gui.housing.AutoscrollDropTargetListenerTest.testScroll()@/mct_base1/platform/src/test/java/gov/nasa/arc/mct/gui/housing/AutoscrollDropTargetListenerTest.java:101:4;mouse;newPoint(mouseX,mouseY)
gov.nasa.arc.mct.defaults.view.NodeViewManifestation.doLockRendering()@/mct_base2/platform/src/main/java/gov/nasa/arc/mct/defaults/view/NodeViewManifestation.java:103:4;gov.nasa.arc.mct.defaults.view.NodeViewManifestation.doLockRendering()@/mct_base1/platform/src/main/java/gov/nasa/arc/mct/defaults/view/NodeViewManifestation.java:111:4;myFont;widget.getFont()
