old method;new method;parameter
gov.nasa.arc.mct.gui.menu.NewObjectAction.NewTypeAction.<init>()@/mct_base2/platform/src/main/java/gov/nasa/arc/mct/gui/menu/NewObjectAction.java:103:8;gov.nasa.arc.mct.gui.menu.NewObjectAction.NewTypeAction.<init>()@/mct_base1/platform/src/main/java/gov/nasa/arc/mct/gui/menu/NewObjectAction.java:106:8;CreateWizardUI:wizard
gov.nasa.arc.mct.gui.menu.NewObjectAction.NewTypeAction.<init>()@/mct_base2/platform/src/main/java/gov/nasa/arc/mct/gui/menu/NewObjectAction.java:103:8;gov.nasa.arc.mct.gui.menu.NewObjectAction.NewTypeAction.<init>()@/mct_base1/platform/src/main/java/gov/nasa/arc/mct/gui/menu/NewObjectAction.java:106:8;Class<?extendsAbstractComponent>:componentClass
gov.nasa.arc.mct.gui.menu.NewObjectAction.NewTypeAction.<init>()@/mct_base2/platform/src/main/java/gov/nasa/arc/mct/gui/menu/NewObjectAction.java:103:8;gov.nasa.arc.mct.gui.menu.NewObjectAction.NewTypeAction.<init>()@/mct_base1/platform/src/main/java/gov/nasa/arc/mct/gui/menu/NewObjectAction.java:106:8;ImageIcon:icon
gov.nasa.arc.mct.gui.menu.NewObjectAction.NewTypeAction.<init>()@/mct_base2/platform/src/main/java/gov/nasa/arc/mct/gui/menu/NewObjectAction.java:103:8;gov.nasa.arc.mct.gui.menu.NewObjectAction.NewTypeAction.<init>()@/mct_base1/platform/src/main/java/gov/nasa/arc/mct/gui/menu/NewObjectAction.java:106:8;String:componentDisplayName
