0.0,2.0,0.0,65.89,419.57,129.71,1.0,1.0,1.0,1.0,2.0,0.0,2.0,0.0,0.0,0.0,0.0,10.0,0.0,0.0,38.93,0.0,0.0,0.0,0.0,0.0,0.0,0.0,0.0,0.0,0.0,0.0,0.0,0.0,594.18,65.89,391.57,325.64,48.04,129.71,2.0,28.0,0.0,0.0,241.36,291.29,249.61,0.0,41.68,0.0,0.0,0.0,0.0,0.0,3.0,3.0,3.0,0.0,0.0,0.0,0.0,0.0,0.33,41.93,41.93,41.93,37.93,214.43,148.54,284.71,170.82,455.54,362.96,1611.96,104.54,6748.39,0.0,1.0,0.0,0.0,0.0,0.0,0.0
0.0,2.0,0.0,315.75,1498.57,2216.71,1.0,1.0,1.0,1.0,2.0,0.0,2.0,0.0,0.0,0.0,0.0,25.0,0.0,0.0,113.43,0.0,0.0,0.0,0.0,0.0,0.0,0.0,0.0,0.0,0.0,0.0,0.0,0.0,3941.32,288.18,772.5,568.04,123.71,2014.71,568.96,401.68,0.0,0.0,377.32,519.75,417.32,1.0,101.43,0.0,0.0,0.0,0.0,0.0,2.0,2.0,6.0,0.0,0.0,0.0,0.0,0.0,2.61,122.43,122.43,135.68,113.43,661.75,380.43,788.39,427.11,1215.5,1042.18,4082.54,326.18,16094.36,3.0,2.0,0.0,0.0,0.0,0.0,0.0
0.0,0.0,0.0,118.61,741.5,191.96,0.0,0.0,0.0,0.0,0.0,0.0,0.0,0.0,0.0,0.0,0.0,0.0,0.0,0.0,0.0,0.0,0.0,0.0,0.0,0.0,0.0,0.0,0.0,0.0,0.0,0.0,0.0,0.0,1036.79,3.0,0.0,0.0,0.0,24.0,1007.79,32.0,0.0,0.0,0.0,0.0,0.0,0.0,0.0,0.0,0.0,0.0,0.0,0.0,0.0,0.0,0.0,0.0,0.0,0.0,0.0,0.0,0.0,0.0,0.0,0.0,0.0,0.0,0.0,0.0,0.0,0.0,0.0,0.0,0.0,0.0,10.0,6.0,0.0,0.0,0.0,0.0,0.0
0.0,0.0,0.0,9.0,28.0,17.0,0.0,0.0,0.0,0.0,0.0,0.0,0.0,0.0,0.0,0.0,0.0,0.0,0.0,0.0,0.0,0.0,0.0,0.0,0.0,0.0,0.0,0.0,0.0,0.0,0.0,0.0,0.0,0.0,51.0,1.0,0.0,0.0,0.0,15.0,34.0,5.0,0.0,0.0,0.0,0.0,0.0,0.0,0.0,0.0,0.0,0.0,0.0,0.0,0.0,0.0,0.0,0.0,0.0,0.0,0.0,0.0,0.0,0.0,0.0,0.0,0.0,0.0,0.0,0.0,0.0,0.0,0.0,0.0,0.0,0.0,0.0,0.0,0.0,0.0,0.0,0.0,0.0
0.0,0.0,0.0,4.0,8.0,7.0,0.0,0.0,0.0,0.0,0.0,0.0,0.0,0.0,0.0,0.0,0.0,0.0,0.0,0.0,0.0,0.0,0.0,0.0,0.0,0.0,0.0,0.0,0.0,0.0,0.0,0.0,0.0,0.0,18.0,4.0,5.0,5.0,0.0,7.0,0.0,3.0,0.0,0.0,1.0,1.0,1.0,0.0,0.0,0.0,0.0,0.0,0.0,0.0,0.0,0.0,0.0,0.0,0.0,0.0,0.0,0.0,1.4,0.0,0.0,0.0,0.0,0.0,0.0,0.0,0.0,0.0,0.0,0.0,0.0,0.0,0.0,0.0,0.0,0.0,0.0,0.0,0.0
1.0,11.0,1.0,82.0,344.46,128.0,2.0,2.0,3.0,1.0,12.0,1.0,11.0,1.0,0.0,0.0,0.0,0.0,0.0,0.0,30.0,0.0,0.0,0.0,0.0,0.0,0.0,0.0,0.0,0.0,0.0,0.0,0.0,0.0,547.46,82.0,340.46,95.0,170.46,128.0,0.0,4.0,0.0,0.0,148.46,221.46,64.0,1.0,156.46,0.0,0.0,0.0,0.0,0.0,10.0,10.0,14.0,0.0,0.0,0.0,0.0,0.0,0.38,72.0,72.0,80.0,41.0,342.0,391.46,945.46,663.46,1608.93,733.46,7934.82,271.82,116373.57,3.0,0.0,2.0,1.0,1.0,1.0,0.0
0.0,0.0,0.0,28.0,60.0,29.0,0.0,0.0,0.0,0.0,0.0,0.0,0.0,0.0,0.0,0.0,0.0,1.0,0.0,0.0,0.0,0.0,0.0,0.0,0.0,0.0,0.0,0.0,0.0,0.0,0.0,0.0,0.0,0.0,116.0,28.0,56.0,52.0,0.0,29.0,0.0,4.0,0.0,0.0,49.0,49.0,49.0,0.0,0.0,0.0,0.0,0.0,0.0,0.0,0.0,0.0,0.0,0.0,0.0,0.0,0.0,0.0,0.52,0.0,0.0,0.0,0.0,0.0,0.0,0.0,0.0,0.0,0.0,0.0,0.0,0.0,0.0,0.0,0.0,0.0,0.0,0.0,0.0
1.0,9.0,3.0,40.0,136.29,63.0,2.0,2.0,2.0,1.0,12.39,1.0,9.0,3.0,0.0,0.0,0.0,0.0,0.0,0.0,15.0,0.0,0.0,0.0,0.0,0.0,0.0,0.0,0.0,0.0,0.0,0.0,0.0,0.0,239.29,40.0,134.29,48.5,74.29,63.0,0.0,2.0,0.0,0.0,120.86,144.86,54.5,0.0,90.36,0.0,0.0,0.0,0.0,0.0,4.0,4.0,4.0,0.0,0.0,0.0,0.0,0.0,0.47,35.5,35.5,35.5,15.0,155.0,210.79,370.29,320.79,691.07,365.79,3329.93,114.11,27737.11,1.0,1.0,0.0,0.0,0.0,0.0,0.0
0.0,4.0,0.0,37.0,119.0,188.0,1.0,1.0,2.0,1.0,4.0,0.0,4.0,0.0,0.0,0.0,0.0,4.0,0.0,0.0,14.0,0.0,0.0,0.0,0.0,0.0,0.0,0.0,0.0,0.0,0.0,0.0,0.0,0.0,337.0,37.0,111.0,70.0,30.0,188.0,0.0,8.0,0.0,0.0,59.0,78.0,54.0,0.0,24.0,0.0,0.0,0.0,0.0,0.0,5.0,5.0,8.0,0.0,0.0,0.0,0.0,0.0,1.69,18.0,18.0,21.0,14.0,105.0,64.0,165.0,107.0,272.0,169.0,1109.0,72.0,13813.0,0.0,0.0,0.0,0.0,0.0,0.0,0.0
6.0,39.64,15.0,55.29,253.18,116.0,8.32,8.32,11.0,3.32,60.64,6.0,39.64,15.0,0.0,0.0,0.0,0.0,0.0,0.0,6.0,0.0,0.0,0.0,0.0,0.0,0.0,0.0,0.0,0.0,0.0,0.0,0.0,0.0,419.46,55.29,245.18,34.61,173.89,116.0,0.0,8.0,0.0,0.0,153.61,192.57,31.54,0.0,161.04,0.0,0.0,0.0,0.0,0.0,28.0,28.0,41.0,0.0,0.0,0.0,0.0,0.0,0.47,50.96,50.96,64.64,22.64,88.68,246.54,803.64,621.39,1425.04,335.21,9171.04,100.0,308522.68,0.0,0.0,89.32,5.0,20.0,3.0,0.0
0.0,0.0,0.0,10.68,47.64,61.0,0.0,0.0,0.0,0.0,0.0,0.0,0.0,0.0,0.0,0.0,0.0,0.0,0.0,0.0,0.0,0.0,0.0,0.0,0.0,0.0,0.0,0.0,0.0,0.0,0.0,0.0,0.0,0.0,114.32,2.0,0.0,0.0,0.0,16.0,93.32,9.0,0.0,0.0,0.0,0.0,0.0,0.0,0.0,0.0,0.0,0.0,0.0,0.0,0.0,0.0,0.0,0.0,0.0,0.0,0.0,0.0,0.0,0.0,0.0,0.0,0.0,0.0,0.0,0.0,0.0,0.0,0.0,0.0,0.0,0.0,0.0,0.0,0.0,0.0,0.0,0.0,0.0
0.0,0.0,0.0,33.32,193.93,156.75,0.0,0.0,0.0,0.0,0.0,0.0,0.0,0.0,0.0,0.0,0.0,0.0,0.0,0.0,0.0,0.0,0.0,0.0,0.0,0.0,0.0,0.0,0.0,0.0,0.0,0.0,0.0,0.0,379.89,4.0,0.0,0.0,0.0,82.0,285.89,14.0,0.0,0.0,0.0,0.0,0.0,0.0,0.0,0.0,0.0,0.0,0.0,0.0,0.0,0.0,0.0,0.0,0.0,0.0,0.0,0.0,0.0,0.0,0.0,0.0,0.0,0.0,0.0,0.0,0.0,0.0,0.0,0.0,0.0,0.0,0.0,0.0,0.0,0.0,0.0,0.0,0.0
0.0,0.0,0.0,6.0,16.39,15.0,0.0,0.0,0.0,0.0,0.0,0.0,0.0,0.0,0.0,0.0,0.0,0.0,0.0,0.0,0.0,0.0,0.0,0.0,0.0,0.0,0.0,0.0,0.0,0.0,0.0,0.0,0.0,0.0,37.39,5.0,2.0,2.0,0.0,14.0,8.39,8.0,0.0,0.0,1.0,1.0,1.0,0.0,0.0,0.0,0.0,0.0,0.0,0.0,0.0,0.0,0.0,0.0,0.0,0.0,0.0,0.0,7.0,0.0,0.0,0.0,0.0,0.0,0.0,0.0,0.0,0.0,0.0,0.0,0.0,0.0,0.0,0.0,0.0,0.0,0.0,0.0,0.0
1.0,25.0,0.0,16.0,100.0,59.0,4.0,4.0,4.0,1.0,26.0,1.0,25.0,0.0,0.0,0.0,0.0,0.0,0.0,0.0,1.0,0.0,0.0,0.0,0.0,0.0,0.0,0.0,0.0,0.0,0.0,0.0,0.0,0.0,174.0,5.0,25.0,7.0,14.0,37.0,102.0,5.0,0.0,0.0,15.0,18.0,5.0,0.0,13.0,0.0,0.0,0.0,0.0,0.0,4.0,4.0,4.0,0.0,0.0,0.0,0.0,0.0,1.48,4.0,4.0,4.0,1.0,21.0,29.0,92.0,74.0,166.0,50.0,936.0,26.0,24336.0,0.0,0.0,11.0,3.0,0.0,0.0,0.0
0.0,0.0,0.0,3.0,15.0,14.0,0.0,0.0,0.0,0.0,0.0,0.0,0.0,0.0,0.0,0.0,0.0,0.0,0.0,0.0,0.0,0.0,0.0,0.0,0.0,0.0,0.0,0.0,0.0,0.0,0.0,0.0,0.0,0.0,32.0,2.0,0.0,0.0,0.0,14.0,11.0,7.0,0.0,0.0,0.0,0.0,0.0,0.0,0.0,0.0,0.0,0.0,0.0,0.0,0.0,0.0,0.0,0.0,0.0,0.0,0.0,0.0,0.0,0.0,0.0,0.0,0.0,0.0,0.0,0.0,0.0,0.0,0.0,0.0,0.0,0.0,0.0,0.0,0.0,0.0,0.0,0.0,0.0
2.5,24.5,4.75,6.75,41.5,7.0,3.5,2.25,4.5,2.5,29.75,2.5,24.5,4.75,0.0,0.0,0.0,0.0,0.0,0.0,1.75,0.0,0.0,0.0,0.0,0.0,0.0,0.0,0.0,0.0,0.0,0.0,0.0,0.0,53.25,6.75,39.5,8.75,27.25,7.0,0.0,2.0,0.0,0.0,22.25,28.0,6.75,0.0,21.25,0.0,0.0,0.0,0.0,0.0,5.0,3.0,6.0,0.0,0.0,0.0,0.0,0.0,0.18,5.75,3.75,6.75,4.75,30.25,39.5,107.75,66.0,173.75,69.75,1014.75,24.0,20876.25,0.0,0.0,0.0,0.0,0.0,0.0,0.0
0.0,3.75,0.0,12.75,41.25,39.5,1.0,1.0,1.0,1.0,3.75,0.0,3.75,0.0,0.0,0.0,0.0,2.0,0.0,0.0,5.0,0.0,0.0,0.0,0.0,0.0,0.0,0.0,0.0,0.0,0.0,0.0,0.0,0.0,92.5,12.75,37.25,18.0,8.0,39.5,0.0,4.0,0.0,0.0,16.25,24.11,16.86,0.0,7.25,0.0,0.0,0.0,0.0,0.0,1.0,1.0,1.0,0.0,0.0,0.0,0.0,0.0,1.07,5.0,5.0,5.0,5.0,29.0,20.5,39.5,23.25,62.75,49.5,210.75,14.5,713.0,0.0,0.0,0.0,0.0,0.0,0.0,0.0
4.0,45.0,19.0,107.04,720.89,415.29,6.0,6.0,7.57,2.0,67.04,4.0,43.36,19.0,0.0,0.0,0.0,0.0,0.0,0.0,15.0,0.0,0.0,0.0,0.0,0.0,0.0,0.0,0.0,0.0,0.0,0.0,0.0,0.0,1226.21,104.04,658.89,85.79,447.25,398.29,56.0,25.0,0.0,0.0,316.14,398.61,61.79,0.0,336.82,0.0,0.0,0.0,0.0,0.0,21.93,21.93,29.07,0.0,0.0,0.0,0.0,0.0,0.61,91.54,91.54,116.29,41.0,267.64,609.04,1924.57,1428.61,3353.18,876.68,21913.39,279.82,810639.36,1.0,3.0,109.71,10.0,44.82,8.0,0.0
0.0,5.0,0.0,55.07,137.79,240.18,2.0,2.0,2.0,1.0,5.0,0.0,5.0,0.0,0.0,0.0,0.0,1.0,0.0,0.0,9.0,0.0,0.0,0.0,0.0,0.0,0.0,0.0,0.0,0.0,0.0,0.0,0.0,0.0,426.04,55.07,122.79,86.79,18.0,239.18,3.0,13.0,0.0,0.0,77.79,91.79,76.79,0.0,15.0,0.0,0.0,0.0,0.0,0.0,3.0,3.0,4.0,0.0,0.0,0.0,0.0,0.0,1.94,14.0,14.0,16.0,9.0,74.0,54.0,103.0,67.0,170.0,128.0,680.0,43.0,4821.0,0.0,0.0,0.0,0.0,0.0,0.0,0.0
0.0,14.57,3.0,15.0,112.86,44.57,3.57,3.57,4.0,1.0,17.57,0.0,13.57,3.0,0.0,0.0,0.0,0.0,0.0,0.0,7.0,0.0,0.0,0.0,0.0,0.0,0.0,0.0,0.0,0.0,0.0,0.0,0.0,0.0,167.43,15.0,95.86,20.0,56.71,44.57,2.0,17.0,0.0,0.0,86.0,99.57,24.93,0.0,74.64,0.0,0.0,0.0,0.0,0.0,8.14,8.14,9.14,0.0,0.0,0.0,0.0,0.0,0.46,25.14,25.14,26.14,9.57,87.0,119.0,269.14,210.0,479.14,206.0,2400.71,72.14,30284.43,0.0,0.0,0.0,0.0,0.0,0.0,0.0
0.0,4.0,0.0,17.0,45.0,49.0,1.0,1.0,1.0,1.0,4.0,0.0,4.0,0.0,0.0,0.0,0.0,1.0,0.0,0.0,2.0,0.0,0.0,0.0,0.0,0.0,0.0,0.0,0.0,0.0,0.0,0.0,0.0,0.0,111.0,17.0,37.0,26.0,4.0,49.0,2.0,6.0,0.0,0.0,21.0,24.0,22.0,0.0,2.0,0.0,0.0,0.0,0.0,0.0,1.0,1.0,1.0,0.0,0.0,0.0,0.0,0.0,1.32,2.0,2.0,2.0,2.0,14.0,11.0,22.0,14.0,36.0,25.0,134.0,8.0,604.0,0.0,0.0,0.0,0.0,0.0,0.0,0.0
3.0,77.0,19.0,9.0,156.0,63.0,17.0,5.0,19.0,1.0,98.0,2.0,64.0,16.0,0.0,0.0,0.0,0.0,0.0,0.0,2.0,0.0,0.0,0.0,0.0,0.0,0.0,0.0,0.0,0.0,0.0,0.0,0.0,0.0,226.0,8.0,128.0,16.0,99.0,56.0,29.0,7.0,0.0,0.0,60.0,92.0,14.0,0.0,78.0,0.0,0.0,0.0,0.0,0.0,30.0,6.0,31.0,0.0,0.0,0.0,0.0,0.0,0.44,34.0,10.0,38.0,2.0,53.0,103.43,394.43,278.43,672.86,156.43,4250.71,70.0,153108.14,0.0,0.0,0.0,0.0,0.0,0.0,0.0
0.0,17.0,3.0,28.0,155.82,129.71,4.54,3.0,5.0,1.0,19.0,0.0,16.0,3.0,0.0,0.0,0.0,1.0,0.0,0.0,6.0,0.0,0.0,0.0,0.0,0.0,0.0,0.0,0.0,0.0,0.0,0.0,0.0,0.0,306.11,24.0,111.96,26.43,65.54,113.71,43.0,21.86,0.0,0.0,49.43,74.96,22.43,0.0,52.54,0.0,0.0,0.0,0.0,0.0,17.54,6.0,19.54,0.0,0.0,0.0,0.0,0.0,1.02,26.54,15.0,28.54,6.0,66.0,81.39,260.36,182.25,442.61,147.39,2493.93,63.46,83589.43,0.0,0.0,0.0,0.0,0.0,0.0,0.0
4.0,45.46,15.21,392.0,2802.29,1375.21,10.75,10.04,12.0,4.0,63.68,4.0,43.89,15.21,0.0,0.0,0.0,0.0,0.0,0.0,59.0,0.0,0.0,0.0,0.0,0.0,0.0,0.0,0.0,0.0,0.0,0.0,0.0,0.0,4484.36,391.0,2674.75,410.46,1844.29,1371.21,53.04,79.5,0.0,0.0,1925.04,2308.61,449.21,10.71,1848.68,0.0,0.0,0.0,0.0,0.0,50.14,48.5,53.14,0.0,0.0,0.0,0.0,0.0,0.51,625.68,612.32,692.18,250.68,1052.61,2403.25,7652.0,5877.82,13529.82,3455.86,88165.39,1145.11,3213747.21,47.0,19.0,711.93,125.57,128.61,45.75,0.0
0.0,0.0,0.0,30.0,92.36,107.75,0.0,0.0,0.0,0.0,0.0,0.0,0.0,0.0,0.0,0.0,0.0,0.0,0.0,0.0,0.0,0.0,0.0,0.0,0.0,0.0,0.0,0.0,0.0,0.0,0.0,0.0,0.0,0.0,226.36,30.0,71.36,71.36,2.0,107.75,0.0,21.0,0.0,0.0,55.96,55.96,55.96,0.0,0.0,0.0,0.0,0.0,0.0,0.0,0.0,0.0,0.0,0.0,0.0,0.0,0.0,0.0,1.51,0.0,0.0,0.0,0.0,0.0,0.0,0.0,0.0,0.0,0.0,0.0,0.0,0.0,0.0,0.0,0.0,0.0,0.0,0.0,0.0
0.0,2.0,0.0,297.93,1653.79,1183.68,1.0,1.0,1.0,1.0,2.0,0.0,2.0,0.0,0.0,0.0,0.0,7.0,0.0,0.0,14.0,0.0,0.0,0.0,0.0,0.0,0.0,0.0,0.0,0.0,0.0,0.0,0.0,0.0,3051.07,55.5,283.07,259.07,8.0,142.18,2562.75,82.86,0.0,0.0,218.64,239.64,232.64,0.0,7.0,0.0,0.0,0.0,0.0,0.0,1.0,1.0,1.0,0.0,0.0,0.0,0.0,0.0,0.5,14.0,14.0,14.0,14.0,110.0,89.0,184.0,124.0,308.0,199.0,1255.0,72.0,7813.0,5.0,1.0,0.0,0.0,0.0,0.0,0.0
1.0,21.0,4.0,300.82,1889.57,924.0,4.0,3.0,5.0,2.0,25.0,1.0,20.0,4.0,0.0,0.0,0.0,0.0,0.0,0.0,89.5,0.0,0.0,0.0,0.0,0.0,0.0,0.0,0.0,0.0,0.0,0.0,0.0,0.0,2996.64,300.82,1798.5,249.25,1210.14,923.71,68.14,22.93,0.0,0.0,869.46,1245.54,168.61,28.0,1048.93,0.0,0.0,0.0,0.0,0.0,123.0,87.0,151.0,0.0,0.0,0.0,0.0,0.0,0.51,377.71,302.71,448.54,210.14,1030.96,1440.79,5307.0,3687.04,8994.04,2471.75,54895.25,1048.25,3633694.18,2.0,2.0,336.75,25.82,141.29,13.29,0.0
0.0,0.0,0.0,221.07,1037.04,792.96,0.0,0.0,0.0,0.0,0.0,0.0,0.0,0.0,0.0,0.0,0.0,0.0,0.0,0.0,0.0,0.0,0.0,0.0,0.0,0.0,0.0,0.0,0.0,0.0,0.0,0.0,0.0,0.0,1993.07,11.0,66.0,66.0,0.0,39.0,1871.07,50.11,0.0,0.0,11.0,11.0,11.0,0.0,0.0,0.0,0.0,0.0,0.0,0.0,0.0,0.0,0.0,0.0,0.0,0.0,0.0,0.0,0.59,0.0,0.0,0.0,0.0,0.0,0.0,0.0,0.0,0.0,0.0,0.0,0.0,0.0,4.0,4.0,0.0,0.0,0.0,0.0,0.0
3.0,30.36,6.75,177.75,1337.46,608.0,7.0,6.0,7.75,4.0,38.79,3.0,29.75,6.75,0.0,0.0,0.0,1.0,0.0,0.0,36.0,0.0,0.0,0.0,0.0,0.0,0.0,0.0,0.0,0.0,0.0,0.0,0.0,0.0,2107.68,177.75,1285.96,365.04,879.39,608.0,14.86,36.64,0.0,0.0,642.43,863.46,208.29,17.18,638.0,0.0,0.0,0.0,0.0,0.0,49.43,37.39,57.29,0.0,0.0,0.0,0.0,0.0,0.47,254.86,228.36,278.71,150.79,530.25,973.25,2761.46,1981.39,4742.86,1503.5,29324.07,488.18,801780.21,5.0,13.0,88.0,32.5,14.0,7.0,1.0
3.0,19.71,4.04,767.21,3567.96,1579.14,3.79,3.04,4.0,1.0,26.32,3.0,18.82,4.04,0.0,0.0,0.0,3.0,0.0,0.0,137.86,0.0,0.0,0.0,0.0,0.0,0.0,0.0,0.0,0.0,0.0,0.0,0.0,0.0,5827.32,639.39,2668.39,518.04,1693.75,1329.75,1180.39,67.39,0.0,0.0,1248.43,1707.32,367.75,10.75,1328.82,0.0,0.0,0.0,0.0,0.0,22.0,22.0,25.0,0.0,0.0,0.0,0.0,0.0,0.5,485.0,474.5,586.14,261.96,1868.68,3015.96,7616.07,5618.07,13234.14,4884.64,76905.07,1574.11,1735440.04,3.0,19.0,75.75,23.43,20.54,8.93,1.0
2.0,26.96,4.5,1034.75,5979.71,2629.29,6.29,5.29,7.0,2.0,32.61,2.0,26.29,4.0,0.0,0.0,0.0,1.0,0.0,0.0,94.0,0.0,0.0,0.0,0.0,0.0,0.0,0.0,0.0,0.0,0.0,0.0,0.0,0.0,9474.0,584.61,2489.46,538.5,1621.86,1021.54,5202.86,335.36,0.0,0.0,1602.79,2036.43,367.75,8.64,1660.04,0.0,0.0,0.0,0.0,0.0,103.71,93.93,103.71,0.0,0.0,0.0,0.0,0.0,0.41,612.79,501.5,666.82,210.07,1428.75,2548.93,7710.96,5789.86,13500.82,3977.68,83481.46,1447.86,3002770.0,44.0,6.0,47.0,13.0,10.0,10.0,1.0
1.0,14.0,2.0,463.93,2586.5,923.46,2.64,2.64,3.11,1.0,16.36,1.0,13.07,2.0,0.0,0.0,0.0,0.0,0.0,0.0,150.68,0.0,0.0,0.0,0.0,0.0,0.0,0.0,0.0,0.0,0.0,0.0,0.0,0.0,3917.39,395.07,2009.64,415.54,1176.07,716.89,742.04,121.25,0.0,0.0,1079.39,1435.93,352.93,5.57,1077.43,0.0,0.0,0.0,0.0,0.0,39.79,39.79,64.21,0.0,0.0,0.0,0.0,0.0,0.36,391.89,387.89,498.36,219.79,1755.46,2381.86,5989.71,4324.21,10313.93,4137.32,56432.89,1464.25,1278159.46,17.0,8.0,68.39,31.25,14.36,10.36,1.0
2.2815126230165435,18.48288312557596,3.845070937836984,365.6744029126382,3267.3822839390086,1058.3710842862959,3.663841976070618,3.6452424275545363,6.729973452954946,1.4601511399596825,22.254910030995035,2.3473452664588708,22.782648181773407,2.994358122226488,0.0,0.0,0.0,0.6656007451832353,0.0,0.0,148.51849163803996,0.0,0.0,0.0,0.0,0.0,0.0,0.0,0.0,0.0,0.0,0.0,0.0,0.0,7404.018439341161,371.3395474485386,2433.6190486335804,498.2639004439875,1090.066009242746,1053.5852251562567,977.7623229086978,182.02232111077694,0.0,0.0,987.0007430618713,1672.1050851658142,278.6414051765983,10.475855187693938,1090.6390503458274,0.0,0.0,0.0,0.0,0.0,79.76026653209914,58.696138818065194,54.31372033190683,0.0,0.0,0.0,0.0,0.0,0.4808976532621474,523.6755390763664,390.46956903692075,567.8566102358268,202.09652723288707,1731.6809663927324,2474.7495090029424,7943.214849032565,5893.763184361003,13798.93934757157,2380.1291299632085,64739.66773445437,1223.9686257702174,2198676.9447776563,19.788317627892727,15.494629284123006,79.69578207412722,18.163357206608886,11.67550545356093,8.780374289547542,1.0
2.914435673510016,21.991870780811002,4.45525731829989,338.7686173850662,4902.16339187466,2000.9409635159927,6.648935080529391,3.76433696243628,6.449225621047287,0.8386989716431613,31.428619255871546,1.6834601674201164,19.61644787168649,5.077135656439109,0.0,0.0,0.0,0.27055950108372434,0.0,0.0,77.47421391617397,0.0,0.0,0.0,0.0,0.0,0.0,0.0,0.0,0.0,0.0,0.0,0.0,0.0,4073.1207536395414,330.0844486390642,2195.0179889130204,517.9495007478494,1334.750245562071,911.799301790968,2718.0047221455143,179.9166398723436,0.0,0.0,1127.4729504756679,1783.9510701256281,286.95205368017355,10.674432972769154,821.2892874031483,0.0,0.0,0.0,0.0,0.0,78.26721430234207,61.42478476609034,78.16909018695932,0.0,0.0,0.0,0.0,0.0,0.3984749286206115,484.940888319038,350.6115533596025,629.6106160970332,193.3700293319742,1720.560235082622,2628.4011995725723,7064.710957414931,3424.2917667884212,7516.200820416973,2906.9954306186705,61042.89276450863,1436.1586981700175,1325652.9526149218,28.61604104808663,9.845518658514345,69.0795009034873,27.06898829323977,13.952197569187486,8.715441801742953,1.0
1.5767292469819898,19.780918518448402,5.962045720722615,913.5833574799713,4696.252160290516,1186.9857938124026,4.697484727678251,3.2298152886607117,4.596822863979698,2.677509932922667,21.32194308227074,2.1166868758713626,20.168133011604503,5.534610036033483,0.0,0.0,0.0,2.3089602651673897,0.0,0.0,91.14041561717634,0.0,0.0,0.0,0.0,0.0,0.0,0.0,0.0,0.0,0.0,0.0,0.0,0.0,5905.359227948168,532.2859369593461,2340.1503631179294,401.07267562077516,1329.0019932405175,789.8233097232542,1173.771335847608,40.09278129277307,0.0,0.0,991.0265055694767,1672.5365416873328,283.8457041084901,14.248252117810818,1207.0066237654255,0.0,0.0,0.0,0.0,0.0,68.15145829161446,31.50600024419679,67.137350611326,0.0,0.0,0.0,0.0,0.0,0.41247934997812935,362.8361584248909,378.01166623275736,530.7029857962609,242.16694193849477,1306.5005628246179,2437.520884238802,5389.366136937373,3790.115564461977,9880.586464905868,4471.273727945473,66671.07524808573,904.2232639515105,1062868.0678041542,31.649460322117775,8.948745767835174,72.3969251254144,27.837918826970153,13.39726468672058,10.1058681720772,1.0
1.9683775583411187,19.32990495755995,4.151175183160143,876.364826778433,4033.106903092198,1516.9647610033526,5.735750086945378,5.113144808442036,5.411575736615854,2.709975494645896,26.961993592485413,2.931031771463247,16.9815037494557,3.6650377258318443,0.0,0.0,0.0,1.6229079259137351,0.0,0.0,136.45626991566706,0.0,0.0,0.0,0.0,0.0,0.0,0.0,0.0,0.0,0.0,0.0,0.0,0.0,2860.9157994761963,568.3576325649265,2343.690473626408,522.2652834577877,1259.3827049051156,1015.6199379738956,3722.952809848076,122.96740130025795,0.0,0.0,1183.7989109251987,1764.3313928899956,311.18432606351206,7.57951243042698,1380.7278888768865,0.0,0.0,0.0,0.0,0.0,60.275467369170286,49.69078506462835,50.335975333908294,0.0,0.0,0.0,0.0,0.0,0.4273884675275293,403.1582662917469,473.14708837019873,595.1320026120543,231.05993882677993,1692.7801909420414,2228.0789129650543,7369.361536232587,3436.536240345498,9872.314392162485,3626.199132247292,81939.09949831727,1235.9139850831853,1596974.7563485764,27.882928290558013,15.794922787254508,82.96195337523937,22.990134193700726,12.555268904684599,9.658077186326468,1.0
2.3111293595754177,21.511879835665454,4.1483250357654216,925.5656553858659,2385.49409333097,890.5977476126955,3.2265646524148965,5.070071452991241,7.119940254654158,2.892903707819162,33.37201335904072,2.704435197456756,19.251409954309754,5.517711416065455,0.0,0.0,0.0,1.9572157783503934,0.0,0.0,93.51868346499775,0.0,0.0,0.0,0.0,0.0,0.0,0.0,0.0,0.0,0.0,0.0,0.0,0.0,3196.4622122504347,306.35335557089286,1592.2690036958259,440.4630392415549,1119.5813071488449,1068.8623296787457,-50.88661048882332,219.15311914550307,0.0,0.0,912.1102966533052,1390.2363050620577,389.08500210607303,10.984418238288601,1174.101270829002,0.0,0.0,0.0,0.0,0.0,66.22736328093134,24.792049559885584,66.00735296894838,0.0,0.0,0.0,0.0,0.0,0.4743160419903006,376.4286428981238,321.85780287447204,482.2546950659647,218.08331799408145,1110.2399713726838,1889.0976358372395,7248.207735668879,4903.04101602906,11953.888652613918,3580.1781975294375,79639.86710827512,1285.7124008486273,1712640.6783968844,12.6506105005635,10.089679436380553,73.0867210500044,21.88564760878665,18.0075609534508,9.034235413200827,1.0
2.0856523736163233,24.09853355678607,5.7061668136112935,298.47136983583147,3861.4503481462316,1884.1894091207478,5.941406715615177,4.231876636067926,5.065256559491565,0.84803041291904,22.698308849399613,1.885189118011806,26.992781542900076,5.3653605029833695,0.0,0.0,0.0,0.9029357395404034,0.0,0.0,107.5047632995555,0.0,0.0,0.0,0.0,0.0,0.0,0.0,0.0,0.0,0.0,0.0,0.0,0.0,4983.345839893536,309.408541318142,2361.1736755646816,439.08215708330033,1138.5325618810025,1081.3211231676605,1733.7208227776273,55.67535980790363,0.0,0.0,1216.7015509726284,1414.0611325961436,348.10301096799725,8.85610824998113,1271.2827110894864,0.0,0.0,0.0,0.0,0.0,55.24957761027071,44.72424733035808,48.45393560786959,0.0,0.0,0.0,0.0,0.0,0.4341755916214297,364.0256894893807,498.8524731274017,427.24429843894404,229.6924785497161,1167.0167381525139,2955.6522370838484,7922.312741220134,4904.360238395009,12846.720121777016,2420.994110978108,51332.47020533313,1243.7779886788899,1454998.1005584095,24.317336590269015,16.00713476342069,63.369205008345496,25.180069766594688,14.580429594843087,9.995463358223327,1.0
2.8876332582798314,17.82157120297036,4.673173879118668,500.941716440243,3505.5016739794937,959.9193897230327,4.087255823949253,3.1726177434248912,6.18540700813544,3.141555109715042,25.72630821247389,2.7095802769433908,23.641162648374387,4.4309478170524805,0.0,0.0,0.0,1.3889581232078645,0.0,0.0,113.10316250435832,0.0,0.0,0.0,0.0,0.0,0.0,0.0,0.0,0.0,0.0,0.0,0.0,0.0,3241.875427164447,352.3906046982757,1796.1887195430345,452.5880667949687,1298.7144305528523,713.3777208599856,2333.047011498714,220.44123287308943,0.0,0.0,1259.6661358070078,1543.9706906774636,318.9691241448691,7.215887762869008,877.4970719894472,0.0,0.0,0.0,0.0,0.0,55.78935958451858,68.21478925285119,70.88925007468649,0.0,0.0,0.0,0.0,0.0,0.4103627634916305,408.6332779020667,436.53753443986506,365.7035706481997,181.9085458259163,1515.277322180297,1997.3346833419837,7240.4765352717,3985.451081770091,7846.774640417854,2598.6595287453,66810.83121524626,1041.5943914876514,1812449.7090342683,15.773449311368426,7.2415368777676346,62.59990006612549,20.08499372312553,15.32078593869086,8.217462331715106,1.0
1.8052896252309356,28.532962564441323,3.2781793879932297,503.3822296805322,2504.818931005572,776.740564316878,4.514398332902048,5.480432057717261,3.924781348910977,2.434596571458701,30.354723872742674,2.52723719177693,23.29003153331729,4.2205405942385115,0.0,0.0,0.0,1.6799947095739431,0.0,0.0,106.37722626357936,0.0,0.0,0.0,0.0,0.0,0.0,0.0,0.0,0.0,0.0,0.0,0.0,0.0,5761.755721499697,359.1579250881395,1682.2623004319641,500.0750110618073,1322.6584804158565,725.1709983276605,2509.9621603013047,195.9178042224419,0.0,0.0,1342.7182213275364,1432.7975001042873,372.1330262031902,12.388796239070597,1510.5499891129093,0.0,0.0,0.0,0.0,0.0,66.79081855133042,40.98886988389389,47.92485974803929,0.0,0.0,0.0,0.0,0.0,0.4066472901140086,411.1794540001074,400.75553143952004,570.3848444106642,208.4791511902924,1873.2225322540148,2186.9318506107984,5246.3436400830815,4653.182336040471,11230.562639985392,4241.504539811155,74711.67175054661,896.8752207157698,2088059.9916021395,25.95033356795999,13.08457294836397,77.26062470226827,18.025602718699982,17.25045703127386,8.077625805361308,1.0
2.971676174493477,19.42313789983293,3.840165633266519,859.6240257241649,3192.840764597507,1627.5995100842702,6.56801170221844,3.008119197084668,4.325023448483447,2.2604001059700884,27.231003060447637,1.9311113856153974,19.80476166982173,2.6880842130130396,0.0,0.0,0.0,1.134785274616108,0.0,0.0,131.20188413881968,0.0,0.0,0.0,0.0,0.0,0.0,0.0,0.0,0.0,0.0,0.0,0.0,0.0,2916.005421307092,311.4228013709731,2447.105705007351,413.5367207180935,1145.4715588403992,845.9050594115806,255.8663220273209,131.24589047169485,0.0,0.0,957.8466705013107,1339.1975511219357,352.6590761169846,6.531072163169348,1513.9292019214706,0.0,0.0,0.0,0.0,0.0,51.30406137757684,61.322544506609745,83.1953684780253,0.0,0.0,0.0,0.0,0.0,0.4222484999376549,333.77018375128046,456.5878063440765,464.6616392088648,223.65506852572054,1033.0718604873175,1979.8982661960727,7201.773878172813,3451.0282655405763,9745.55201526309,2531.132244666059,60024.08345731191,1387.1592571253598,2082568.3484559814,21.959589766388724,9.294115887559695,77.40194373163564,23.859414686476672,14.66108013312441,9.46861345743906,1.0
2.573396166089382,22.3163174047396,5.220494051769776,601.1271174926567,4654.803954111058,924.9815902934465,6.043291713900595,5.380827748682618,5.307867347470262,2.3808621861309147,31.758622323336432,2.959920119984572,17.807092419434134,3.53581055236041,0.0,0.0,0.0,1.5606122571866514,0.0,0.0,132.3336410069263,0.0,0.0,0.0,0.0,0.0,0.0,0.0,0.0,0.0,0.0,0.0,0.0,0.0,7074.333632423873,416.06132783750127,2251.1542556890317,389.8854492540232,1667.743103381854,1133.5176542504319,581.7607540598325,78.36124980194671,0.0,0.0,1146.2461166895437,1858.3908265846446,281.6704164472562,11.980679814405562,1438.0564864746343,0.0,0.0,0.0,0.0,0.0,75.45901237587425,52.60224540961687,77.92283462768646,0.0,0.0,0.0,0.0,0.0,0.42887884021552003,437.7545655951258,298.44217032780153,527.0929761154757,243.40669789892422,1706.3044697774392,2503.3374524632595,7042.300425458675,4977.844898397041,9809.465699065622,2720.9802609241174,72384.25057093616,1038.9046489097404,1566512.2567282487,12.865840990513615,14.91938620662115,77.92087742802445,23.439924242736843,16.711002979953683,8.26028451173502,1.0
2.5931203417682713,27.905575059080064,3.066048441845872,432.2943787042942,4307.625982341494,1952.0896355825498,4.412466401299195,5.296379906665575,6.621524164204442,2.212172697772708,29.965864732339206,2.11204971321475,24.629295403194018,3.019531064689522,0.0,0.0,0.0,0.8097010790845635,0.0,0.0,106.48354960186145,0.0,0.0,0.0,0.0,0.0,0.0,0.0,0.0,0.0,0.0,0.0,0.0,0.0,4040.9973553232066,512.3724011068832,2030.3237096273845,525.5698922739261,1232.843556111541,947.8552189158295,691.8905642287926,69.36494387534455,0.0,0.0,1247.4134226371025,1893.1211097809085,280.576456830359,11.373467486105692,859.6243251739372,0.0,0.0,0.0,0.0,0.0,38.97420509378814,58.199565466222936,81.13651773231442,0.0,0.0,0.0,0.0,0.0,0.4188689366158815,446.8653853106306,314.98543328866003,625.8351708855384,204.04970982492148,1711.3318910487117,2963.4461292785327,7562.377914314561,5133.008464871419,7095.726857806777,3982.660986513708,60500.7598598324,1411.900653500063,1346084.9068940594,9.496699259672871,10.679195116315789,78.16732631909112,25.293738774891047,12.39075483027832,10.051273871274386,1.0
2.2177429234792294,18.517876792859845,4.067503563501654,747.506190243,4084.996104856984,1029.144866360177,4.20587116891573,2.908192624613987,4.6682470433160015,0.8706344775910793,34.47738342326697,2.892538474259288,18.254033491335278,5.800049457436099,0.0,0.0,0.0,1.4506834345129893,0.0,0.0,126.46572652703051,0.0,0.0,0.0,0.0,0.0,0.0,0.0,0.0,0.0,0.0,0.0,0.0,0.0,5554.339902679318,558.0257690046792,2145.4154827798293,430.4689704005417,1557.4318812979418,960.504368457638,631.1688766450006,28.28215552102484,0.0,0.0,1108.03125728682,1252.8333223436784,262.25201168085954,9.492799143818408,993.2044805908346,0.0,0.0,0.0,0.0,0.0,38.06534123994389,70.88331381118739,55.17142306647605,0.0,0.0,0.0,0.0,0.0,0.4772814088750529,451.422333723268,407.5993213637115,526.5867535320742,186.47403694089644,1122.7755992384841,2107.9243039037765,7451.578492956316,3297.97624248447,13620.652655610655,4777.418190940693,75921.94958174833,1572.9911501053625,1319455.031171915,1.5900660071007684,8.330686066222075,75.1724152322923,20.95434415237589,18.246517079443112,7.8384662501074365,1.0
2.5633714415888553,23.510062683653327,2.8686648214099972,856.8103748324774,2950.450851503184,1824.4073876517978,4.421648290348964,3.007913941364787,7.3300435592669775,1.3730433613115305,32.82538768055828,2.5888383357646685,17.08087613420423,3.086807204714859,0.0,0.0,0.0,1.286400616167799,0.0,0.0,127.00926459240696,0.0,0.0,0.0,0.0,0.0,0.0,0.0,0.0,0.0,0.0,0.0,0.0,0.0,3349.171115036973,433.3111258885218,2470.463812301892,393.9775461048617,1539.1051063313819,792.7200798998243,2367.111396034803,106.97121099833016,0.0,0.0,1267.9871978546942,1627.1170825492622,386.766035541889,10.817531859383692,1188.6901200676416,0.0,0.0,0.0,0.0,0.0,80.94038281904994,60.97963877094118,86.9655695965632,0.0,0.0,0.0,0.0,0.0,0.4442379816573668,444.6078103028352,361.34923739072525,365.701806972822,248.23650076907302,1247.3871067189025,2953.569320136117,5159.221003363413,5591.04037929302,7999.395389763787,3643.161831062256,62966.61002349724,1642.9916313572105,1768820.9368886484,29.685997128840064,15.330218955578808,55.522659299384834,31.06296773876618,18.01571777709924,10.119897961531851,1.0
1.8057446356981846,18.740840988508122,3.118461057766799,827.9608068492893,2304.8089991774923,2086.530565362301,5.625535281751977,3.7995869924430696,4.9645356564695,1.0802688190539667,29.31687357321304,2.0863484805963712,22.29827454672936,4.947939344794005,0.0,0.0,0.0,0.22220797416003274,0.0,0.0,142.1695338057857,0.0,0.0,0.0,0.0,0.0,0.0,0.0,0.0,0.0,0.0,0.0,0.0,0.0,3150.2208332339337,345.9821205979955,2071.6281588921547,391.5947252763108,1053.4032392670083,942.7849988765363,3589.4537912872374,205.84364284525685,0.0,0.0,1241.9644512586688,1636.7089209102433,290.5953041338731,7.828602787503412,1391.3080736447955,0.0,0.0,0.0,0.0,0.0,56.26159281060541,23.20425588294591,57.358321032287975,0.0,0.0,0.0,0.0,0.0,0.39547022676315485,518.6091320117719,383.28263625854356,507.02995717858187,177.9995543889038,1735.308054245859,1719.359745593875,5425.993698208455,4974.748943350247,10417.60847209569,2781.234023195925,73926.55757509643,1436.8229047339923,2389312.005418483,6.557517816461457,9.647526228795616,77.27790102482716,24.703886769610722,14.747378818484263,8.244695122517728,1.0
2.210688090280244,22.846435033371037,4.239498279465458,464.031552086034,3488.6717010726306,815.7994354050375,6.470389455226398,4.486753888607117,5.856723275042114,2.5272919730601835,31.672448402548234,1.9948069274858335,23.396977316585048,3.66774820753058,0.0,0.0,0.0,0.8729248967775728,0.0,0.0,142.7992630946149,0.0,0.0,0.0,0.0,0.0,0.0,0.0,0.0,0.0,0.0,0.0,0.0,0.0,4124.395484009993,286.84935763596036,2540.5730404404367,436.59743905180216,1541.6293449349814,1102.838298820847,950.5197649738875,122.13984399331656,0.0,0.0,819.7446144558953,1901.2498438079326,277.87489921301045,12.348284259263465,1280.9540751741729,0.0,0.0,0.0,0.0,0.0,29.480114069231654,34.26130392223055,76.31268516790512,0.0,0.0,0.0,0.0,0.0,0.40000156967516015,404.6651959286836,408.60750429944073,593.2660126532785,246.23698928476716,1681.2765492732483,2689.253172725599,5736.504142210861,3610.488687203484,10792.89705900592,4141.837419023039,66119.82695118293,1352.7179194458822,2075440.7225539973,2.9512302861452255,14.15527333794569,69.20005680536045,18.76399807346153,13.195226756964555,9.443085686621087,1.0
2.6715907535615013,22.473262916492395,3.646920299038745,565.104979417006,2598.992771310783,1971.5422164021688,5.873967689901052,4.913040302832474,4.060401381155595,0.9282852000130094,28.356842408535968,2.463924210919697,16.23044565952165,4.019506258161329,0.0,0.0,0.0,1.1931890034016002,0.0,0.0,70.01764947654185,0.0,0.0,0.0,0.0,0.0,0.0,0.0,0.0,0.0,0.0,0.0,0.0,0.0,6188.3321384546925,572.4620519100522,2024.405569746458,472.36560085707714,1504.5360744494033,1031.0348136827724,483.76128236950126,211.6761052094797,0.0,0.0,1100.3955630753048,1298.608512366246,284.7630557100678,13.690564153062606,1277.787420118585,0.0,0.0,0.0,0.0,0.0,51.81817052755908,25.54341986091745,48.53035511391311,0.0,0.0,0.0,0.0,0.0,0.43779232446540267,364.8956098240828,304.4177263242227,639.9479599659861,227.04250256243077,1573.9955069574435,2934.5959231621723,6570.975828670862,5287.122080392028,10977.847296194815,4436.459235883673,61824.49163741081,845.1713834822822,1656316.0118469333,8.694215077620989,11.389751245428037,71.67238713951897,29.64449469823647,18.178595506731458,8.573766221802158,1.0
2.6864462306538432,27.70763885482328,5.646883462107809,601.4324386643439,2518.7959890878337,1364.826423229612,5.340368785854334,4.356525430273864,4.885947144085728,1.8841783058028274,29.172039246066383,2.8812996598618357,20.470116770148095,3.7001113626016977,0.0,0.0,0.0,0.4140195164952295,0.0,0.0,117.17606613992476,0.0,0.0,0.0,0.0,0.0,0.0,0.0,0.0,0.0,0.0,0.0,0.0,0.0,2849.0371502344474,593.889182331305,2530.442621142065,463.9439001504949,1537.904312363455,680.9333572543792,3637.514284599997,155.16585701942452,0.0,0.0,1148.7633809334334,1168.6519643077486,366.9534679933461,7.738147796793099,961.7734230475387,0.0,0.0,0.0,0.0,0.0,56.99597038663177,57.75399437335243,66.17982603521199,0.0,0.0,0.0,0.0,0.0,0.4388926743469548,407.19588190457415,396.03941106725586,458.69730816243543,247.6753063596687,1358.280891531481,2318.2990917414827,7906.785036230574,3847.8545519484987,9648.107590833813,3517.197393228066,73115.4112083601,1073.43885239502,1146047.7091227334,12.663543385301141,13.263398632497026,80.53788443634654,27.005286974381868,11.37306380249337,10.016113010168109,1.0
2.037348252655728,28.79267781084547,3.7277430118333603,909.2299191361168,2880.429396809009,1795.792887624084,5.665340018833058,4.479454263956798,4.839401508083689,2.1700451467791666,34.02783846252298,2.9848028370422606,18.19626825670445,3.8574748403349703,0.0,0.0,0.0,2.0852784307137116,0.0,0.0,122.37405508623553,0.0,0.0,0.0,0.0,0.0,0.0,0.0,0.0,0.0,0.0,0.0,0.0,0.0,4435.81938787141,486.8449637243746,1928.9074822082325,466.0480636067813,1639.165618367159,662.8834193086027,1749.7386137412236,253.41562796460224,0.0,0.0,1216.1354817020692,1365.6369298076665,301.08420779931157,11.957336450432614,1436.755332049479,0.0,0.0,0.0,0.0,0.0,38.645198583928355,30.470881862459088,87.03849615540639,0.0,0.0,0.0,0.0,0.0,0.3864592426889008,535.81942680622,458.4356939831449,447.9762210774848,235.88974407953089,1255.9564688938085,2417.7306502392853,5664.577930737489,4881.436964640857,11439.736745299575,2575.9421989647,43951.267109189605,1340.8048998850695,967816.0690479296,13.013595488164947,10.737246677360446,57.84075272350461,28.156398796344916,14.658906148294776,9.609849571878692,1.0
2.934771189256999,21.424265095789803,3.23117307968841,539.6678949487813,3955.6863650553614,706.6723958863483,4.855560243228871,4.623793744252292,4.246122672222774,2.3413421977365196,28.483551833620886,1.7654988551251576,25.08848159921593,4.280465965439273,0.0,0.0,0.0,1.4641939959938923,0.0,0.0,98.14897942995376,0.0,0.0,0.0,0.0,0.0,0.0,0.0,0.0,0.0,0.0,0.0,0.0,0.0,6251.147439817047,528.7449358873666,2561.0354450710893,522.4687112262195,1267.9377414465507,820.8161767708898,2677.848320261198,90.394133075376,0.0,0.0,1191.3754818120153,1307.5434240141658,342.4467664768535,8.365718587396906,1157.290436499133,0.0,0.0,0.0,0.0,0.0,54.38263406819309,74.57847562859511,86.86223520402241,0.0,0.0,0.0,0.0,0.0,0.44980289268918505,450.653632887828,299.3535858477396,447.36777915049737,229.88377525977086,1329.1524730587362,2708.353911782499,7730.826998576133,4154.164071312352,10465.864442347232,4570.130399293079,59793.67134584301,1016.7197136894262,2292100.658911309,27.170801162054623,11.15665504383647,71.32159200841413,21.090453216151868,18.350800058868117,7.893423856499079,1.0
2.2433283261158947,23.08810169332717,5.8681758204011025,747.0104775308747,4591.7007247254805,1210.6657743030619,5.452016662624311,3.136237580882866,4.481365952336445,2.2887450420099453,20.767330793461426,1.5171716077666755,25.93289140428412,4.485130094100793,0.0,0.0,0.0,1.0138460441205353,0.0,0.0,140.41079606057642,0.0,0.0,0.0,0.0,0.0,0.0,0.0,0.0,0.0,0.0,0.0,0.0,0.0,3015.9481234951077,532.8533579772377,2404.60794520952,474.2879191566948,1168.0900696369863,930.3647289965195,1110.0369575433374,102.1577115933508,0.0,0.0,808.0055376881675,1476.6984550253082,371.57830310556994,13.874913103017805,1515.4895108512333,0.0,0.0,0.0,0.0,0.0,60.753823946402335,41.68119270295949,54.73049308819876,0.0,0.0,0.0,0.0,0.0,0.4632267743684866,313.84391363776365,465.9924310664999,640.1140535366422,246.57850386129033,1809.1605662925824,2143.0024054574674,7630.359624067771,4818.196912660699,11053.329193943906,4245.404039844951,77494.7814839221,1577.831718176616,1623812.691872628,22.556197459158906,14.220156785698208,82.49402829179527,32.64479177052419,17.381928866204035,8.787404390124385,1.0
1.8698428281241135,25.80419802463192,5.5282368685954815,622.9506559486847,4509.433060367548,927.7673593983217,3.7732223141396144,4.144234187042213,4.052017613230469,1.3092542881383276,25.39065644037667,1.5278461437277209,22.29742722631455,3.7056042624907564,0.0,0.0,0.0,1.2531466408002574,0.0,0.0,98.04390283827598,0.0,0.0,0.0,0.0,0.0,0.0,0.0,0.0,0.0,0.0,0.0,0.0,0.0,3597.2415841691386,517.6430880102489,2314.796485777073,428.7837914657846,1168.6598315472352,755.3304541849275,1744.7205972917282,84.1704679554966,0.0,0.0,1241.000157014643,1316.0517092176544,354.1492407912243,8.086849760554632,1385.9310030256113,0.0,0.0,0.0,0.0,0.0,48.78097769782397,64.30786605423015,88.61595367598892,0.0,0.0,0.0,0.0,0.0,0.39146344570970687,446.36761263791533,444.2442334720836,576.3046662521647,194.19497836194685,1601.3433465522407,2932.8654470441265,6350.491827548143,5443.427004980926,12735.948237780183,4189.228337932065,65605.0401912843,1015.9658604887243,2304697.7233852525,11.908640711918306,9.5087649722953,82.65443193681332,20.562239474569356,16.4570418840695,9.453316699026066,1.0
1.8895988111165614,25.186268052893947,2.720763381932512,461.6689525935626,4691.322103335199,2054.7873208846845,5.746733517938294,3.1401439066766303,6.540738240584808,2.9042192760465975,25.05114219070958,1.4499477955983917,16.645300331277205,5.029473989160082,0.0,0.0,0.0,0.8449428461826467,0.0,0.0,83.1626551396194,0.0,0.0,0.0,0.0,0.0,0.0,0.0,0.0,0.0,0.0,0.0,0.0,0.0,6618.159045152715,474.40975569955015,2214.993292695165,507.435124778198,1166.1223722321809,983.7742555192506,-97.34969939495677,163.1468120758185,0.0,0.0,1326.6340339312799,1722.6322533615908,379.52765408046355,11.775815437688745,1241.2947325062898,0.0,0.0,0.0,0.0,0.0,82.90032585112398,45.23813971389449,78.18499335696539,0.0,0.0,0.0,0.0,0.0,0.4376870256363292,540.1405549430776,471.6643881854461,440.5845736402216,193.4045416599948,1354.5683590896726,1665.8545636420652,4168.851453937349,3181.2506548061892,8263.585550383008,4277.486910616079,75583.67047857825,1517.617279282066,1817700.8108029752,9.296590002779512,10.113420663815965,61.20194541945514,28.60392565027019,11.61584409127213,9.015215273158853,1.0
2.4211669368531776,23.10806173301332,3.7688994384704495,405.1543523910854,4604.875301128466,1304.2743534667452,4.426170778734951,4.196903497875555,5.132054024347231,1.5347645971108475,23.7620393391965,2.282752177900561,19.257605598245412,3.7335225883547123,0.0,0.0,0.0,0.8825368426033858,0.0,0.0,145.09403021374797,0.0,0.0,0.0,0.0,0.0,0.0,0.0,0.0,0.0,0.0,0.0,0.0,0.0,7853.286779440145,553.8342908647373,2464.696647736847,512.8195690076135,1210.5493028778646,1009.6718093666275,1213.66042652279,217.11967558227147,0.0,0.0,1258.5160705618782,1771.321740155363,301.94063566693376,10.415426487146476,1474.8641573946616,0.0,0.0,0.0,0.0,0.0,29.140711260945295,29.4694383885631,51.67481016629028,0.0,0.0,0.0,0.0,0.0,0.4784524278170525,326.68216287789807,408.181294862686,395.5367518845014,235.09306651220442,1504.3235831955826,1882.0690610657996,6638.765616180655,4370.161323388539,8600.418557723024,4633.6813267449115,65028.89487804192,1087.3705452081133,1624871.9222787162,21.91435769817292,13.387515338810218,80.51451568081656,26.41596112250142,17.921409343010904,8.204898598848398,1.0
2.2462254487976927,25.22484028797455,4.38477042319823,449.09237189069336,2100.40406706289,1665.3909138484705,6.368798929055798,5.08814711764624,6.858778090578214,2.3116965413891823,34.59341349608991,3.043830176742107,20.955343800529498,5.482588820794136,0.0,0.0,0.0,2.1681848129531884,0.0,0.0,136.99510376761512,0.0,0.0,0.0,0.0,0.0,0.0,0.0,0.0,0.0,0.0,0.0,0.0,0.0,7763.619601246612,555.4354086350612,1686.774711671774,456.5809614862942,1338.3482627232675,756.6080885836869,1176.9252829104703,75.28874484248398,0.0,0.0,1059.7490910800423,1110.7827099354088,259.87395653431645,6.9643187767865395,908.0271047443377,0.0,0.0,0.0,0.0,0.0,29.86179461169193,35.609109459107614,72.40697890416993,0.0,0.0,0.0,0.0,0.0,0.4041150395663397,472.03895695801816,443.58677150678193,566.4515232354406,209.42564879224895,1052.2377866408365,2476.276147931084,4096.387041026606,3405.8041746934487,7145.778107515642,4662.021659634478,56885.96815405602,1345.4963994544826,1296502.8638803414,5.848177103659503,8.822240244990656,82.78104381024485,22.919328272134607,13.450041136821584,9.52975544546444,1.0
