2.42,26.45,0.0,59.58,441.97,47.89,6.58,5.87,7.45,4.37,29.05,2.42,26.45,0.0,0.0,0.0,0.0,0.0,0.0,0.0,16.21,0.0,0.0,0.0,0.0,0.0,0.0,0.0,0.0,0.0,0.0,0.0,0.0,0.0,549.45,59.58,433.34,91.82,305.24,47.89,0.0,8.63,0.0,0.0,206.55,322.47,61.92,0.0,260.55,0.0,0.0,0.0,0.0,0.0,17.0,12.53,18.47,0.0,0.0,0.0,0.0,0.0,0.11,106.03,92.5,115.16,76.05,296.55,381.53,1264.95,829.87,2094.82,678.08,11875.76,304.74,318987.58,2.0,3.0,46.15,18.35,11.9,6.78,0.0
0.0,9.0,0.0,14.18,60.13,9.53,2.0,2.0,2.0,1.0,9.0,0.0,9.0,0.0,0.0,0.0,0.0,0.0,0.0,0.0,4.0,0.0,0.0,0.0,0.0,0.0,0.0,0.0,0.0,0.0,0.0,0.0,0.0,0.0,81.84,11.0,48.26,19.0,19.26,7.0,10.32,8.03,0.0,0.0,20.26,28.0,13.74,0.0,14.26,0.0,0.0,0.0,0.0,0.0,4.0,4.0,4.0,0.0,0.0,0.0,0.0,0.0,0.15,8.0,8.0,8.0,7.0,45.79,28.05,100.58,51.32,151.89,73.84,676.53,41.53,10144.0,0.0,0.0,0.0,0.0,0.0,0.0,0.0
0.37,4.05,0.0,6.26,15.53,8.63,1.11,1.11,1.11,0.37,4.42,0.37,4.05,0.0,0.0,0.0,0.0,0.0,0.0,0.0,0.37,0.0,0.0,0.0,0.0,0.0,0.0,0.0,0.0,0.0,0.0,0.0,0.0,0.0,29.79,3.68,4.42,1.47,2.95,8.63,10.21,3.53,0.0,0.0,2.95,4.05,1.47,0.0,2.58,0.0,0.0,0.0,0.0,0.0,1.11,1.11,1.11,0.0,0.0,0.0,0.0,0.0,0.25,1.11,1.11,1.11,0.37,8.11,4.05,16.58,9.95,26.53,12.16,133.74,9.95,3610.89,0.0,0.0,1.6,0.8,0.0,0.0,0.0
0.0,0.0,0.0,1.0,1.0,6.0,0.0,0.0,0.0,0.0,0.0,0.0,0.0,0.0,0.0,0.0,0.0,0.0,0.0,0.0,0.0,0.0,0.0,0.0,0.0,0.0,0.0,0.0,0.0,0.0,0.0,0.0,0.0,0.0,8.0,1.0,1.0,1.0,0.0,6.0,0.0,0.0,0.0,0.0,1.0,1.0,1.0,0.0,0.0,0.0,0.0,0.0,0.0,0.0,0.0,0.0,0.0,0.0,0.0,0.0,0.0,0.0,6.0,0.0,0.0,0.0,0.0,0.0,0.0,0.0,0.0,0.0,0.0,0.0,0.0,0.0,0.0,0.0,0.0,0.0,0.0,0.0,0.0
3.18,40.24,7.32,50.61,367.79,104.87,7.79,7.79,9.47,4.0,50.74,3.18,37.58,6.34,0.0,0.0,0.0,0.0,0.0,0.0,5.95,0.0,0.0,0.0,0.0,0.0,0.0,0.0,0.0,0.0,0.0,0.0,0.0,0.0,518.53,32.66,229.24,57.24,167.58,71.87,175.97,14.11,0.0,0.0,115.45,156.47,36.29,1.0,119.18,0.0,0.0,0.0,0.0,0.0,15.71,15.71,22.34,0.0,0.0,0.0,0.0,0.0,0.32,42.03,42.03,50.61,26.05,128.82,185.37,744.03,541.82,1285.84,314.18,8028.42,171.45,414191.47,1.15,2.0,83.78,17.02,18.4,5.42,0.0
0.0,8.0,0.0,7.0,49.0,3.0,2.0,2.0,2.0,1.0,8.0,0.0,8.0,0.0,0.0,0.0,0.0,0.0,0.0,0.0,6.0,0.0,0.0,0.0,0.0,0.0,0.0,0.0,0.0,0.0,0.0,0.0,0.0,0.0,59.0,7.0,48.0,18.0,24.0,3.0,0.0,1.0,0.0,0.0,18.0,30.0,12.0,0.0,18.0,0.0,0.0,0.0,0.0,0.0,2.0,2.0,2.0,0.0,0.0,0.0,0.0,0.0,0.06,12.0,12.0,12.0,6.0,74.0,61.0,160.0,110.0,270.0,135.0,1212.0,62.0,12584.0,0.0,0.0,0.0,0.0,0.0,0.0,0.0
3.11,16.87,9.95,12.58,67.24,47.63,4.53,4.53,5.79,2.32,29.66,3.11,16.87,9.95,0.0,0.0,0.0,0.0,0.0,0.0,2.05,0.0,0.0,0.0,0.0,0.0,0.0,0.0,0.0,0.0,0.0,0.0,0.0,0.0,127.45,12.58,54.0,30.87,45.37,47.63,3.5,9.74,0.0,0.0,16.95,25.47,7.21,0.0,18.26,0.0,0.0,0.0,0.0,0.0,5.58,5.58,6.79,0.0,0.0,0.0,0.0,0.0,0.87,8.53,8.53,11.32,6.0,33.03,40.39,99.55,70.5,170.05,73.42,891.0,26.97,12757.84,0.0,0.0,9.35,4.7,0.0,0.0,0.0
3.71,18.97,21.61,6.71,25.87,56.39,3.55,3.55,3.84,1.97,43.58,3.71,18.97,21.61,0.0,0.0,0.0,0.0,0.0,0.0,1.0,0.0,0.0,0.0,0.0,0.0,0.0,0.0,0.0,0.0,0.0,0.0,0.0,0.0,88.26,6.71,18.97,6.0,13.63,56.39,0.0,6.89,0.0,0.0,9.0,12.55,4.11,0.0,8.45,0.0,0.0,0.0,0.0,0.0,3.55,3.55,3.84,0.0,0.0,0.0,0.0,0.0,3.78,3.55,3.55,3.84,1.97,16.24,24.45,60.34,42.18,102.53,40.68,556.08,13.63,7989.92,0.0,0.0,4.08,2.2,0.0,0.0,0.0
2.0,26.26,0.71,18.87,137.08,29.42,5.74,4.74,5.74,2.0,29.24,2.0,26.26,0.71,0.0,0.0,0.0,0.0,0.0,0.0,4.84,0.0,0.0,0.0,0.0,0.0,0.0,0.0,0.0,0.0,0.0,0.0,0.0,0.0,185.37,18.87,127.89,20.42,97.92,29.42,0.0,9.18,0.0,0.0,85.32,112.34,20.13,0.0,92.21,0.0,0.0,0.0,0.0,0.0,11.87,9.0,11.87,0.0,0.0,0.0,0.0,0.0,0.23,27.03,24.16,27.03,11.71,113.66,100.08,494.11,364.0,858.11,213.74,4768.37,188.95,220746.21,0.0,0.0,23.68,5.88,7.0,2.0,0.0
32.58,168.82,21.37,35.87,202.42,29.92,39.29,31.29,43.89,29.0,222.76,31.58,152.82,14.37,0.0,0.0,0.0,0.0,0.0,0.0,1.0,0.0,0.0,0.0,0.0,0.0,0.0,0.0,0.0,0.0,0.0,0.0,0.0,0.0,268.21,34.58,152.82,20.26,119.18,22.37,47.5,12.05,0.0,0.0,89.68,129.97,18.68,0.0,111.29,0.0,0.0,0.0,0.0,0.0,39.29,31.29,43.89,0.0,0.0,0.0,0.0,0.0,0.16,39.29,31.29,43.89,29.0,32.0,112.55,536.0,361.16,897.16,144.55,6468.61,50.16,339090.92,0.0,0.0,26.27,2.35,5.7,3.7,0.0
3.08,36.66,3.42,214.87,1885.26,323.42,6.08,6.08,7.37,4.08,43.18,3.08,35.82,3.42,0.0,0.0,0.0,0.0,0.0,0.0,34.53,0.0,0.0,0.0,0.0,0.0,0.0,0.0,0.0,0.0,0.0,0.0,0.0,0.0,2410.92,170.16,1324.13,311.55,936.45,258.53,618.39,50.18,0.0,0.0,796.16,1007.16,213.53,9.79,783.84,0.0,0.0,0.0,0.0,0.0,24.58,24.58,33.29,0.0,0.0,0.0,0.0,0.0,0.2,214.53,214.53,253.61,159.84,685.16,1165.66,4200.29,3121.26,7321.55,1850.82,45097.26,846.68,1700080.63,0.0,0.0,278.6,94.28,83.38,46.05,0.0
0.0,0.0,0.0,1.0,1.0,6.0,0.0,0.0,0.0,0.0,0.0,0.0,0.0,0.0,0.0,0.0,0.0,0.0,0.0,0.0,0.0,0.0,0.0,0.0,0.0,0.0,0.0,0.0,0.0,0.0,0.0,0.0,0.0,0.0,8.0,1.0,1.0,1.0,0.0,6.0,0.0,0.0,0.0,0.0,1.0,1.0,1.0,0.0,0.0,0.0,0.0,0.0,0.0,0.0,0.0,0.0,0.0,0.0,0.0,0.0,0.0,0.0,6.0,0.0,0.0,0.0,0.0,0.0,0.0,0.0,0.0,0.0,0.0,0.0,0.0,0.0,0.0,0.0,0.0,0.0,0.0,0.0,0.0
9.0,61.07,10.43,122.32,714.07,224.68,10.86,10.86,12.86,6.57,80.93,9.0,61.07,10.43,0.0,0.0,0.0,0.0,0.0,0.0,11.57,0.0,0.0,0.0,0.0,0.0,0.0,0.0,0.0,0.0,0.0,0.0,0.0,0.0,1059.07,122.32,707.18,118.82,553.86,224.68,0.0,6.89,0.0,0.0,396.93,515.93,98.79,0.0,417.14,0.0,0.0,0.0,0.0,0.0,19.71,19.71,30.0,0.0,0.0,0.0,0.0,0.0,0.32,124.0,124.0,146.89,79.32,283.5,630.75,2382.21,1854.57,4236.79,914.25,27852.04,389.57,1181436.89,2.0,2.07,167.03,36.27,15.4,10.4,0.0
0.0,6.0,0.0,4.21,31.89,18.42,1.0,1.0,1.0,1.0,6.0,0.0,6.0,0.0,0.0,0.0,0.0,0.0,0.0,0.0,1.21,0.0,0.0,0.0,0.0,0.0,0.0,0.0,0.0,0.0,0.0,0.0,0.0,0.0,54.11,4.21,18.26,19.74,20.32,18.42,5.89,7.74,0.0,0.0,5.21,6.42,4.42,0.0,2.0,0.0,0.0,0.0,0.0,0.0,1.0,1.0,1.0,0.0,0.0,0.0,0.0,0.0,1.06,1.21,1.21,1.21,1.21,14.32,13.11,29.76,18.37,48.13,27.42,215.68,9.68,1725.47,0.0,0.0,2.4,2.4,0.0,0.0,0.0
2.26,31.11,1.53,110.03,1003.05,193.47,6.0,6.0,7.26,4.0,34.58,2.26,30.79,1.53,0.0,0.0,0.0,0.0,0.0,0.0,29.42,0.0,0.0,0.0,0.0,0.0,0.0,0.0,0.0,0.0,0.0,0.0,0.0,0.0,1302.5,110.03,940.74,254.47,643.29,193.47,22.37,53.95,0.0,0.0,483.92,660.26,130.34,24.45,505.47,0.0,0.0,0.0,0.0,0.0,35.42,35.42,41.53,0.0,0.0,0.0,0.0,0.0,0.21,178.34,178.34,211.34,124.97,517.37,817.32,2999.79,2249.92,5249.71,1334.68,31647.24,617.66,1193021.68,1.6,1.0,250.82,52.83,44.7,16.4,0.0
0.0,5.0,0.0,26.05,106.21,24.74,1.0,1.0,1.0,1.0,5.0,0.0,5.0,0.0,0.0,0.0,0.0,0.0,0.0,0.0,8.32,0.0,0.0,0.0,0.0,0.0,0.0,0.0,0.0,0.0,0.0,0.0,0.0,0.0,142.26,19.05,60.58,35.89,5.32,24.74,25.11,27.53,0.0,0.0,21.58,29.16,23.84,0.0,5.32,0.0,0.0,0.0,0.0,0.0,1.0,1.0,1.0,0.0,0.0,0.0,0.0,0.0,0.41,8.32,8.32,8.32,8.32,65.55,46.92,95.63,52.95,148.58,112.47,596.16,33.29,3241.79,0.0,0.0,0.0,0.0,0.0,0.0,0.0
0.74,12.05,0.0,8.16,57.18,4.0,2.0,2.0,2.68,1.0,12.13,0.74,12.05,0.0,0.0,0.0,0.0,0.0,0.0,0.0,3.68,0.0,0.0,0.0,0.0,0.0,0.0,0.0,0.0,0.0,0.0,0.0,0.0,0.0,69.34,8.16,49.76,20.87,27.58,4.0,0.0,7.42,0.0,0.0,18.26,26.32,9.16,0.0,17.16,0.0,0.0,0.0,0.0,0.0,2.68,2.68,2.74,0.0,0.0,0.0,0.0,0.0,0.08,8.05,8.05,8.79,5.05,54.08,49.45,138.47,97.29,235.76,103.53,1137.68,51.16,17149.97,0.0,1.3,0.35,0.35,1.0,1.0,0.0
1.0,11.37,0.0,7.66,48.03,6.0,2.37,2.37,3.0,1.37,12.37,1.0,11.37,0.0,0.0,0.0,0.0,0.0,0.0,0.0,3.0,0.0,0.0,0.0,0.0,0.0,0.0,0.0,0.0,0.0,0.0,0.0,0.0,0.0,61.68,7.66,40.21,16.74,24.21,6.0,0.0,7.82,0.0,0.0,12.47,20.21,5.74,0.0,14.47,0.0,0.0,0.0,0.0,0.0,3.0,3.0,3.74,0.0,0.0,0.0,0.0,0.0,0.15,7.74,7.74,8.47,4.47,45.53,43.68,112.55,76.42,188.97,89.21,928.24,38.21,12899.71,0.0,0.0,0.35,0.35,1.0,1.0,0.0
1.37,13.21,0.0,9.13,53.16,6.0,3.37,3.37,3.74,2.37,14.58,1.37,13.21,0.0,0.0,0.0,0.0,0.0,0.0,0.0,3.0,0.0,0.0,0.0,0.0,0.0,0.0,0.0,0.0,0.0,0.0,0.0,0.0,0.0,68.29,9.13,45.97,17.47,29.24,6.0,0.0,7.18,0.0,0.0,16.32,26.42,6.47,0.0,19.95,0.0,0.0,0.0,0.0,0.0,3.74,3.74,5.11,0.0,0.0,0.0,0.0,0.0,0.13,10.11,10.11,11.58,8.11,51.63,55.26,141.39,95.79,237.18,106.89,1226.11,43.97,18777.61,0.0,0.0,4.55,3.0,1.0,1.0,0.0
20.89,95.63,36.79,118.32,530.18,246.76,13.47,13.47,14.66,6.08,152.55,20.89,94.79,36.79,0.0,0.0,0.0,0.0,0.0,0.0,6.03,0.0,0.0,0.0,0.0,0.0,0.0,0.0,0.0,0.0,0.0,0.0,0.0,0.0,892.42,118.32,517.53,42.16,424.34,246.76,3.0,9.66,0.0,0.0,353.79,426.87,40.08,0.0,386.79,0.0,0.0,0.0,0.0,0.0,51.11,51.11,56.76,0.0,0.0,0.0,0.0,0.0,0.48,73.76,73.76,82.89,34.39,117.76,336.29,1499.45,1177.21,2676.66,454.05,20263.68,154.74,1430734.42,0.0,1.35,134.18,15.38,35.75,9.4,0.0
3.0,18.58,2.0,280.37,1167.68,563.18,3.0,3.0,3.0,1.0,23.66,3.0,18.34,2.0,0.0,0.0,0.0,0.0,0.0,0.0,57.29,0.0,0.0,0.0,0.0,0.0,0.0,0.0,0.0,0.0,0.0,0.0,0.0,0.0,1998.03,273.05,1090.5,199.95,748.11,562.61,51.47,34.18,0.0,0.0,660.55,828.92,186.16,0.0,642.76,0.0,0.0,0.0,0.0,0.0,8.68,8.68,10.68,0.0,0.0,0.0,0.0,0.0,0.52,169.11,167.11,191.58,96.03,781.34,1114.08,3027.29,2297.84,5325.13,1895.42,28986.11,735.39,563778.24,6.3,9.9,289.43,66.22,77.53,30.3,0.0
12.0,47.21,10.34,103.84,358.97,129.24,8.87,8.0,8.87,5.0,69.08,12.0,46.76,10.34,0.0,0.0,0.0,0.0,0.0,0.0,6.0,0.0,0.0,0.0,0.0,0.0,0.0,0.0,0.0,0.0,0.0,0.0,0.0,0.0,590.71,88.84,292.79,51.79,205.13,114.24,84.18,18.84,0.0,0.0,176.0,224.18,46.79,0.0,177.39,0.0,0.0,0.0,0.0,0.0,30.0,28.0,30.0,0.0,0.0,0.0,0.0,0.0,0.39,51.11,49.11,51.11,30.87,135.26,228.26,783.21,559.55,1342.76,363.53,8516.11,153.21,334878.82,0.0,0.0,45.8,17.0,9.0,5.0,0.0
2.66,17.63,0.0,96.5,411.21,196.26,3.0,3.0,3.0,2.0,21.29,2.66,17.63,0.0,0.0,0.0,0.0,0.0,0.0,0.0,10.68,0.0,0.0,0.0,0.0,0.0,0.0,0.0,0.0,0.0,0.0,0.0,0.0,0.0,701.97,59.61,200.47,49.37,121.05,108.32,327.13,20.24,0.0,0.0,121.84,155.53,37.03,0.0,118.5,0.0,0.0,0.0,0.0,0.0,6.97,6.97,6.97,0.0,0.0,0.0,0.0,0.0,0.54,33.68,33.68,33.68,24.0,168.84,177.34,590.32,425.68,1016.0,346.18,5283.79,194.87,157070.0,6.35,13.4,46.08,18.65,14.72,4.33,0.0
5.42,32.32,11.26,232.34,1078.95,813.63,5.0,5.0,6.0,3.0,49.03,5.42,32.32,11.26,0.0,0.0,0.0,0.0,0.0,0.0,33.11,0.0,0.0,0.0,0.0,0.0,0.0,0.0,0.0,0.0,0.0,0.0,0.0,0.0,2122.76,232.34,1070.13,127.74,823.34,813.63,0.0,8.82,0.0,0.0,655.92,829.89,114.39,2.45,713.05,0.0,0.0,0.0,0.0,0.0,18.08,18.08,22.08,0.0,0.0,0.0,0.0,0.0,0.76,175.11,159.42,204.92,115.58,516.92,999.66,3052.74,2331.92,5384.66,1516.58,31819.16,566.42,795813.84,0.0,1.9,309.65,62.92,43.98,24.65,0.0
3.55,33.82,3.18,276.55,2103.13,324.82,5.84,5.0,6.68,3.0,40.45,3.39,30.11,3.03,0.0,0.0,0.0,0.0,0.0,0.0,51.18,0.0,0.0,0.0,0.0,0.0,0.0,0.0,0.0,0.0,0.0,0.0,0.0,0.0,2698.63,247.84,1656.03,306.76,1262.08,292.32,433.32,76.53,0.0,0.0,838.55,1142.61,185.29,0.0,957.32,0.0,0.0,0.0,0.0,0.0,62.95,58.97,72.5,0.0,0.0,0.0,0.0,0.0,0.18,305.95,260.42,339.63,187.68,842.16,1602.97,4988.95,3768.05,8757.0,2445.13,57397.63,848.24,2521920.45,3.73,12.68,291.9,60.65,98.47,32.08,1.0
4.05,32.53,7.82,143.89,920.29,507.45,5.26,5.26,7.21,3.21,43.89,4.05,29.66,7.61,0.0,0.0,0.0,0.0,0.0,0.0,27.53,0.0,0.0,0.0,0.0,0.0,0.0,0.0,0.0,0.0,0.0,0.0,0.0,0.0,1563.32,136.84,801.89,146.89,577.29,506.11,104.87,23.39,0.0,0.0,429.45,575.66,115.24,1.0,459.42,0.0,0.0,0.0,0.0,0.0,26.34,26.34,36.45,0.0,0.0,0.0,0.0,0.0,0.6,147.39,147.39,194.74,92.58,493.61,729.21,2622.53,1963.11,4585.63,1222.82,27868.39,597.61,1098479.82,0.7,0.0,122.15,43.73,29.43,13.93,1.0
3.0,27.32,6.61,301.66,1891.79,1059.66,5.26,5.21,6.0,2.08,37.03,3.0,26.71,6.61,0.0,0.0,0.0,0.0,0.0,0.0,66.29,0.0,0.0,0.0,0.0,0.0,0.0,0.0,0.0,0.0,0.0,0.0,0.0,0.0,3240.0,300.39,1818.21,355.55,1307.37,1045.97,56.55,32.5,0.0,0.0,984.92,1335.34,257.18,3.0,1075.16,0.0,0.0,0.0,0.0,0.0,22.82,20.82,26.32,0.0,0.0,0.0,0.0,0.0,0.57,354.53,352.53,406.53,191.63,1146.11,1704.63,5717.18,4343.58,10060.76,2850.74,59642.71,1352.66,1984351.84,0.0,0.1,317.35,103.72,132.32,41.42,1.0
7.39,57.79,5.24,84.0,548.18,142.32,10.26,10.26,12.0,7.0,70.53,6.97,53.76,5.24,0.0,0.0,0.0,0.0,0.0,0.0,9.0,0.0,0.0,0.0,0.0,0.0,0.0,0.0,0.0,0.0,0.0,0.0,0.0,0.0,774.5,81.32,484.42,72.32,381.74,141.97,44.55,22.24,0.0,0.0,319.71,412.05,70.55,0.0,341.5,0.0,0.0,0.0,0.0,0.0,29.61,29.61,32.68,0.0,0.0,0.0,0.0,0.0,0.29,93.0,93.0,110.84,66.5,210.53,439.13,1651.47,1242.92,2894.39,649.66,18991.92,285.11,766753.24,0.0,0.0,73.38,25.12,28.48,6.8,1.0
3.0,27.34,5.74,68.11,397.68,221.37,4.47,4.47,5.32,2.0,36.0,3.0,27.34,5.74,0.0,0.0,0.0,0.0,0.0,0.0,14.18,0.0,0.0,0.0,0.0,0.0,0.0,0.0,0.0,0.0,0.0,0.0,0.0,0.0,687.16,68.11,391.68,57.16,292.0,221.37,0.0,6.0,0.0,0.0,249.05,314.92,54.84,0.32,259.76,0.0,0.0,0.0,0.0,0.0,12.11,12.11,15.39,0.0,0.0,0.0,0.0,0.0,0.57,66.82,66.82,76.42,39.66,227.76,348.29,1136.45,873.97,2010.42,576.05,11050.05,279.74,255537.5,0.0,1.0,116.25,31.43,27.05,11.75,1.0
4.805789690754429,40.42577752620704,6.218732240927162,103.13419151310912,1188.6490265881744,270.0663228617757,6.42611296244532,7.770854841338226,7.853469948429383,3.291868954480728,46.53099836538149,4.556338591408523,36.352531768430275,5.906148055715906,0.0,0.0,0.0,0.0,0.0,0.0,51.88484413444516,0.0,0.0,0.0,0.0,0.0,0.0,0.0,0.0,0.0,0.0,0.0,0.0,0.0,2661.1004735893366,239.50580453741907,1472.476649967989,206.28748288098834,923.6494862396994,254.033984755397,158.4998295907323,44.81099709201887,0.0,0.0,344.2451575006496,642.6858682488186,122.76021495485503,1.7361174258745478,749.920907384723,0.0,0.0,0.0,0.0,0.0,34.800409434382644,33.18562845558225,36.958502540777666,0.0,0.0,0.0,0.0,0.0,0.5754638727033992,181.49210618828957,254.1544859458045,192.21249275388334,164.41044063413455,567.3491027579878,1305.5788554476426,4615.166066063384,2558.1167532654513,3864.212156423181,1032.750197308859,41141.10844348883,493.85707826526266,1891533.1384983636,0.13196664172943207,6.327266761300979,243.0730236315624,56.456486411261636,85.32775625085372,30.86250344777451,1.0
5.406833475943829,25.83932149193537,6.892804641703581,258.5395161258614,1074.4412516520802,727.3866670323812,5.862285079518245,7.388991485162489,6.719007114466312,2.5842553215142785,40.701943199252646,5.369991516957058,36.3967505997594,5.243190354694965,0.0,0.0,0.0,0.0,0.0,0.0,24.652728053775384,0.0,0.0,0.0,0.0,0.0,0.0,0.0,0.0,0.0,0.0,0.0,0.0,0.0,1490.8094193688669,206.49930906749083,1506.2440680581835,175.0761255170368,788.0801829755692,600.2329477882915,131.83159747560495,42.695715836880225,0.0,0.0,418.6648214281616,794.838685936395,142.54997016004293,1.5549046293975128,466.14225175966163,0.0,0.0,0.0,0.0,0.0,43.954315720968616,30.051719508496888,45.52902931388432,0.0,0.0,0.0,0.0,0.0,0.29291594906647345,251.7242908710481,245.97384107869948,124.60435904828864,165.33124963145974,759.1640682263628,468.23019174894426,4002.4389355520034,1726.4220555035085,5927.179791814215,2145.642369580012,26387.626527478962,829.9700514282092,873326.1382376235,0.20787028198624014,3.655811036076511,188.37106532321633,42.02750040277173,81.14423074017225,22.626786958905107,1.0
3.751242074891528,27.063426954898027,6.998011997899793,126.34284914934948,785.46017630123,666.255259907708,7.646473406546068,6.581740209878356,8.224924772770525,3.6214131392275037,52.431122541502894,3.1369116788994544,30.070599200901825,5.197991923590614,0.0,0.0,0.0,0.0,0.0,0.0,34.714224378163166,0.0,0.0,0.0,0.0,0.0,0.0,0.0,0.0,0.0,0.0,0.0,0.0,0.0,1768.3818735591403,96.6829381544354,637.6216364374732,115.98863421907663,756.9698573799292,699.5502046708937,42.866313812077124,31.86740870113045,0.0,0.0,638.8173424733727,887.1982603249869,122.9161211369673,1.6646755603260357,777.5996363677656,0.0,0.0,0.0,0.0,0.0,39.78800104298148,38.30494862975725,53.2714624826131,0.0,0.0,0.0,0.0,0.0,0.32753448174968336,219.4850891719572,104.27165184911026,275.11073995500567,84.91815830083415,404.4014748647422,1084.6317014657138,1979.769680200955,2813.4271606492666,6397.254781405025,1614.0690158902223,32931.93595944255,321.34923846543904,640880.8695469294,0.9868842124742192,3.330709164609711,191.27280621415144,76.03329719763727,92.57162235811873,27.81763122018898,1.0
4.3610738489818495,31.897952752097222,6.446069460992821,186.33018842615854,1445.2867382350491,665.9921622766115,5.310191784046513,6.543366648595631,8.767103898454597,2.537403112753356,43.87887870647363,5.164777816476109,37.84331133383706,6.937468631342613,0.0,0.0,0.0,0.0,0.0,0.0,42.487048585125635,0.0,0.0,0.0,0.0,0.0,0.0,0.0,0.0,0.0,0.0,0.0,0.0,0.0,1257.473781231737,217.3333336031726,1453.1372136060727,182.35719459950843,865.2877797864975,726.4093516037996,186.7408397192424,16.034156753905492,0.0,0.0,567.4819086999878,655.1615096740732,89.18468497971598,1.666923023705556,788.275187968225,0.0,0.0,0.0,0.0,0.0,29.42089879993258,33.15888196102074,21.124301520446192,0.0,0.0,0.0,0.0,0.0,0.39801525255785786,131.57843945685553,192.43342549908175,173.1037332909466,136.07313304293916,715.4448859692477,1218.0379795922806,2265.2149105485505,3340.773387172698,5312.01227295274,1263.1000217804112,51751.03476000544,969.9992915148762,931966.4973250274,-0.11612639799565011,7.107857709985918,189.74087912388183,34.74856403485669,41.06645793599423,31.717499642238238,1.0
3.5098353944734146,41.85295049799967,4.7241844793121714,141.62856434100695,607.1582401684235,333.54706526231246,4.864910122151379,6.5531462176533335,8.70136728476795,4.777199563143936,51.02947570909308,4.09483531801917,34.69696194027651,5.184968397953273,0.0,0.0,0.0,0.0,0.0,0.0,26.300955047300278,0.0,0.0,0.0,0.0,0.0,0.0,0.0,0.0,0.0,0.0,0.0,0.0,0.0,1517.9665369213994,197.85357764423333,1431.0193784443168,112.5611751578571,419.4296921824748,387.55825273148434,-0.1349751309219709,49.04628671077907,0.0,0.0,570.620574786647,507.4943281620961,172.98842979300548,0.23420355541755855,484.47107030894483,0.0,0.0,0.0,0.0,0.0,35.399007885014136,33.697967217732185,35.03438384034149,0.0,0.0,0.0,0.0,0.0,0.3842500421955008,255.74280889207907,222.56847006790866,165.80153723060658,75.21484536352958,572.8380006290024,1401.9901087471173,4296.764193310951,3220.9692493275816,8361.053466271802,1680.741815741507,25028.6930814561,980.5399322202472,1933345.4011082626,0.04681094555565318,5.695841022268617,200.28683758035584,39.004962665653075,91.2085277746967,14.997273055232132,1.0
5.210672236094503,43.417345706863415,4.993162108215127,222.97472188914483,1136.439585953155,442.21584146753037,6.821002286198793,5.499493822123586,8.1824341223912,3.7790571921715075,40.88982194113514,4.749389557542579,33.80638475731487,6.781787505787534,0.0,0.0,0.0,0.0,0.0,0.0,51.651818524650416,0.0,0.0,0.0,0.0,0.0,0.0,0.0,0.0,0.0,0.0,0.0,0.0,0.0,1246.053831456719,127.81945808611141,938.3238505463876,284.53341378076243,934.6760481462177,424.8629905916918,220.03889996218777,40.317032798400604,0.0,0.0,756.7923961563895,502.7281063856748,79.00559840536076,0.6840986403629903,470.81841898932373,0.0,0.0,0.0,0.0,0.0,17.397454591735467,31.863591620618898,26.221604203352904,0.0,0.0,0.0,0.0,0.0,0.37349268183342765,134.257769227059,166.84917195163115,258.7290223163944,163.3206619551165,563.4887177365954,1044.3852176456862,4355.616006935938,2222.245343474442,7650.489436100296,939.1632066894434,40714.77873051159,580.6530275945536,1061462.5509972642,1.9495396060067278,1.691913419447444,181.8651495745999,31.22735768944777,76.03279962155588,12.341914261868741,1.0
2.789036506879338,44.8077392137608,5.605244811003988,200.19724753889125,1528.1212530610403,519.9235362699644,7.846089958467786,6.435375963478409,6.557469393863382,4.839605418498997,46.20465897301043,2.8095777091868785,27.286933861334205,5.619201899773062,0.0,0.0,0.0,0.0,0.0,0.0,34.92612313839321,0.0,0.0,0.0,0.0,0.0,0.0,0.0,0.0,0.0,0.0,0.0,0.0,0.0,2538.5561913205147,215.91625644383197,1472.8730213815434,288.1579805178375,706.6335829740373,186.75465212930476,120.99823152910155,43.508916842321995,0.0,0.0,671.6282517966176,622.2051260752072,75.66589173752232,0.4914713124899637,759.808972412675,0.0,0.0,0.0,0.0,0.0,33.2297214334706,17.681109507460413,21.6709676328419,0.0,0.0,0.0,0.0,0.0,0.4670842861807933,239.31998662584164,213.54506665920945,224.5492050556787,124.59317127095959,494.324574312398,1224.1033816424188,2829.4809863680275,3097.9626645271655,4047.7468202110877,925.8115278716512,31948.049803277718,592.3921342182912,649644.7580184996,0.8084332729033432,1.1258857819568555,193.98720627665796,42.5009729493684,73.87108784016544,26.62464599147894,1.0
5.258066358257633,38.477336844466095,5.07772024368686,142.4458422060202,1436.1331234125796,270.314209722714,4.654508866941151,5.122963131509758,8.151541785731709,4.1115683942619725,48.636424010061745,4.473027554559958,28.179383925624215,6.436602384247471,0.0,0.0,0.0,0.0,0.0,0.0,50.28389317369698,0.0,0.0,0.0,0.0,0.0,0.0,0.0,0.0,0.0,0.0,0.0,0.0,0.0,2456.099398987808,215.327775393857,1255.1244598839912,111.35356257048127,957.3377476861203,504.5158954092193,11.612075075336893,12.143495939914512,0.0,0.0,625.8323939921152,691.4135175779877,143.11467584640747,0.5909078503198738,404.3602191398406,0.0,0.0,0.0,0.0,0.0,33.67982416286314,21.418202772972236,42.859477773728706,0.0,0.0,0.0,0.0,0.0,0.42120510650049586,278.7567216080025,200.6343841290739,327.1515872289904,69.18162682613139,550.6270401690167,1364.4307175542122,3892.9565918813305,2934.922277387718,7877.081732239817,2198.9775075103325,24809.804109047844,944.8777892610406,1643210.6862440458,1.3702169731381142,3.651972658844381,209.44603876920098,36.34805727206196,48.914683445038875,32.76660774754866,1.0
3.3747945039895226,44.07147108286934,6.2062361042832705,135.6844577210133,627.0899680776699,589.6053215662912,5.990235224766352,7.849486253330728,6.185551698457642,3.300137967559243,53.39677946926804,2.8551052573177484,27.482402103648045,5.323070490093826,0.0,0.0,0.0,0.0,0.0,0.0,21.213453631784276,0.0,0.0,0.0,0.0,0.0,0.0,0.0,0.0,0.0,0.0,0.0,0.0,0.0,923.8154188480879,93.98218983419663,945.696138151792,132.8827540474844,461.98723535931555,649.6279565381774,50.6266411992603,22.451752747307445,0.0,0.0,522.872618345836,662.6344322115191,144.35888026473214,-0.09566044024853751,692.1531222629251,0.0,0.0,0.0,0.0,0.0,42.35193694257292,27.45996301003639,53.334513000361504,0.0,0.0,0.0,0.0,0.0,0.43862211111920707,259.5493089545653,269.447558703837,278.21474349437057,165.89985279098656,271.78360712414883,617.6750527481145,3552.08627540647,2492.411482170837,7240.00335046501,1830.6149567311222,23795.1436505078,626.9762794242158,1994460.780918886,2.099462934624685,6.541832243028292,101.70611212048732,34.96362346542564,49.71619249681213,17.8661470879389,1.0
5.3425558238987625,34.34370189768978,6.758295612775111,110.8423715411711,1321.3216900556247,234.10617192838907,5.0925096045499245,6.425781136727954,6.799780568702967,2.693334852131084,55.57716833632115,4.066821932627008,40.14639844336519,4.903280206617032,0.0,0.0,0.0,0.0,0.0,0.0,37.12091492363322,0.0,0.0,0.0,0.0,0.0,0.0,0.0,0.0,0.0,0.0,0.0,0.0,0.0,1531.0363644530153,232.00168232921652,1163.019431296868,157.28156074578646,522.6749198764863,427.4241591811401,152.2487079144335,26.34400947839277,0.0,0.0,657.752977900137,1007.8260571102128,128.71957513452804,1.5204220751174857,726.4368611705438,0.0,0.0,0.0,0.0,0.0,40.26152818592325,19.856356801701367,20.398756521375393,0.0,0.0,0.0,0.0,0.0,0.377347486533676,280.6378629858743,165.72951182225324,173.23228684269793,150.71709711480761,517.7931457253255,1466.6291392336173,2922.175641641572,2410.0986529415777,3688.6476599640932,761.3016661887496,32093.975867338777,892.9512390274115,1201331.3657424878,1.0728765298210614,1.4661421396608416,213.80803270462724,56.55193287967461,32.049547378410836,31.27038619900336,1.0
2.889207618496448,43.817271659217226,5.05122590840625,152.62087603698103,1761.902038079188,197.5268126025011,5.5586005484934375,6.903254756361713,6.8570045683265874,4.783862499987411,43.81340718806763,4.387108164476476,26.130637211829946,4.751540203704748,0.0,0.0,0.0,0.0,0.0,0.0,20.504990790875752,0.0,0.0,0.0,0.0,0.0,0.0,0.0,0.0,0.0,0.0,0.0,0.0,0.0,1387.5017462552496,136.3796569772106,969.5016175509427,110.44900835341019,884.5849884381039,403.7788660459865,9.43060476927813,30.643103732049326,0.0,0.0,708.8170230990322,410.58665810067953,157.97828889093947,0.9592472995471988,477.4698211105178,0.0,0.0,0.0,0.0,0.0,41.744015019067675,25.92888289705615,27.330676744463624,0.0,0.0,0.0,0.0,0.0,0.4246655991650161,189.36747791742079,107.51665048185664,221.94892382299867,167.01382115821914,373.0972345889776,793.1405632170763,2677.9519022367913,1351.811806768865,7560.675457567384,1067.4314631785571,25614.21070431656,835.8415077409434,1524133.9679932226,0.8606730403728942,0.824731326179041,162.13263970889415,36.29058894104819,36.00914479951069,23.391980929187312,1.0
2.7969115978438697,39.525221352197484,6.31808797662167,228.1551245209606,1067.3030401983144,169.85226494746317,6.891061135117466,7.223691402953172,5.934486022202152,3.2583060323794495,52.06989169787279,3.5861365379538883,35.18046115717996,5.13789244715242,0.0,0.0,0.0,0.0,0.0,0.0,51.82063740015956,0.0,0.0,0.0,0.0,0.0,0.0,0.0,0.0,0.0,0.0,0.0,0.0,0.0,2513.0868049163773,121.21613395545478,657.9198562352994,222.29231934850236,1023.2341677844979,353.48282964281054,95.66646598398404,20.97556715006217,0.0,0.0,470.23197369814125,535.7876269504517,169.30780404994175,1.470719335545156,609.7367598158025,0.0,0.0,0.0,0.0,0.0,40.34850512393229,33.99476638239767,51.58755425625452,0.0,0.0,0.0,0.0,0.0,0.3916238420648754,152.8651030744592,114.5869513565409,129.51114562382998,160.09987793324086,848.8986390837094,1235.0564330645016,2122.231087274691,1992.1785787011986,5927.842892209804,1772.0691779769238,33053.329124863354,353.70687328771413,1794994.9041485188,0.8821901870919711,5.264997255755656,236.4987298358301,56.17048497831945,30.258565474587655,13.30710775778147,1.0
3.711774941917885,40.79562812708729,4.779286193463131,248.21298202048948,1056.1535560454442,301.2645960762513,5.90758708966491,5.2546486762490785,7.442771375585747,3.327619578804609,37.92786293062084,3.5029176327068923,35.41568650045319,6.310819927914396,0.0,0.0,0.0,0.0,0.0,0.0,43.53570360101882,0.0,0.0,0.0,0.0,0.0,0.0,0.0,0.0,0.0,0.0,0.0,0.0,0.0,2069.3822643286676,228.20681575184335,1440.199923254208,198.78765290096766,1064.230237592595,165.85582269607002,196.4380573364507,29.34305826092706,0.0,0.0,711.7359784468824,604.2610893852831,130.65450580180857,0.27799626706718433,438.30032083319355,0.0,0.0,0.0,0.0,0.0,30.930437377064067,28.489094565227887,23.940404195251258,0.0,0.0,0.0,0.0,0.0,0.2966685287642618,167.01710711046996,120.28251380831253,135.63442883196876,143.9295908325156,332.2000658329878,1249.3183899803182,3651.935551343378,1610.459493835975,5439.671344083625,1777.105407870276,43156.99281047921,872.2867807745115,1105497.5277917874,1.4694970482223373,1.8329645612010173,264.0561894943087,47.585796377038605,29.830184054265928,16.005699580678883,1.0
3.09437181549899,27.28999454471253,5.715301890233481,212.77113772279256,1554.1681246336339,733.1032584789523,7.1297159670460974,4.322952450405438,5.421992238787365,2.7187585393920903,45.951600562346506,4.864848651390066,31.603632420596536,6.067220684358349,0.0,0.0,0.0,0.0,0.0,0.0,33.54714578697539,0.0,0.0,0.0,0.0,0.0,0.0,0.0,0.0,0.0,0.0,0.0,0.0,0.0,2128.2501090993264,223.46439945139883,653.7842947571291,182.02132514811177,512.7723956675292,261.938718102933,146.66826718982674,47.23760648127902,0.0,0.0,311.46003053815423,782.9022089369955,189.01284766304448,1.5428173567967245,747.6119085000455,0.0,0.0,0.0,0.0,0.0,45.720296296034554,24.025200599437696,37.65649521579911,0.0,0.0,0.0,0.0,0.0,0.5852092077606796,243.48169100736192,177.81270112903022,315.82252239768525,149.78971216061527,434.3260951426617,650.5409938424125,2966.7146268798206,3619.053731059209,4049.011445564136,2123.329907846268,32864.39315341944,403.48966220467474,867497.852826609,1.1041407882925975,6.553586587223217,139.4287913535913,46.47760403753264,52.0076518793093,30.996982349736324,1.0
4.373830989994641,29.446855000916504,5.892566353911329,202.04873124864343,605.5036620055101,451.2046073699119,5.492995558950383,4.966336182287929,6.2651824853240425,3.9904546814484982,48.617684130033325,3.043973144646314,30.612555886661724,4.478404430286513,0.0,0.0,0.0,0.0,0.0,0.0,14.605171107294629,0.0,0.0,0.0,0.0,0.0,0.0,0.0,0.0,0.0,0.0,0.0,0.0,0.0,1933.4164066089531,137.19489946360756,1109.2191837200908,168.40873856792115,915.3064953336504,455.2562529014831,29.65714542202089,27.946460081067272,0.0,0.0,485.7464851387528,680.820057324747,146.9421806349565,1.1546481487585225,399.67074267104147,0.0,0.0,0.0,0.0,0.0,43.451635072676986,23.075474555607585,29.526697790771625,0.0,0.0,0.0,0.0,0.0,0.4705633380559271,205.26039886740858,141.38696596954156,322.10197180991094,64.07519512797694,884.0649779753996,1292.9661861618933,2242.4381947020893,3174.326234073046,7561.515017317527,812.7479501793126,36114.551491471284,535.1288084657142,1571632.5510229622,0.03089015379652954,2.5839260360998737,197.22756942268992,50.201013690929074,38.0562512428926,23.833964431439206,1.0
5.547509985387574,43.13595472070646,6.484627663646741,154.74401113386168,1652.3811844731372,316.49550728318206,5.858255643722481,4.895122119051015,8.69109103513145,4.018949885003787,44.01287096260599,3.3662464777165715,34.762718274039635,4.333906600641145,0.0,0.0,0.0,0.0,0.0,0.0,31.37781679628593,0.0,0.0,0.0,0.0,0.0,0.0,0.0,0.0,0.0,0.0,0.0,0.0,0.0,2563.6930059356455,207.86893750452856,1501.9964504580325,234.61436075032395,1085.208714777333,279.89472118636087,84.78175630091344,27.215461655467962,0.0,0.0,552.2295385101124,1059.4446656444031,83.03930388155251,0.7158824883768831,846.8652171431553,0.0,0.0,0.0,0.0,0.0,26.556904480923613,24.174020662364953,40.71808980761216,0.0,0.0,0.0,0.0,0.0,0.35640193002593473,200.96369420840188,228.1678215698415,191.03575328372526,152.7973117881699,821.207565699239,1201.6411289552263,4060.1906343185947,2196.6556318897574,2969.3221153775676,869.3273527300755,40660.78418934725,463.2450049157128,626172.6468375884,1.9723003766400733,6.335680538634193,156.29819386931905,54.27247671040908,89.24898947135948,21.92455362357383,1.0
4.851187936431684,26.775185685240555,6.162781889238207,113.19599277963944,995.1295864336852,551.3148914465746,5.117027623705509,7.587185302457465,8.860392832296014,2.2476286045071863,43.234762687934946,3.771102344835165,27.211622070453824,6.598715449457464,0.0,0.0,0.0,0.0,0.0,0.0,45.38168776129686,0.0,0.0,0.0,0.0,0.0,0.0,0.0,0.0,0.0,0.0,0.0,0.0,0.0,1109.8791513335987,214.3627897866429,699.7282977066002,133.59393556294833,511.7400181955675,157.6928582281942,17.731900430538325,11.850897883519062,0.0,0.0,309.6699774770546,1092.193478855666,100.10963591127843,1.229719327532931,581.0190101633539,0.0,0.0,0.0,0.0,0.0,33.27318456093411,24.138277180941756,37.81959559010622,0.0,0.0,0.0,0.0,0.0,0.36866224322687696,191.19432790179616,271.58711498968233,260.5140934711274,69.34800358314946,568.0704652254589,857.533870143283,2977.151968576628,2642.100903652312,5230.268114914733,1576.12299343758,43875.24720313918,559.6056645562079,1693384.8852388219,1.382080613654018,1.1666792934536128,137.47774495658288,76.5934809224139,79.2057467357281,13.034122342504114,1.0
5.374278640945056,40.918088534721164,6.134140225031421,205.65608953461455,1604.1521923701362,213.27087420527047,5.046527954700149,7.630988377557388,8.276385066690935,4.796804165970444,44.91376877681064,4.618989178936713,39.03660265267658,5.693641649194519,0.0,0.0,0.0,0.0,0.0,0.0,22.5240072827731,0.0,0.0,0.0,0.0,0.0,0.0,0.0,0.0,0.0,0.0,0.0,0.0,0.0,1224.862245009223,137.44455027469945,867.0305857196479,148.4216000699774,1090.2836879859617,595.6493472552258,55.875053061922486,15.177352885342515,0.0,0.0,669.7158278383729,629.4474899055721,201.58828751772313,0.5279173838719701,864.5364402378209,0.0,0.0,0.0,0.0,0.0,21.904201182671883,24.103572286983447,41.69036013551781,0.0,0.0,0.0,0.0,0.0,0.30729533759484917,182.2305126170085,214.2648729251059,236.28354743631655,114.41707440158712,529.8154634688008,1356.0914747518846,3778.6859096411836,2892.876901023071,6957.565704213167,2017.7370316475335,37322.82894966666,902.172879551373,1955725.4526606784,-0.0013843986039334677,0.30586085636367377,245.94781641762768,60.99214655680359,96.13943376217037,17.24686449662935,1.0
5.411652791708024,32.451708241187475,6.123364991055761,92.14084199201918,1683.5068381643428,364.01526646323146,4.87382470522973,5.478274759207567,8.418457327747415,2.305503300770318,42.84200873084439,5.291743787964344,38.89870673563728,6.741626295912541,0.0,0.0,0.0,0.0,0.0,0.0,45.02870653697557,0.0,0.0,0.0,0.0,0.0,0.0,0.0,0.0,0.0,0.0,0.0,0.0,0.0,1748.0246707972738,175.7072480793698,626.1629202299368,279.4755220951967,761.0334832075032,463.2463700094469,21.53502832981345,37.09081682794904,0.0,0.0,343.40512819147847,966.8172564643378,76.87142287170995,1.820975291220114,470.8392706864362,0.0,0.0,0.0,0.0,0.0,34.92980991714127,25.966434065757902,27.64264579678159,0.0,0.0,0.0,0.0,0.0,0.3891207949524947,101.62780696679168,213.50547801011788,157.16757387568643,108.97957129841899,716.2221816507131,1228.5630585693564,4074.782668570907,2769.0333828372627,5972.331519303567,924.9512319315106,18737.98896183496,887.5870305772883,833066.4513194712,-0.2822661587500758,1.2518734638916005,200.73547113465844,49.98085718015684,56.48803707005983,30.835395467729853,1.0
