4.79,29.66,2.53,69.03,365.76,153.18,7,7,7.63,4.71,37,4.79,29.66,2.53,0,0,0,0,0,0,11.47,0,0,0,0,0,0,0,0,0,0,0,0,0,587.97,69.03,345.76,66.13,249.08,153.18,0,20,0,0,193.53,271.79,57.89,1.58,212.32,0,0,0,0,0,16.53,16.53,16.53,0,0,0,0,0,0.45,79.66,79.66,84.84,59.47,214.05,264.05,1054.79,747.18,1801.97,478.11,10334.34,291.68,454498.71,0,0,53.85,20,8.38,5.38,0
4.21,20.82,3.26,646.16,2577,1098.39,4.61,3.95,5.47,2,28.11,4,20,3.21,0,0,0,0,0,0,101.53,0,0,0,0,0,0,0,0,0,0,0,0,0,4303.89,578,2046,374.47,1406.55,1058.05,528.82,113.32,0,0,1133.87,1572.66,343.89,6.26,1222.5,0,0,0,0,0,52.37,19.58,55.84,0,0,0,0,0,0.54,448.55,396.63,521.92,254.16,1581.71,2009.89,6197.5,4322.11,10519.61,3591.61,59001.21,1587.11,1459263.82,2.17,5.72,439.18,128.82,97.33,43.88,0
1,10,0,86,448,207,2,2,2,1,12,1,10,0,0,0,0,0,0,0,36,0,0,0,0,0,0,0,0,0,0,0,0,0,741,76,405,114,206,207,47,7,0,0,197,267,89,0,178,0,0,0,0,0,7,7,8,0,0,0,0,0,0.51,73,73,77,49,467,410,1153,784,1937,877,9402,413,156097,1,1,102,42,12,8,0
2.3,14.09,2.27,40.85,167.61,67.36,3.3,3.3,3.3,2.3,18.61,2.3,14.09,2.27,0,0,0,0,0,0,6.3,0,0,0,0,0,0,0,0,0,0,0,0,0,275.82,29.33,90.24,17.09,57.58,67.36,60.39,28.48,0,0,51.61,69.03,15.67,0,53.36,0,0,0,0,0,5.85,5.85,6.48,0,0,0,0,0,0.78,18.06,18.06,19.97,14.18,82.55,87.45,270.82,188.09,458.91,170,2376.58,81.33,53584.64,0.66,1.97,30.66,7.94,6.69,3.4,0
3,17.8,2,62.3,277,41.2,3,2.9,3,1.9,22.8,3,17.8,2,0,0,0,0,0,0,11.6,0,0,0,0,0,0,0,0,0,0,0,0,0,380.5,62.3,252.6,85.6,161,41.2,0,24.4,0,0,138.5,174.2,54.2,0,120,0,0,0,0,0,5.9,5.5,5.9,0,0,0,0,0,0.16,32.8,29.9,34.5,24.6,186.7,234.9,650.4,419,1069.4,421.6,5927.3,152.9,116613.6,0,0.9,38,13.2,10.3,6.8,0
2,20.11,1.71,35.32,228.95,45.37,4.05,4,4.53,1.97,23.92,2,18.68,1.71,0,0,0,0,0,0,9.82,0,0,0,0,0,0,0,0,0,0,0,0,0,309.55,35.32,199.76,38.79,133.45,45.37,7.66,21.53,0,0,114.76,155.26,33.84,0.42,121,0,0,0,0,0,9.5,9.5,10,0,0,0,0,0,0.22,39.55,38.55,43.95,21.82,150.84,186.87,548.71,393.32,942.03,337.71,5204.82,147.45,125119.08,0.55,1.98,36.25,9.32,18.68,7.47,0
10,45.11,4,93.33,396.78,64,11,9,12,10,59.11,10,45.11,4,0,0,0,0,0,0,8,0,0,0,0,0,0,0,0,0,0,0,0,0,553.11,93.33,363.78,34.67,288.67,64,0.89,33,0,0,190.06,293.06,27,3.11,262.94,0,0,0,0,0,50,30,50,0,0,0,0,0,0.17,90,68,97,87,144.17,200.89,1063.89,611.28,1675.17,345.06,10261.28,189.94,457855.72,0.85,1,74.4,14,16,7,0
3,16.5,0.16,200.66,809.26,35.18,5.21,4,5.42,3.18,20.26,3,16.5,0.16,0,0,0,0,0,0,46.45,0,0,0,0,0,0,0,0,0,0,0,0,0,1044.37,200.66,802.21,128.63,589.26,35.18,0,7.05,0,0,425.66,659.66,123.76,0.05,535.84,0,0,0,0,0,59.42,13,60.42,0,0,0,0,0,0.04,234.32,184.08,246.61,166.68,797.74,793.16,2721.79,1729.66,4451.45,1590.89,24958.79,774.5,724456.39,6.6,7.42,135.2,48.42,2.33,1.1,0
4.86,22.62,0.95,134.67,513.24,29.71,4.86,4.86,5.86,2.86,27.81,4.86,22.62,0.95,0,0,0,0,0,0,21.9,0,0,0,0,0,0,0,0,0,0,0,0,0,672.52,134.67,507.43,94.95,356.14,29.71,0,5.81,0,0,259.43,364.9,72.67,0,292.24,0,0,0,0,0,25.86,25.86,27.95,0,0,0,0,0,0.06,107.1,106.1,128.29,70.29,370.9,536.9,1636.62,1200.62,2837.24,907.81,16644.14,377.9,492146.62,0,1.67,187.24,53.67,29.86,8.62,0
4.03,59,5.11,32.87,372.45,84.82,21.18,8.68,21.89,14.34,67.32,4.03,59,5.11,0,0,0,0,0,0,6.32,0,0,0,0,0,0,0,0,0,0,0,0,0,486.16,32.87,352.39,37.11,293.66,84.82,0.05,20.05,0,0,193.16,311.89,29.03,0.11,282.76,0,0,0,0,0,70.66,23.34,71.53,0,0,0,0,0,0.25,124.84,48.53,128.97,84.82,144.03,208.53,1126.13,733.45,1859.58,352.55,12147.18,225.79,1011259.71,0.05,0.12,85.9,14.4,5.83,2.58,0
3.32,16.47,0,74.71,293.29,13.16,3.05,3,3.45,1.08,19.89,3.32,16.47,0,0,0,0,0,0,0,13.71,0,0,0,0,0,0,0,0,0,0,0,0,0,379.89,74.71,257.37,80.21,148.42,13.16,3.66,32.26,0,0,164.37,204.55,72.61,1.92,130.03,0,0,0,0,0,13.71,13.71,16.32,0,0,0,0,0,0.05,41.05,40.76,46.11,23.82,216.79,244.47,716.79,469.34,1186.13,461.26,6393,198.29,143177.87,2.92,1,32.52,11.45,12.15,5.12,0
3.03,19.86,0,31.83,153.62,93.79,3.03,3.03,3.45,1.66,23.1,3.03,19.86,0,0,0,0,0,0,0,5.69,0,0,0,0,0,0,0,0,0,0,0,0,0,279.24,31.83,132.03,45.97,70.55,93.79,0,21.59,0,0,88.1,104.52,38.21,0,66.31,0,0,0,0,0,5.59,5.59,7,0,0,0,0,0,0.72,16.41,16.41,18.83,11.69,96.17,148.59,417.52,309.59,727.1,244.76,4193.03,96.69,99185.21,0.26,1,49.06,12.74,17.71,4.45,0
1.97,11.72,0,26.79,112.1,100.17,2.97,2.97,2.97,1,13.69,1.97,11.72,0,0,0,0,0,0,0,7.48,0,0,0,0,0,0,0,0,0,0,0,0,0,239.07,26.79,103.59,28.41,49.34,100.17,0,8.52,0,0,45.28,73.48,26.14,0,47.34,0,0,0,0,0,5.97,5.97,6.97,0,0,0,0,0,0.96,21.48,21.48,22.72,11.97,89.86,104.45,284.86,209,493.86,194.31,2346,86.76,30590.14,0,0,35.45,9.94,13.58,5.52,0
3.5,27.24,1.92,29.71,165.21,55.87,6,6,6,5.5,32.34,3.5,27.24,1.92,0,0,0,0,0,0,5.5,0,0,0,0,0,0,0,0,0,0,0,0,0,250.79,29.71,153.87,23.92,110.21,55.87,0,11.34,0,0,85.29,119.03,20.68,0.24,98.11,0,0,0,0,0,13,13,13,0,0,0,0,0,0.36,33.74,33.74,33.74,31.05,117.26,95.11,453,307.11,760.11,212.37,4099.92,180.42,170320.58,0,0,23.73,7.5,5.08,2.08,0
1,8,0,3,16,0,1,1,1,1,8,0,4,0,0,0,0,0,0,0,2,0,0,0,0,0,0,0,0,0,0,0,0,0,19,2,8,2,2,0,4,5,0,0,2,3,1,0,2,0,0,0,0,0,1,1,1,0,0,0,0,0,0,2,2,2,2,19,16,30,18,48,35,199,10,1050,0,0,1,1,0,0,0
3.66,16.37,2.68,42,119.68,29.24,3.55,3.26,3.74,2,22.71,3.66,16.37,2.68,0,0,0,0,0,0,6.47,0,0,0,0,0,0,0,0,0,0,0,0,0,190.92,42,107.16,25.95,65.18,29.24,0,12.53,0,0,57.08,79.87,22.89,0.13,56.84,0,0,0,0,0,6.95,6.95,7.32,0,0,0,0,0,0.28,22.79,22.18,24.29,14,89.5,100.18,266.29,161.61,427.89,189.68,2201.97,69.66,30574.63,0.55,0.55,8.9,4.9,1.4,1.4,0
3.82,26.76,1,367.74,2006.89,151.29,5.16,5.03,6.18,2.45,31.84,3.82,26.61,1,0,0,0,0,0,0,54.66,0,0,0,0,0,0,0,0,0,0,0,0,0,2521.34,303.66,1491.11,277.84,1066.89,146.13,535.32,54.13,0,0,915.95,1185,228.68,11.29,945.03,0,0,0,0,0,25.95,24.53,33.16,0,0,0,0,0,0.1,283.97,277.89,336.03,162.18,1005.95,1592.55,5057.21,3710.97,8768.18,2598.5,51943.37,1121.39,1482957.39,5.2,14.88,553.58,118.8,119.5,47.33,0
0.71,5.24,0,90.68,449.66,32.82,1,1,1,1,5.95,0.47,4.37,0,0,0,0,0,0,0,48.71,0,0,0,0,0,0,0,0,0,0,0,0,0,569.89,50.82,197.74,108.95,138.18,23.84,262.89,52.89,0,0,126.03,182.97,93.97,0,89,0,0,0,0,0,4.42,4.42,5.42,0,0,0,0,0,0.22,60.82,60.82,64.45,50.87,292.11,279.39,568.16,402.05,970.21,571.5,4298.32,188.42,52258.76,0.12,2,30.73,20.32,3.7,2.12,0
0,0,0,1.31,7.12,0,0,0,0,0,0,0,0,0,0,0,0,0,0,0,0,0,0,0,0,0,0,0,0,0,0,0,0,0,8.44,1.31,3.94,3.94,0,0,0.06,3.12,0,0,3.81,3.81,3.81,0,0,0,0,0,0,0,0,0,0,0,0,0,0,0,0,0,0,0,0,0,0,0,0,0,0,0,0,0,0,0,0,0,0,0,0
0,0,0,4.9,22.7,5,0,0,0,0,0,0,0,0,0,0,0,0,0,0,0,0,0,0,0,0,0,0,0,0,0,0,0,0,32.6,4.9,2,2,0,5,0,20.7,0,0,2,2,2,0,0,0,0,0,0,0,0,0,0,0,0,0,0,0,2.5,0,0,0,0,0,0,0,0,0,0,0,0,0,0,0,0,0,0,0,0
1.44,12,0.94,75.31,347,89.5,2,2,2.44,1,14.56,1,11.69,0.88,0,0,0,0,0,0,16.06,0,0,0,0,0,0,0,0,0,0,0,0,0,510.06,46.56,200.44,49.5,111.81,76.56,166.44,23.12,0,0,110.56,147.88,45,0,102.88,0,0,0,0,0,5.31,5.31,5.31,0,0,0,0,0,0.41,37.31,37.31,39.62,23.69,209.88,216.31,561.69,372.38,934.06,426.19,4618.69,174,65224.94,1,4.38,27.5,13.69,2.62,1.75,0
0,5,0,8.82,20.82,40,1,1,1,1,5,0,5,0,0,0,0,0,0,0,3,0,0,0,0,0,0,0,0,0,0,0,0,0,69.64,8.82,18,8,4,40,0,2.82,0,0,9,12,8,0,4,0,0,0,0,0,1,1,1,0,0,0,0,0,2.22,3,3,3,3,30,16,38,22,60,46,236,19,1532,0,0,0,0,0,0,0
5.97,30.7,1.88,142.3,618.73,61.7,5.55,5.55,6.88,4,38.55,5.97,30.7,1.88,0,0,0,0,0,0,19.06,0,0,0,0,0,0,0,0,0,0,0,0,0,821.67,142.3,594.3,94.36,443.88,61.7,0.24,24.18,0,0,363.12,469.94,83.12,0,386.82,0,0,0,0,0,19.76,19.76,25.91,0,0,0,0,0,0.1,107.03,107.03,130.85,82.76,334.76,539.42,1967.48,1440.97,3408.45,874.18,20463.39,397.48,724304.18,0.77,1.34,184.17,38.66,56.66,16.09,0
7.13,43.34,2,485.87,2352.55,324.53,8.68,8.61,9.61,4.53,51.61,7.13,42.61,2,0,0,0,0,0,0,51.16,0,0,0,0,0,0,0,0,0,0,0,0,0,3079.61,478.11,2193.58,356.34,1606.11,315.92,88.16,86.89,0,0,1327.71,1743.03,310.68,30.08,1402.26,0,0,0,0,0,143.87,143.87,157.18,0,0,0,0,0,0.14,425.66,414.16,461.84,231.5,948.58,1633.37,7093.58,5141.5,12235.08,2581.95,83310.08,1184.32,6235921.92,2.55,6.08,577.23,82.35,218.12,44.67,0
4.44,19.56,0.96,19.56,67.48,28.33,3.52,3.52,3.52,1,24.63,4.44,19.56,0.96,0,0,0,0,0,0,3.15,0,0,0,0,0,0,0,0,0,0,0,0,0,115.37,19.56,61.74,17.07,42.37,28.33,0,5.74,0,0,38.85,48.96,12.56,1,35.41,0,0,0,0,0,4.7,4.7,4.7,0,0,0,0,0,0.5,10.11,10.11,10.11,3.15,58.04,67.56,195.56,138.07,333.63,125.59,1824.96,58.11,40446.37,0.15,2.89,16.48,5.7,5.74,3.56,0
3.53,22.21,0.55,173.32,842.13,77.82,5.26,4.92,5.74,2.89,26.42,3.53,22.03,0.53,0,0,0,0,0,0,33.92,0,0,0,0,0,0,0,0,0,0,0,0,0,1083.5,172.66,796.37,210.61,564.03,76.95,11.13,36.47,0,0,417.92,584.34,140.05,0.21,444.08,0,0,0,0,0,30.13,30.13,34.32,0,0,0,0,0,0.09,168.13,161.55,186.34,109.32,533.45,750.58,2430.74,1740.61,4171.34,1284.03,24522.32,561.08,748447.74,1.32,1.12,188.82,52.4,39.45,15.55,0
4.29,29.11,2,41.76,230.76,31,7.11,7,9.11,4.11,35.47,4.29,29.11,2,0,0,0,0,0,0,7,0,0,0,0,0,0,0,0,0,0,0,0,0,302.53,41.76,207.87,44.61,144.16,31,0,22.89,0,0,121.42,170.5,36.5,0,134,0,0,0,0,0,14,13.89,16.11,0,0,0,0,0,0.15,48.53,47.53,63.05,31.58,155.79,182.26,720.76,468.39,1189.16,338.05,6831.39,193.66,228958.26,1.95,2,54.23,16.73,4.7,4.15,0
4,22.6,0,11,50.6,4,4,4,4,2,26.6,4,22.6,0,0,0,0,0,0,0,2,0,0,0,0,0,0,0,0,0,0,0,0,0,65.6,11,46.6,14,28.6,4,0,4,0,0,26.6,33.6,12,0,21.6,0,0,0,0,0,5,5,5,0,0,0,0,0,0.09,7,7,7,5,40.2,55.6,156,128,284,95.8,1607.8,45,41964,0,0,15,6,2.6,1,0
3.87,24.45,2,295.95,1342.16,520.39,4.5,4.45,4.97,2.21,30.16,3.87,23.03,2,0,0,0,0,0,0,53.63,0,0,0,0,0,0,0,0,0,0,0,0,0,2156.11,295.21,1246.37,251.61,873.95,518.29,41.11,68.21,0,0,764.16,987.47,213.84,4.55,769.08,0,0,0,0,0,20.21,20.21,21.95,0,0,0,0,0,0.42,232.97,231.61,250.95,148.47,885.03,1104.42,4166.55,3212.45,7379,1989.45,41713.42,1251.16,1810506.29,6.25,4.7,228.95,71.17,105.7,30.05,1
2.82,17.61,1.61,277.61,1353.24,288.74,4,3,4.16,2.13,21.76,2.68,16.68,1.61,0,0,0,0,0,0,62.95,0,0,0,0,0,0,0,0,0,0,0,0,0,1916.37,250.82,1126.08,220.08,769.11,279.84,207.32,57.55,0,0,617.18,861.71,182.63,6,673.08,0,0,0,0,0,48.5,24.82,51.5,0,0,0,0,0,0.25,251.97,203.03,273.21,173.05,849.87,1160.32,3475.92,2408.37,5884.29,2010.18,34008.63,772.21,964687.84,7.12,11.43,213.72,51.38,70.42,18.7,0
3,17.6,1.5,39.7,162.97,46.5,4.17,4.17,6,2.5,21.67,3,17.6,1.5,0,0,0,0,0,0,8.5,0,0,0,0,0,0,0,0,0,0,0,0,0,249.17,39.7,156.97,23.8,112.53,46.5,0,6,0,0,81.9,115.5,23.8,0,91.7,0,0,0,0,0,10,10,14.6,0,0,0,0,0,0.3,36.43,36.43,48.83,25.67,145.7,163.8,510.4,345.8,856.2,309.5,4697.27,145.67,128065.17,0,0,54.72,11.12,2.06,2.06,0
1.08,4.79,0,13.74,164.37,9.68,0.84,0.84,0.84,0.79,5.92,1.08,4.79,0,0,0,0,0,0,0,1.18,0,0,0,0,0,0,0,0,0,0,0,0,0,185.39,8.08,29.74,49.39,55.53,6.53,132.84,13.53,0,0,9.71,12.58,4.18,0,8.39,0,0,0,0,0,2.08,2.08,2.13,0,0,0,0,0,0.04,2.87,2.87,2.92,2.37,17.42,17.58,43.47,31.97,75.45,35,386.92,15.26,7530.16,0.45,0.88,1.6,0.8,1.07,0.7,0
2,17,0,16,92.5,19,5,3,5,2,19,2,17,0,0,0,0,0,0,0,5,0,0,0,0,0,0,0,0,0,0,0,0,0,127.5,16,88.5,19,61.5,19,0,4,0,0,40.75,67.5,16,0,51.5,0,0,0,0,0,10,5,10,0,0,0,0,0,0.21,24.75,14.75,26.75,11.75,71.25,83.25,231,152,383,154.5,1971,61.5,30102.5,0,0,13,8,4,3,0
11.59,70.59,2,16.59,77.59,37.41,16.18,16.18,16.18,13.18,84.18,11.59,70.59,2,0,0,0,0,0,0,1,0,0,0,0,0,0,0,0,0,0,0,0,0,131.18,16.59,72.18,12.59,55.59,37.41,0,5.41,0,0,41.77,57.95,10.59,0.59,46.77,0,0,0,0,0,16.18,16.18,16.18,0,0,0,0,0,0.52,16.18,16.18,16.18,13.18,26.41,37.59,209.18,164.86,374.05,64,2243.86,57.77,129754.55,0,0,4.59,3,1,1,0
1.32,23.26,0.55,21.03,163.66,35.55,5.66,5.66,6.68,2.79,25.13,1.32,23.05,0.55,0,0,0,0,0,0,5.66,0,0,0,0,0,0,0,0,0,0,0,0,0,217.26,21.03,144.97,29.18,95.34,35.55,0,18.68,0,0,80.63,113.97,26.58,0,87.39,0,0,0,0,0,15.74,14.08,17.63,0,0,0,0,0,0.4,34.53,32.87,40.21,17.55,103.82,94.82,427.92,267.24,695.16,198.63,3987.79,137.05,226477.97,0,0,9.38,3.45,5.25,2.83,0
5,30.5,8.8,173.75,1041.1,510.2,5,5,6,3,42.75,4.5,24,8.3,0,0,0,0,0,0,18.9,0,0,0,0,0,0,0,0,0,0,0,0,0,1651.1,130.65,713.25,370.95,557.05,439.3,370.1,78.25,0,0,213.75,311.55,76.7,0,234.85,0,0,0,0,0,20.55,20.1,27.35,0,0,0,0,0,0.62,97.25,95.8,112.4,65,364.75,542.65,1896.7,1388.65,3285.35,907.4,19634.15,428.15,742842.25,4.23,6.91,125.14,34.95,14.27,7.23,0
5.03,27.26,4.87,212.58,997.61,257.39,5.47,4.79,6.76,2.79,37,5.03,26.82,4.87,0,0,0,0,0,0,27.87,0,0,0,0,0,0,0,0,0,0,0,0,0,1461.58,209.63,888.82,273.05,682.21,257.18,49.39,63.71,0,0,460.13,612.76,137.5,0.66,474.61,0,0,0,0,0,20.79,17.89,21.76,0,0,0,0,0,0.3,155.16,133.68,188.05,93.47,506.11,787.21,2418.08,1687.42,4105.5,1293.32,23995.89,522.05,605160.37,0.68,1.12,160.65,58.45,54.27,15.72,0
5.21,30.29,1.58,63.45,304.26,15.03,5.87,5.03,6.71,3.82,36.53,5.21,30.29,1.58,0,0,0,0,0,0,9.29,0,0,0,0,0,0,0,0,0,0,0,0,0,380.29,63.45,293.92,73.42,220.76,15.03,0,10.34,0,0,175.92,230.95,46.37,0,184.58,0,0,0,0,0,13.24,11.34,14.45,0,0,0,0,0,0.05,53.39,46.39,57.61,38.92,179.29,302.71,988.74,730.84,1719.58,482,10523.39,196.87,340201.53,1.45,4.35,91.03,23.4,37.98,8.68,0
3,27.55,4.37,177.79,1021.92,260.58,6.03,5.29,7.03,3.03,34.89,3,24.82,4,0,0,0,0,0,0,27.13,0,0,0,0,0,0,0,0,0,0,0,0,0,1449.24,143.58,751.55,190.58,570.84,239.68,252.47,88.47,0,0,359.53,529.95,108.42,0.92,420.61,0,0,0,0,0,26.63,25.11,43.26,0,0,0,0,0,0.32,161.63,143.16,191.89,104.03,464.92,773.76,2435.55,1681.92,4117.47,1238.68,24984.61,450.82,769914.24,0.45,0.6,143.95,42.62,23.55,6,0
3,25.9,1,219.1,1243.05,685.67,5,4.76,5.95,3.19,30,3,25.9,1,0,0,0,0,0,0,46.29,0,0,0,0,0,0,0,0,0,0,0,0,0,2147.81,219.1,1218.38,261.52,830.48,685.67,0,24.67,0,0,655.33,887.9,191.24,16.67,680,0,0,0,0,0,21.33,18.86,25.24,0,0,0,0,0,0.56,227.52,209.24,258.95,175.14,982.43,1037.86,3457,2412,5869,2020.29,33428.95,1092.95,1109121.19,1.48,13.57,212.95,80.14,50.43,25.67,0
6.6,44.23,1,10.33,53.37,13,10.73,10.73,11.73,5,50.83,6.6,44.23,1,0,0,0,0,0,0,1,0,0,0,0,0,0,0,0,0,0,0,0,0,75.7,10.33,45.23,8,34.5,13,0,8.13,0,0,26.77,37.5,8,0,29.5,0,0,0,0,0,10.73,10.73,11.73,0,0,0,0,0,0.29,10.73,10.73,11.73,5,19.6,55.3,154.73,111.8,266.53,74.9,1659.53,19.5,32392,0,0,19.25,4,6,2,0
4,27.37,2.24,214.82,1260.95,129.37,5.82,5.45,6.84,3.61,33,4,26.18,2.24,0,0,0,0,0,0,32.79,0,0,0,0,0,0,0,0,0,0,0,0,0,1584.42,173.03,887.5,162.79,661.26,123,367.87,64.71,0,0,486.87,679.87,116.45,0.82,562.61,0,0,0,0,0,50.79,34.79,56.37,0,0,0,0,0,0.14,192.45,170.66,221.89,133.37,540.03,820.26,2805.63,1974.74,4780.37,1360.29,28349.84,601.37,1072461.92,1.4,9.25,198.68,51.88,59.27,21.15,0
6.82,35.63,3,95.97,445.26,39.39,7.08,6.79,7.42,3.5,45.45,6.82,35.63,3,0,0,0,0,0,0,12.74,0,0,0,0,0,0,0,0,0,0,0,0,0,580.21,95.97,430.53,116.42,317.74,39.39,0,14.74,0,0,260.95,337.55,81.29,0,256.26,0,0,0,0,0,17.24,16.45,18.58,0,0,0,0,0,0.09,76.34,73.08,81.34,45.03,241.63,444.58,1573.53,1176.89,2750.42,686.21,17631.71,282.08,768117.08,3.7,5.45,146.05,30.62,39.98,12.47,0
3.37,25.58,1.03,125.11,672.11,65.05,5.47,5.42,6.18,2.18,30.03,3.37,23.71,1.03,0,0,0,0,0,0,23.32,0,0,0,0,0,0,0,0,0,0,0,0,0,856.13,117.66,574.39,138.21,410.05,65.05,47.76,60.11,0,0,317.39,444.89,101.42,0,343.47,0,0,0,0,0,22.32,22.32,24.79,0,0,0,0,0,0.12,126.39,116.68,139.24,67.29,410.71,652.97,1916.89,1387.53,3304.42,1063.68,19321.71,410.39,464556.76,0,2.42,102.88,36.42,35.02,7.9,0
3.76,26.84,1,165.86,871.08,59.86,4.95,4.95,6.19,3.24,31.22,3.76,26.19,1,0,0,0,0,0,0,21.78,0,0,0,0,0,0,0,0,0,0,0,0,0,1089.46,124.38,612.03,142.57,401.08,50.86,266.76,43.76,0,0,355.73,477.16,134.14,1.95,341.08,0,0,0,0,0,25.14,25.14,34.11,0,0,0,0,0,0.08,108.97,107.97,130.59,78.7,394.38,603.59,1931.3,1392.76,3324.05,997.97,20058.51,418.51,646188.92,6.74,6.21,196.15,77.97,38.13,13.38,0
0,4.24,0.1,5.69,40.83,2.21,1.45,1.45,1.45,0.52,4.34,0,4.24,0.1,0,0,0,0,0,0,0.62,0,0,0,0,0,0,0,0,0,0,0,0,0,47.72,5.69,32.59,27.93,2.38,2.21,0.41,7.83,0,0,16.9,17.97,15.59,0,2.38,0,0,0,0,0,1.45,1.45,1.45,0,0,0,0,0,0.07,1.55,1.55,1.55,0.62,8.28,4.76,14.17,9.62,23.79,13.03,105.52,7.76,1392.83,0,0,1.26,0.87,0.48,0.48,0
2.58,18.37,0,54.82,308.74,22.68,3.87,3.84,5.45,2.13,20.95,2.58,16.95,0,0,0,0,0,0,0,12.87,0,0,0,0,0,0,0,0,0,0,0,0,0,384.66,54.74,260.13,79.95,172.05,22.61,15.03,33.74,0,0,134.18,187.55,53.08,1.34,133.13,0,0,0,0,0,11.92,11.92,16.16,0,0,0,0,0,0.09,52.37,49.13,69.79,36.39,197.74,292.58,849.95,615.95,1465.89,490.32,8427.55,186.47,193619.92,0.45,0.88,94.45,25.38,21.45,7.6,0
4.18,36.79,0.79,161.08,944.05,111.97,7.11,6.53,8.61,3.95,41.63,4.03,30.42,0.79,0,0,0,0,0,0,20.24,0,0,0,0,0,0,0,0,0,0,0,0,0,1201.71,124.03,655.16,179.5,479.29,97.63,260.92,90.76,0,0,358.21,491.03,112.05,4.21,374.76,0,0,0,0,0,29.29,29.18,34.82,0,0,0,0,0,0.15,132.63,128.63,166.18,87.92,389.26,687.68,2310.26,1686.74,3997,1076.95,25079.24,427.11,854168.32,2.1,2.58,212.43,59.8,55.88,15.22,0
5.41,23.07,4.93,446.11,1760.44,413.81,4.48,4.48,5.48,2.44,33.19,5.41,22.48,4.93,0,0,0,0,0,0,51.19,0,0,0,0,0,0,0,0,0,0,0,0,0,2606.78,350.89,1210.74,309.89,817.59,394.44,597.59,68.56,0,0,701.96,934.67,256.37,0.52,677.78,0,0,0,0,0,21.96,21.96,25.07,0,0,0,0,0,0.33,228.37,228.37,275.85,152.52,841.22,1065.78,4007.81,2901.41,6909.22,1907,40302.19,1036.96,1788131.26,8.22,7.3,318.44,104.15,37.44,12.63,0
3,15,0,28,113,11,3,3,3,2,17,3,15,0,0,0,0,0,0,0,6,0,0,0,0,0,0,0,0,0,0,0,0,0,152,28,103,25,62,11,0,10,0,0,60,77,21,0,56,0,0,0,0,0,4,4,5,0,0,0,0,0,0.11,17,17,19,16,92,96,228,153,381,188,1962,69,28259,0,0,12,8,0,0,0
4.71,28.45,6.5,134.03,733.37,320.89,5.47,5.03,6.24,3.03,39.39,4.71,28.21,6.5,0,0,0,0,0,0,19.11,0,0,0,0,0,0,0,0,0,0,0,0,0,1168.87,134.03,697.37,289.95,535.03,320.18,3.66,33.05,0,0,278.63,382.18,92.45,2.61,287.13,0,0,0,0,0,24.5,23.45,26.97,0,0,0,0,0,0.46,105.5,95.76,122.08,71.34,342.26,604.37,1759.24,1261.18,3020.42,946.63,18751.84,331.55,543926.13,0,0.7,126.95,38.9,14.65,9.57,0
3.16,31.89,1,299.16,2068.16,223.39,6.11,6.11,6.87,4,36.32,3.03,27.89,1,0,0,0,0,0,0,28.16,0,0,0,0,0,0,0,0,0,0,0,0,0,2570.71,141.47,786.97,139.18,558.47,148.29,1427.13,103.89,0,0,495.42,667.45,121.34,0,546.11,0,0,0,0,0,26.34,26.34,29.66,0,0,0,0,0,0.19,175.03,175.03,199.61,125.26,529.92,851.03,2952.55,2140.84,5093.39,1380.95,30182.03,628.95,1031264.74,3.35,13.1,279.32,79.2,55.5,28.45,0
3.65,22.31,3.92,112.73,486.5,113.08,4,4,5.38,2,29.38,3.65,22.31,3.92,0,0,0,0,0,0,19.19,0,0,0,0,0,0,0,0,0,0,0,0,0,712.31,108.62,447.12,122.04,303.85,113.08,26.58,17.92,0,0,252.12,316.42,92.77,3,220.65,0,0,0,0,0,17.23,17.23,27.5,0,0,0,0,0,0.25,70.92,70.92,101.12,48.92,317.65,500.5,1495.27,1059.5,2554.77,818.15,14719.81,328.31,445849.62,0,0,126.62,44.12,31.15,14.58,1
5.85,36.42,0,147.38,777.35,12,6.42,5.42,7.92,4.12,42,5.38,33.46,0,0,0,0,0,0,0,20.35,0,0,0,0,0,0,0,0,0,0,0,0,0,936.73,144.38,693.58,139.46,507.65,12,46.92,39.85,0,0,390,520.58,112.27,0,408.31,0,0,0,0,0,24.08,24.08,31.54,0,0,0,0,0,0.02,130.65,114.65,158.73,97.54,447.27,796.96,2599.69,1905.62,4505.31,1244.23,28888.27,508.92,1088093.23,0.15,2,235.69,68.62,89.54,19.62,0
2.06,13.44,0.94,48.62,212.88,22.38,2.06,2.06,2.06,1,16.44,2.06,12.44,0.88,0,0,0,0,0,0,13.88,0,0,0,0,0,0,0,0,0,0,0,0,0,283.88,48.62,189.5,48.31,108.81,18.38,14,13.38,0,0,112.44,147.44,43.94,0,103.5,0,0,0,0,0,5,5,5,0,0,0,0,0,0.1,31.88,31.88,32.81,15.88,201.5,254.69,681.31,483.06,1164.38,456.19,6123.19,181,105139.62,0,1,77.38,25,5,3.81,0
2.27,22.04,1.35,55,341.04,57.65,3.62,3.62,3.92,2.23,25.69,2.27,22.04,1.35,0,0,0,0,0,0,14.42,0,0,0,0,0,0,0,0,0,0,0,0,0,453.54,55,333.04,86.62,213.15,57.65,0,8,0,0,186.88,238.38,72.15,1.31,164.92,0,0,0,0,0,10.65,10.65,12.23,0,0,0,0,0,0.19,50.19,50.19,55.85,37.69,233.27,383.23,1068.54,787,1855.54,616.5,10898.62,220.35,280690.88,1,1,77.19,30.73,7.73,5.27,0
4,22,1,112,454.12,39.12,4,4,5,2,26,4,22,1,0,0,0,0,0,0,20,0,0,0,0,0,0,0,0,0,0,0,0,0,600.12,112,442.12,111,286.12,39.12,0,12,0,0,233.12,311.12,73,6,232.12,0,0,0,0,0,11,11,19,0,0,0,0,0,0.09,78,78,97,50,322,529.31,1542.75,1146.12,2688.88,851.31,15324.5,330.12,329760.38,0,0,158.12,53,41.12,11,0
3.42,26.69,5.12,55.96,301.27,81,4,4,4,1,35.12,3.42,25.35,5.12,0,0,0,0,0,0,10.96,0,0,0,0,0,0,0,0,0,0,0,0,0,438.23,55.96,283.96,63.5,193.54,81,5.81,11.5,0,0,177.85,220.15,51.58,0,168.58,0,0,0,0,0,8,8,8,0,0,0,0,0,0.28,42.31,42.31,43.08,19.04,204.81,330.81,948.19,696.88,1645.08,535.62,9457.65,218.92,228460.58,1,0.58,98.38,23.62,24.5,7,0
2.95,30.03,11.55,43.84,311.74,164.47,6.66,6.66,6.66,2.89,38.53,2.95,30.03,11.55,0,0,0,0,0,0,8,0,0,0,0,0,0,0,0,0,0,0,0,0,473.21,43.84,256.05,53.18,195.55,164.47,0,55.68,0,0,213.16,261.37,44.71,4.34,212.32,0,0,0,0,0,15.08,15.08,15.11,0,0,0,0,0,0.65,50.42,50.42,50.89,23.18,144.32,185.29,743.79,550.34,1294.13,329.61,7139.13,212.37,309680.82,2,1.9,58.35,24.75,47.62,10.8,0
9.79,25.55,9,22.45,69.32,38.32,6.34,6.34,8.34,4.47,42.47,9.79,25.55,9,0,0,0,0,0,0,2,0,0,0,0,0,0,0,0,0,0,0,0,0,128.08,22.45,50.24,6.63,38.76,38.32,0,19.08,0,0,29,40.82,6,0,34.82,0,0,0,0,0,9.82,9.82,14.58,0,0,0,0,0,0.77,11.82,11.82,16.58,9.82,32.82,77.42,188.18,146.68,334.87,110.24,2067.37,28.37,39072.42,0,0,17.02,5.1,1.55,1,0
3.58,20.11,2.03,119.32,517.5,100.92,3.61,3.61,4.53,2,25.66,3.58,19.58,2.03,0,0,0,0,0,0,21.45,0,0,0,0,0,0,0,0,0,0,0,0,0,730.18,115.08,450.34,99.53,308.53,98.61,45.84,27.87,0,0,285.68,364,88.92,0.71,274.37,0,0,0,0,0,27.26,27.26,32.05,0,0,0,0,0,0.22,80.61,80.61,93.13,47.79,334.45,456.76,1461.29,1128.55,2589.84,791.21,15206.63,370.26,647840.71,0.6,1.35,133.03,33.5,51.95,16.12,0
5.71,38.79,2.34,195.79,1057.71,180.58,7.37,6.89,8.61,3.68,46.34,4.87,32.37,1.68,0,0,0,0,0,0,25.13,0,0,0,0,0,0,0,0,0,0,0,0,0,1430.08,175.05,833.71,171.29,617.03,152.79,219.71,57.29,0,0,466.37,646.24,121.68,0,524.55,0,0,0,0,0,30.66,28.5,38.03,0,0,0,0,0,0.19,179.84,172.18,213.05,107.71,466.08,852.03,3263.08,2365.87,5628.95,1318.11,36425.84,573.87,1770106.21,0,0.55,239.82,55.92,77.88,24.55,0
7.29,35.42,7.18,50.76,229.29,165.76,7.74,7.74,8.79,5.68,49.47,7.29,33.21,6.97,0,0,0,0,0,0,5.68,0,0,0,0,0,0,0,0,0,0,0,0,0,445.32,50.76,189.16,29.13,131.82,165.34,9.34,31.21,0,0,94.55,136.79,25.71,0,111.08,0,0,0,0,0,10.18,10.18,11.76,0,0,0,0,0,0.88,42.58,42.58,50.24,33.89,114.13,224.13,612.76,452.08,1064.84,338.26,6384.82,110.87,139189.89,0,0,36,12.72,1.2,1.2,0
12,102,7,15,119,32,20,18,23,9,121,12,99,7,0,0,0,0,0,0,1,0,0,0,0,0,0,0,0,0,0,0,0,0,166,15,99,26,78,32,1,19,0,0,53,73,14,0,59,0,0,0,0,0,20,18,23,0,0,0,0,0,0.32,20,18,23,9,33,76,406,268,674,109,4561,58,264538,0,0,46,6,10,3,0
2.32,54.24,0.32,43.61,550.32,47.32,13,11.95,14.26,7.5,57.55,2.32,54.24,0.32,0,0,0,0,0,0,10.05,0,0,0,0,0,0,0,0,0,0,0,0,0,641.24,43.61,537.34,70.13,403.55,47.32,0,12.97,0,0,308.42,437.63,54.89,1,381.74,0,0,0,0,0,52.92,43.37,60.03,0,0,0,0,0,0.09,126.47,115.92,139.29,75.66,252.45,349.53,1893.97,1327.95,3221.92,601.97,20355.61,434.34,1570394.37,0.57,2.75,185.12,31.7,63,12.45,0
7.29,40.29,7.45,194.26,954.79,253.63,6.63,6.63,8.34,3.32,54.66,7.29,39.05,6.89,0,0,0,0,0,0,22.71,0,0,0,0,0,0,0,0,0,0,0,0,0,1399.18,194.26,888.39,171.37,677.5,243.79,26.05,52.24,0,0,539.45,688.21,128.47,3,556.74,0,0,0,0,0,37.03,37.03,44.84,0,0,0,0,0,0.27,155.13,155.13,185.29,85.92,417.63,921.97,3231.32,2514.26,5745.58,1339.61,38023.26,506.29,1893834.34,2,1.48,245.22,60.42,99.62,32.23,0
6.39,61.84,1,130.42,1006.45,59.37,14.68,11.42,16,10.71,69.05,6.39,59.45,1,0,0,0,0,0,0,15.34,0,0,0,0,0,0,0,0,0,0,0,0,0,1192.24,124.58,906.18,133.66,715.34,56.95,64.03,49.39,0,0,528.11,748.68,90.53,0,658.16,0,0,0,0,0,117.53,84.82,132.08,0,0,0,0,0,0.06,223.68,170.26,243.03,168.84,315.97,668.21,3034.68,1990.76,5025.45,984.18,35004.58,392.16,2387619.39,4,9.8,126.15,40.42,57.42,14.1,0
3.08,21.58,0,59.13,296.55,22.39,4,3.66,4.21,3,24.95,3.08,21.58,0,0,0,0,0,0,0,11.84,0,0,0,0,0,0,0,0,0,0,0,0,0,378.08,59.13,284.53,73.53,197.87,22.39,0,12.03,0,0,172.08,217.24,54.39,0,162.84,0,0,0,0,0,9.11,8.71,9.92,0,0,0,0,0,0.1,44.97,44.58,48.05,37.71,197.47,296.95,870.45,622,1492.45,494.42,8393.95,194.58,185716.13,1.57,2.48,60.35,21.52,23.23,7.72,0
2.84,27.63,3.84,224.95,1070.61,329.87,5.84,5,6.71,2.5,34,2.76,22.92,3,0,0,0,0,0,0,13.82,0,0,0,0,0,0,0,0,0,0,0,0,0,1529.03,90.61,346.58,72.97,252.24,155.97,871.92,143.37,0,0,199.74,273.29,62.95,0,210.34,0,0,0,0,0,19.42,14.37,22.84,0,0,0,0,0,0.46,77.55,71.55,91.74,40.76,237.05,356.05,1087.92,735.39,1823.32,593.11,10518.66,238.29,265090.63,1,1,30.62,10.18,9,3,0
4.29,30.53,1.63,121.26,662.26,124.53,5.5,5.29,6.5,3.42,35.89,3.89,26.92,1,0,0,0,0,0,0,20.34,0,0,0,0,0,0,0,0,0,0,0,0,0,904.05,115.37,567.16,126.53,413.45,115.68,82.37,28.95,0,0,338,450.76,91.92,0,358.84,0,0,0,0,0,26.39,23.39,33.39,0,0,0,0,0,0.21,111.55,104.55,132.24,79.11,362.63,592.26,2093.34,1491.61,3584.95,954.89,22208.42,409.92,910056.45,0,0.55,146.78,44.83,55.95,20.45,0
5,32.87,3.79,315.03,1464,235.5,5.92,5.87,6.87,3.87,41.79,5,29.84,3.66,0,0,0,0,0,0,31.16,0,0,0,0,0,0,0,0,0,0,0,0,0,2008.66,236.84,944.45,177.55,678.05,210.71,547.76,78.34,0,0,577.61,769.47,143.21,0,626.26,0,0,0,0,0,24.26,18.26,26.26,0,0,0,0,0,0.23,190.39,182.21,211.79,136.89,640.42,1072.95,3464.79,2431.53,5896.32,1713.37,35527.82,703.03,997611.84,3.25,6.5,207.97,75.88,75.78,27.85,0
3,15,0,11,39,5,3,3,5,1,18,3,15,0,0,0,0,0,0,0,2,0,0,0,0,0,0,0,0,0,0,0,0,0,55,11,34,9,20,5,0,5,0,0,21,27,9,0,18,0,0,0,0,0,3,3,5,0,0,0,0,0,0.15,6,6,9,2,38,32,88,54,142,70,730,31,11655,0,0,5,5,2,2,0
4,18,2,41,180.36,30,4,4,4,2,24,4,18,2,0,0,0,0,0,0,7,0,0,0,0,0,0,0,0,0,0,0,0,0,250.36,41,145,38,91,30,0,35.36,0,0,81.91,110.91,31,0.91,79,0,0,0,0,0,11,11,13,0,0,0,0,0,0.21,28,27,31,19,121,115,379.09,245.18,624.27,236,3441.73,116,98801.09,0,0,15,7,6,4,0
2,12.36,1.18,18.09,89.91,18.82,3,3,3.18,2,16.36,2,12.36,1.18,0,0,0,0,0,0,3.82,0,0,0,0,0,0,0,0,0,0,0,0,0,126.82,18.09,54.36,21.09,31.91,18.82,0,35.55,0,0,26.27,37.09,14.45,0,22.64,0,0,0,0,0,8,8,10,0,0,0,0,0,0.35,10.82,10.82,12.82,7.82,50.82,43.18,158.64,102.09,260.73,94,1367.45,52.55,42112.36,0,0,7,2,2,2,0
1,10,1,9,71.36,16,2,2,3,1,12,1,10,1,0,0,0,0,0,0,3,0,0,0,0,0,0,0,0,0,0,0,0,0,96.36,9,37,12,21,16,0,34.36,0,0,18,25,9,0,16,0,0,0,0,0,5,5,7,0,0,0,0,0,0.43,7,7,9,3,40,34,109.18,75.18,184.36,74,974,39.18,28281.27,0,0,6,2,2,2,0
3.18,19.18,2,55.91,254.73,29.82,3,3,3,1,23.64,3.18,19.18,2,0,0,0,0,0,0,9.82,0,0,0,0,0,0,0,0,0,0,0,0,0,340.45,55.91,218.18,84.09,125.45,29.82,0,36.55,0,0,124.27,149.64,62.45,0,87.18,0,0,0,0,0,7.55,7.55,9.55,0,0,0,0,0,0.14,25.36,25.36,29.36,15.82,151.09,185.82,595.55,420.09,1015.64,336.91,5737.09,153.27,167620.27,3,4,52,20,13,7,0
2.13,15.95,0,42.58,311.11,46.89,2.92,2.92,2.92,1,18.32,2.13,15.84,0,0,0,0,0,0,0,10.03,0,0,0,0,0,0,0,0,0,0,0,0,0,400.13,42.58,299.29,159.97,254.74,46.89,0,11.82,0,0,103.21,132.92,27.87,0,105.05,0,0,0,0,0,10.39,10.39,10.39,0,0,0,0,0,0.17,31.24,31.24,31.24,13.97,139.71,169.92,606.18,441.34,1047.53,309.63,5653.42,164.95,167321.53,0,0,32.38,9.3,0.7,0.7,0
3.84,14.37,0,13.45,49.03,31.32,2,2,2,1,17.29,3.84,14.37,0,0,0,0,0,0,0,2,0,0,0,0,0,0,0,0,0,0,0,0,0,93.79,13.45,31.74,8.08,18.39,31.32,0,17.29,0,0,20.05,23.89,7.92,0,15.97,0,0,0,0,0,2,2,2,0,0,0,0,0,1.02,4,4,4,2,33.5,27.68,78.39,48.97,127.37,61.18,628.55,28.18,8867.53,0,0,2,2,1.85,1.85,0
3.13,23.66,1.82,125.74,730.89,90.42,5.61,5.32,6.61,3,28.11,3.13,23.26,1.82,0,0,0,0,0,0,22.18,0,0,0,0,0,0,0,0,0,0,0,0,0,942.05,99.61,536.92,122.79,396,90.42,171.61,49.26,0,0,266.29,389.92,79.08,0,310.84,0,0,0,0,0,33.53,33.53,36.03,0,0,0,0,0,0.17,123.24,119.24,144.61,71.45,406.13,581.05,1754.47,1227.11,2981.58,987.18,17819.95,390.97,483590,0.57,1.6,118.62,36.3,16.35,6.1,0
4.61,33.18,3.42,408.84,2417.84,337.58,5.92,5.92,7.58,2.97,40.97,4.61,28.95,2.92,0,0,0,0,0,0,54.95,0,0,0,0,0,0,0,0,0,0,0,0,0,3156.87,337.34,1650.82,346.32,1234.58,318.71,725.97,151.66,0,0,921.11,1230.24,243.47,3.87,982.89,0,0,0,0,0,36.11,36.11,44.26,0,0,0,0,0,0.19,318.89,315.89,402.97,179.11,1037.84,1817.16,6087.13,4655.97,10743.11,2855,68516.66,1197.42,2736595.13,3.2,1.43,385.18,103.38,149,35.6,0
3.89,21.39,3,42.05,182.71,70.47,3.11,3.11,3.89,1.37,28.11,3.89,21.39,3,0,0,0,0,0,0,7.68,0,0,0,0,0,0,0,0,0,0,0,0,0,292.66,42.05,172.55,63.5,119.63,70.47,0,10.16,0,0,92.63,111.89,35.58,0.89,75.42,0,0,0,0,0,9.95,9.95,14.76,0,0,0,0,0,0.41,22.26,22.26,27.55,13.08,117.92,242.74,605.97,509.5,1115.47,360.66,6762.16,114.58,145936.63,1,1,43.5,15.25,24.82,5.28,0
0.79,6.76,0,34.21,701.89,12.18,1.16,1.16,1.18,0.53,7.58,0.79,6.76,0,0,0,0,0,0,0,3.74,0,0,0,0,0,0,0,0,0,0,0,0,0,747,20.76,284.16,262.87,272.26,11.95,413.97,20.39,0,0,41.53,51.29,22.39,0,28.89,0,0,0,0,0,2.05,2.05,2.11,0,0,0,0,0,1.21,9.79,9.79,12.24,5.97,62.26,77.5,206.53,152.89,359.42,139.76,1921.66,58.29,35251.24,1.32,2.02,6.58,2.5,3.27,0.9,0
7.61,40.79,7.76,367.68,1725.76,633.89,9.24,8.53,11.21,4.63,55.92,7.37,39.63,7.61,0,0,0,0,0,0,38.76,0,0,0,0,0,0,0,0,0,0,0,0,0,2709.03,346,1562.32,243.37,1215.16,628.97,150.47,39.26,0,0,864.87,1197.89,197.74,4.68,995.47,0,0,0,0,0,52.84,52.45,66.71,0,0,0,0,0,0.4,351.03,325.84,425.63,194.11,793.47,1481.58,5092.92,3672.34,8765.26,2275.05,57148.97,889.87,2560330.47,2.55,1.18,311.77,80.28,99.38,28.18,0
2,11.78,2,39.26,172.19,58.07,3,3,3.11,1,14.93,2,11.78,2,0,0,0,0,0,0,10.3,0,0,0,0,0,0,0,0,0,0,0,0,0,254.85,39.26,166,64.44,101.07,58.07,0,6.19,0,0,87.52,118.04,52.81,0,65.22,0,0,0,0,0,12,12,13.22,0,0,0,0,0,0.35,30.52,30.52,33.81,12.74,138.37,147.56,412.63,314.59,727.22,285.93,3772.89,134.59,97187.96,0,0,35.19,9.41,26.44,3.78,0
2,13.78,1.67,56.56,251.22,69.7,3,3,3.67,1,16.96,2,12.96,1.67,0,0,0,0,0,0,15.81,0,0,0,0,0,0,0,0,0,0,0,0,0,374.74,55.56,231.89,62.93,147.74,68.96,12.19,8.89,0,0,111.22,156.67,49.81,0,106.85,0,0,0,0,0,7.11,7.11,8.52,0,0,0,0,0,0.3,46.93,46.93,54.3,21.63,232.19,246.96,646.81,456.48,1103.3,479.15,5637.78,213.41,100154.11,0,0.15,57.96,18.26,4.85,4.78,0
3.21,15.83,6.62,66.96,266.38,134.17,3.04,3.04,3.88,1,24.25,3.21,15.83,6.62,0,0,0,0,0,0,12.58,0,0,0,0,0,0,0,0,0,0,0,0,0,428.88,66.96,255.67,95.5,161.25,134.17,0.08,10.67,0,0,146.92,188.83,77.83,0,111,0,0,0,0,0,13.29,13.29,14.5,0,0,0,0,0,0.53,42.17,42.17,48.62,14,190.17,280.38,710.62,575.04,1285.67,470.54,7250.62,188.58,192815.08,0,0,54.5,11.17,36.62,5.96,0
1.58,18.11,0,36.34,202.47,11.71,4.21,3.74,4.82,2.71,19.76,1.58,17.08,0,0,0,0,0,0,0,6.18,0,0,0,0,0,0,0,0,0,0,0,0,0,250.53,35.71,178.84,35.29,134.68,11.71,10.16,14.11,0,0,99.29,139.82,27.74,0,112.08,0,0,0,0,0,10.24,10.24,12.97,0,0,0,0,0,0.25,40.53,35.47,48.68,29.42,112.42,183.18,662.53,477.53,1140.05,295.61,7394.39,132.29,322146.18,0,0,74.35,15.15,31.2,3.6,0
1,10.3,1.96,21.15,146.7,93.33,3,3,3.15,1,13.26,1,10.3,1.96,0,0,0,0,0,0,5,0,0,0,0,0,0,0,0,0,0,0,0,0,189.19,21.15,143.52,104.93,112.19,93.33,0,3.19,0,0,30.78,44.44,22.48,0,21.96,0,0,0,0,0,9.67,9.67,12.63,0,0,0,0,0,0.65,13.67,13.67,16.63,5,71.37,68,192.33,141.52,333.85,139.37,1758.89,74.89,62046.56,0,0,32.44,7,2.15,2.15,0
1.7,12.93,1,48.52,234.81,33.96,3,3,4,1,14.93,1.7,12.93,1,0,0,0,0,0,0,14.89,0,0,0,0,0,0,0,0,0,0,0,0,0,309.85,48.52,228.63,80,142.26,33.96,0,6.19,0,0,120.78,167.11,68.37,0,98.74,0,0,0,0,0,9.33,9.33,11.96,0,0,0,0,0,0.15,46.33,43.48,55.7,18.59,219.52,250.93,657.22,517.26,1174.48,470.44,6221.22,212.93,142847.78,0,0,61.15,17.63,39.44,10.85,0
2,12.48,3.48,29.56,114.52,51.48,2,2,2.48,1,17.93,2,12.48,3.48,0,0,0,0,0,0,7,0,0,0,0,0,0,0,0,0,0,0,0,0,189.56,29.56,112.33,44.37,69.56,51.48,0,2.19,0,0,65.41,80.89,32.93,0,47.96,0,0,0,0,0,9.48,9.48,10.44,0,0,0,0,0,0.46,16.48,16.48,17.44,9,89.48,118.67,300.7,243.3,544,208.15,2934.81,83.44,77719.22,0,0,27.56,6.04,19.48,6,0
3,11,3,60.06,207.28,105.94,2,2,2,1,17,3,11,3,0,0,0,0,0,0,14,0,0,0,0,0,0,0,0,0,0,0,0,0,356.28,60.06,190.28,75.22,116.39,105.94,0,17,0,0,104.11,135.11,58.06,0,77.06,0,0,0,0,0,5,5,5,0,0,0,0,0,0.56,31,31,32,19,182.06,211.44,492.44,393.44,885.89,393.5,4421.28,166.72,68475.44,0,0,30.89,12,27,8,0
4.11,24.42,5.89,683.05,3087.32,1318.55,5.63,5.37,7.37,2,34.26,4.11,23.71,5.82,0,0,0,0,0,0,123.32,0,0,0,0,0,0,0,0,0,0,0,0,0,5062.47,676.92,2959.26,439.5,2221.82,1306.08,100.03,47.37,0,0,1483.71,2171.08,384.58,9.55,1776.95,0,0,0,0,0,41.05,37.74,57.11,0,0,0,0,0,0.44,688.92,660.16,908.34,328.58,2149.08,3061.45,10179.82,7732.08,17911.89,5210.53,107586.05,2430.16,4390792.37,0,0,798.88,177.38,296.65,83.12,0
5.34,29.58,4.95,345.18,1801.08,343.24,4.95,4.68,6.5,3.03,39.37,5.26,27.39,4.66,0,0,0,0,0,0,37.95,0,0,0,0,0,0,0,0,0,0,0,0,0,2474.84,257.08,1102.97,265.24,811.79,304.61,760.13,61.53,0,0,578.18,762.34,169.37,2.13,590.84,0,0,0,0,0,23.24,18.79,30.63,0,0,0,0,0,0.28,184.61,176.32,236.68,127.68,634.95,1255.95,3602.89,2757.45,6360.34,1890.89,39122.55,645.53,1114822.95,2.3,8,275.6,82.92,82.08,29.62,0
3,17,3,42.82,168.91,138.09,4,4,4,1,22.82,3,17,3,0,0,0,0,0,0,8,0,0,0,0,0,0,0,0,0,0,0,0,0,343.82,42.82,165.86,54.23,115.18,138.09,0,3.05,0,0,85.82,114.64,39,0,75.64,0,0,0,0,0,7,7,8,0,0,0,0,0,0.83,28.82,28.82,32.82,10,135.36,139.64,459.27,370.14,829.41,275,4510.5,173.14,152352.41,0,0,48,8,26,6,0
9.21,45.95,21.89,107,463.24,269.16,7.95,7.95,11,3.26,76.95,9.21,42.03,21.45,0,0,0,0,0,0,9.58,0,0,0,0,0,0,0,0,0,0,0,0,0,837.74,106,417.61,70.45,325.26,262.76,32.32,20.18,0,0,242.95,314.53,52.34,0,262.18,0,0,0,0,0,20,20,38.18,0,0,0,0,0,0.65,72,72,100.39,33.42,192.79,463.71,1490.68,1166.21,2656.89,656.5,17448.42,229.53,584233.21,0.35,0,104,21.62,77.7,8.03,0
5.39,26.66,5.55,338.63,1365.74,580.24,5.34,5.34,6.5,2,37.42,5.39,25.63,5.55,0,0,0,0,0,0,51.39,0,0,0,0,0,0,0,0,0,0,0,0,0,2275.92,338.45,1321.37,232.34,1005.82,576.42,26.66,21.71,0,0,737.58,998.34,203.11,3,792.24,0,0,0,0,0,18.63,18.63,24.18,0,0,0,0,0,0.44,272.32,272.32,331.26,130.74,951,1583.45,4824.74,3764.42,8589.16,2534.45,51200.68,1077.71,1516801.13,0,0,307.35,84.78,118.83,48.98,0
3,15.45,0.77,42.55,169.32,28.18,3,3,3,1.95,18.91,3,15.45,0.77,0,0,0,0,0,0,7.55,0,0,0,0,0,0,0,0,0,0,0,0,0,240.05,42.55,159.23,63.73,95.45,28.18,0,10.09,0,0,94.91,114.45,49.36,0,65.09,0,0,0,0,0,8.32,8.32,8.86,0,0,0,0,0,0.18,20.55,20.55,24.73,16.59,122.14,163.95,411.59,299.41,711,286.09,4008.32,107.18,88171.45,0.23,1.77,22.55,3.59,9.27,0.77,0
0.93,7.04,0,12.93,43.41,10,2,2,2,1,7.26,0.93,7.04,0,0,0,0,0,0,0,4,0,0,0,0,0,0,0,0,0,0,0,0,0,66.33,12.93,39.22,18.37,20.26,10,0,4.19,0,0,15.33,22.52,11.93,0,10.59,0,0,0,0,0,4.19,4.19,4.19,0,0,0,0,0,0.26,7.19,7.19,7.19,4,44.19,36.93,83.07,57.33,140.41,81.11,659.41,31.3,8677.7,0,0,8.3,2,0.78,0.63,0
4.84,26.21,5.79,87.47,374.11,121.74,5.92,5.92,7.61,2.82,36.82,4.84,25.5,5.79,0,0,0,0,0,0,13.68,0,0,0,0,0,0,0,0,0,0,0,0,0,582.32,87.47,360.79,55.95,263.05,121.74,9.05,5,0,0,189.84,269.63,55.58,1,213.05,0,0,0,0,0,15.16,15.16,18.61,0,0,0,0,0,0.34,81.61,80.61,104.79,43.21,261.71,386.5,1130.74,809.97,1940.71,648.21,11576.26,256.47,310583.66,0,0,89.72,23.4,16.32,8.3,0
3,11.63,8.52,49.89,159.33,160.93,2.63,2.63,3,1,23.15,3,11.63,8.52,0,0,0,0,0,0,10.37,0,0,0,0,0,0,0,0,0,0,0,0,0,367.48,49.89,152.93,60.7,93.33,160.93,0,6.41,0,0,76.26,102.3,43.93,0.33,58.04,0,0,0,0,0,12,12,12.59,0,0,0,0,0,1.05,26.04,26.04,27.63,10.37,124.22,142.63,376.67,289.3,665.96,266.85,3512.15,109.22,92041.19,0,0,33.41,5.7,18.26,6.33,0
0,0,0,3,17,12,0,0,0,0,0,0,0,0,0,0,0,0,0,0,0,0,0,0,0,0,0,0,0,0,0,0,0,0,24,3,14,13,0,12,0,3,0,0,13,13,13,0,0,0,0,0,0,0,0,0,0,0,0,0,0,0,0.86,0,0,0,0,0,0,0,0,0,0,0,0,0,0,0,0,0,0,0,0
2,11,3,35.64,138.59,67,2.55,2.55,3,1,15.18,2,11,3,0,0,0,0,0,0,10,0,0,0,0,0,0,0,0,0,0,0,0,0,235.05,35.64,132.55,45.77,82.64,67,0,6.05,0,0,63.27,88.18,34.64,0,53.55,0,0,0,0,0,11.09,11.09,12.09,0,0,0,0,0,0.51,24.91,24.91,26.91,12,121.14,122.86,326.68,244.64,571.32,244,2926.05,105.91,72550.32,0,0,29.73,5,14.55,6,0
1,10.78,1.81,42.07,171.7,91.37,2,2,2,1,13.59,1,10.78,1.81,0,0,0,0,0,0,13,0,0,0,0,0,0,0,0,0,0,0,0,0,296.52,42.07,164.52,59.48,97.85,91.37,0,7.19,0,0,86.15,112.59,44.81,0.33,67.44,0,0,0,0,0,5,4,5,0,0,0,0,0,0.55,25.44,22.44,27.26,13,162.81,182.63,449.96,348.74,798.7,345.44,3911.15,155.04,60358.48,0,0,37.48,10.41,32.85,9.15,0
6.44,17.44,8,56.89,146.39,68,3.44,3.44,4,1,32.44,6.44,17.44,8,0,0,0,0,0,0,6,0,0,0,0,0,0,0,0,0,0,0,0,0,263.28,56.89,132.39,45.17,91.06,68,0,14,0,0,71.89,91.78,31,0,60.78,0,0,0,0,0,12.89,12.89,14.89,0,0,0,0,0,0.51,19.89,19.89,21.89,6,85.61,119.78,369.5,306.17,675.67,205.39,3888.17,95.83,148174.67,0,0,43.22,6,22.44,6,0
2.3,12.22,0,34.83,129.57,4,3,3,3,2,14.39,2.3,10.57,0,0,0,0,0,0,0,6.7,0,0,0,0,0,0,0,0,0,0,0,0,0,168.39,30.83,85.52,28.39,47.35,4,30.13,17.91,0,0,49.78,68.48,22.78,0,45.7,0,0,0,0,0,4.13,4.13,4.13,0,0,0,0,0,0.05,19.65,19.65,19.65,16.7,98.78,87.7,251.78,152.48,404.26,186.48,1979.22,84.96,31455.65,0,0,14,6.26,2.87,2.87,0
4.68,32,4.45,220.47,1240.24,301.97,6.63,6.45,8.03,3.87,41.08,4.26,31.16,3.95,0,0,0,0,0,0,31.63,0,0,0,0,0,0,0,0,0,0,0,0,0,1752.95,185.16,1010.89,220.66,740.95,287.53,242,37.66,0,0,518.05,719.95,146.84,1.61,571.5,0,0,0,0,0,38.71,38.71,46.34,0,0,0,0,0,0.29,208.37,198.24,251.63,133.61,594.42,1003.66,3331.68,2358.24,5689.92,1598.08,34952.53,649.74,1108775.29,0.62,1.65,206.68,63.2,48.27,17.38,0
0,0,0,5.3,29.9,1,0,0,0,0,0,0,0,0,0,0,0,0,0,0,0,0,0,0,0,0,0,0,0,0,0,0,0,0,35.2,5.3,13.9,13.9,0,1,5,11,0,0,9.3,9.3,9.3,0,0,0,0,0,0,0,0,0,0,0,0,0,0,0,0.07,0,0,0,0,0,0,0,0,0,0,0,0,0,0,0,0,0,0,0,0
1.15,7.9,0,16.3,98.75,14,1.7,1.7,1.7,1,9.25,1.15,7.6,0,0,0,0,0,0,0,4.3,0,0,0,0,0,0,0,0,0,0,0,0,0,127.75,13.5,68.25,47.75,51.1,13.7,27,6.3,0,0,17.4,23.3,10.05,0,13.25,0,0,0,0,0,3.7,3.7,3.7,0,0,0,0,0,0.2,7,7,7,6.3,42.2,51.05,96.5,63,159.5,93.25,787.1,23.4,5528.1,0,0,0,0,0,0,0
1,25,0,5,29,25,5,5,6,1,26,1,25,0,0,0,0,0,0,0,1,0,0,0,0,0,0,0,0,0,0,0,0,0,59,5,26,5,13,25,0,3,0,0,15,20,5,0,15,0,0,0,0,0,5,5,6,0,0,0,0,0,0.96,5,5,6,1,23,14,60,36,96,37,500,29,14500,0,0,5,1,0,0,0
5.53,24.87,2.5,28.68,116.05,24.21,5.95,5.92,6.84,4.5,32.32,5.34,24.18,2.5,0,0,0,0,0,0,4.63,0,0,0,0,0,0,0,0,0,0,0,0,0,168.95,28.21,104.11,20.55,77,24.21,4.97,7.45,0,0,58.13,83.18,15.47,0,67.71,0,0,0,0,0,18.11,17.71,22.03,0,0,0,0,0,0.24,24.92,24.39,29.39,20.61,76.08,117.13,382.76,274.47,657.24,193.21,4094.66,76.92,164983.76,0,0,30.93,7.8,5.5,3.25,0
4.86,18.48,0,30.57,108.24,14.43,2.9,2.9,3.19,1.29,23.33,4.86,18.48,0,0,0,0,0,0,0,4.71,0,0,0,0,0,0,0,0,0,0,0,0,0,153.24,30.57,100.24,29.81,72.9,14.43,0,8,0,0,65,77.52,19.71,0,57.81,0,0,0,0,0,5.29,5.29,7.29,0,0,0,0,0,0.14,12.52,12.52,14.52,8.71,71.1,113,344.86,267.52,612.38,184.1,3563.14,74.57,96223.29,0,0,26.81,8.29,20,5,0
1,8.73,0,10.36,51.18,18.82,1,1,1,1,9,1,8.73,0,0,0,0,0,0,0,4,0,0,0,0,0,0,0,0,0,0,0,0,0,80.36,10.36,43.18,18.05,24.95,18.82,0,8,0,0,22.82,27.82,13.05,0,14.77,0,0,0,0,0,2,2,2,0,0,0,0,0,0.44,5,5,5,4,46.91,50.73,113.64,87.36,201,97.64,976.23,36.27,11996.5,0,0,9.32,4,3.27,2,0
3,13.73,0,25.05,93.18,11.64,3,3,3,1,17.45,3,13.14,0,0,0,0,0,0,0,5.18,0,0,0,0,0,0,0,0,0,0,0,0,0,129.86,25.05,80.45,26.27,55.55,11.64,2.36,10.36,0,0,44.45,57.68,17.86,0,39.82,0,0,0,0,0,6.18,6.18,7.18,0,0,0,0,0,0.15,14.05,14.05,15.05,8.18,73.91,106.27,263.55,199.68,463.23,180.18,2631.64,60.91,53057.77,0,0,17.36,7.55,10.41,2.18,0
4.07,18.6,0.03,24.2,90,12.77,3.57,3.57,3.8,2.4,22.9,4.03,17.77,0.03,0,0,0,0,0,0,4.6,0,0,0,0,0,0,0,0,0,0,0,0,0,126.97,23.7,76.4,12.4,52.43,12.77,4.2,9.9,0,0,43.27,58.37,12.13,0,46.23,0,0,0,0,0,6.4,6.4,7.17,0,0,0,0,0,0.17,15.77,15.77,16.97,12.57,73.17,100.03,260.1,194.87,454.97,173.2,2474.07,66.8,47776.43,0,0,17.19,6.28,5.25,2.53,0
2.34,17.66,0.29,46.84,241.39,17.79,3.61,2.92,3.61,1,20.34,2.34,17.5,0.29,0,0,0,0,0,0,12.21,0,0,0,0,0,0,0,0,0,0,0,0,0,305.05,46.63,231.47,75.58,168.39,17.79,3.82,6.32,0,0,118.71,159.84,39.97,0.87,119,0,0,0,0,0,15.82,10.95,16.05,0,0,0,0,0,0.08,41.87,34.87,45.71,17.58,155.21,232.5,763.21,564.47,1327.68,387.71,7787.5,159.03,260474.58,0,0,71.15,22,31,5.72,0
0.76,15.16,0,10.97,87.66,8.68,2.29,2.29,3.32,1,15.92,0.76,15.16,0,0,0,0,0,0,0,4.42,0,0,0,0,0,0,0,0,0,0,0,0,0,106.63,10.97,79.45,21.89,57.32,8.68,2.74,5.47,0,0,39.76,49.26,8.5,0,40.76,0,0,0,0,0,3.95,3.95,7.5,0,0,0,0,0,0.13,9.5,9.5,14.55,4.42,48.61,84.42,256.37,226.42,482.79,133.03,2639.47,53.68,58715.11,0,0,25.65,8.32,23.85,1.57,0
1.21,8.76,0,23.68,106.03,4.39,2.21,2.21,2.21,1,9.68,1.21,7.82,0,0,0,0,0,0,0,8.82,0,0,0,0,0,0,0,0,0,0,0,0,0,134.11,23.68,90.95,32.55,54.97,4.39,6.5,8.58,0,0,40.26,58.47,19.13,0,39.34,0,0,0,0,0,3.21,3.21,3.21,0,0,0,0,0,0.05,18.21,18.21,18.61,13.18,101.32,101.97,232.58,156.89,389.47,203.29,1908.47,69.24,24654.34,0,0,8.03,3.7,3.8,1.8,0
