old method;new method;introduced variable;replaced expression
com.cloudera.oryx.common.servcomp.StoreTest.testSizeRecursive()@/oryx_base1/common-servcomp/src/test/java/com/cloudera/oryx/common/servcomp/StoreTest.java:42:2;com.cloudera.oryx.common.servcomp.StoreTest.testSizeRecursive()@/oryx_base2/common-servcomp/src/test/java/com/cloudera/oryx/common/servcomp/StoreTest.java:42:2;store;Store.get()
com.cloudera.oryx.als.computation.local.ALSLocalGenerationRunner.runSteps()@/oryx_base1/als-computation/src/main/java/com/cloudera/oryx/als/computation/local/ALSLocalGenerationRunner.java:38:2;com.cloudera.oryx.als.computation.local.ALSLocalGenerationRunner.runSteps()@/oryx_base2/als-computation/src/main/java/com/cloudera/oryx/als/computation/local/ALSLocalGenerationRunner.java:38:2;lastGenerationPrefix;Namespaces.getInstanceGenerationPrefix(instanceDir,lastGenerationID)
com.cloudera.oryx.als.computation.ALSDistributedGenerationRunner.areIterationsDone()@/oryx_base1/als-computation/src/main/java/com/cloudera/oryx/als/computation/ALSDistributedGenerationRunner.java:252:2;com.cloudera.oryx.als.computation.ALSDistributedGenerationRunner.areIterationsDone()@/oryx_base2/als-computation/src/main/java/com/cloudera/oryx/als/computation/ALSDistributedGenerationRunner.java:261:2;previousConvergenceKey;iterationsPrefix+(iterationNumber-1)+/Yconvergence/
com.cloudera.oryx.als.computation.ALSDistributedGenerationRunner.areIterationsDone()@/oryx_base1/als-computation/src/main/java/com/cloudera/oryx/als/computation/ALSDistributedGenerationRunner.java:252:2;com.cloudera.oryx.als.computation.ALSDistributedGenerationRunner.areIterationsDone()@/oryx_base2/als-computation/src/main/java/com/cloudera/oryx/als/computation/ALSDistributedGenerationRunner.java:261:2;currentConvergenceKey;iterationsPrefix+iterationNumber+/Yconvergence/
