old method;new method
com.thinkaurelius.titan.graphdb.query.graph.GraphCentricQueryBuilder.constructQuery()@/titan_base1/titan-core/src/main/java/com/thinkaurelius/titan/graphdb/query/graph/GraphCentricQueryBuilder.java:205:4;com.thinkaurelius.titan.graphdb.query.graph.GraphCentricQueryBuilder.constructQuery()@/titan_base2/titan-core/src/main/java/com/thinkaurelius/titan/graphdb/query/graph/GraphCentricQueryBuilder.java:207:4
com.thinkaurelius.titan.graphdb.TitanGraphTest.testVertexCentricQuery()@/titan_base1/titan-test/src/main/java/com/thinkaurelius/titan/graphdb/TitanGraphTest.java:2447:3;com.thinkaurelius.titan.graphdb.TitanGraphTest.testVertexCentricQuery()@/titan_base2/titan-test/src/main/java/com/thinkaurelius/titan/graphdb/TitanGraphTest.java:2480:3
com.thinkaurelius.titan.graphdb.TitanEventualGraphTest.testTimestampSetting()@/titan_base1/titan-test/src/main/java/com/thinkaurelius/titan/graphdb/TitanEventualGraphTest.java:68:4;com.thinkaurelius.titan.graphdb.TitanEventualGraphTest.testTimestampSetting()@/titan_base2/titan-test/src/main/java/com/thinkaurelius/titan/graphdb/TitanEventualGraphTest.java:69:4
com.thinkaurelius.titan.diskstorage.indexing.IndexProviderTest.storeTest()@/titan_base1/titan-test/src/main/java/com/thinkaurelius/titan/diskstorage/indexing/IndexProviderTest.java:156:4;com.thinkaurelius.titan.diskstorage.indexing.IndexProviderTest.storeTest()@/titan_base2/titan-test/src/main/java/com/thinkaurelius/titan/diskstorage/indexing/IndexProviderTest.java:155:4
