old method;new method;parameter
com.thinkaurelius.titan.graphdb.database.cache.SchemaCache.getSchemaId()@/titan_base1/titan-core/src/main/java/com/thinkaurelius/titan/graphdb/database/cache/SchemaCache.java:24:4;com.thinkaurelius.titan.graphdb.database.cache.SchemaCache.getSchemaId()@/titan_base2/titan-core/src/main/java/com/thinkaurelius/titan/graphdb/database/cache/SchemaCache.java:22:4;StandardTitanTx:tx
com.thinkaurelius.titan.graphdb.database.cache.MetricInstrumentedSchemaCache.incAction()@/titan_base1/titan-core/src/main/java/com/thinkaurelius/titan/graphdb/database/cache/MetricInstrumentedSchemaCache.java:38:4;com.thinkaurelius.titan.graphdb.database.cache.MetricInstrumentedSchemaCache.incAction()@/titan_base2/titan-core/src/main/java/com/thinkaurelius/titan/graphdb/database/cache/MetricInstrumentedSchemaCache.java:39:4;StandardTitanTx:tx
com.thinkaurelius.titan.graphdb.database.cache.SchemaCache.StoreRetrieval.retrieveSchemaByName()@/titan_base1/titan-core/src/main/java/com/thinkaurelius/titan/graphdb/database/cache/SchemaCache.java:32:8;com.thinkaurelius.titan.graphdb.database.cache.SchemaCache.StoreRetrieval.retrieveSchemaByName()@/titan_base2/titan-core/src/main/java/com/thinkaurelius/titan/graphdb/database/cache/SchemaCache.java:30:8;StandardTitanTx:tx
com.thinkaurelius.titan.diskstorage.Backend.getMetricsCacheName()@/titan_base1/titan-core/src/main/java/com/thinkaurelius/titan/diskstorage/Backend.java:337:4;com.thinkaurelius.titan.diskstorage.Backend.getMetricsCacheName()@/titan_base2/titan-core/src/main/java/com/thinkaurelius/titan/diskstorage/Backend.java:332:4;boolean:reportMetrics
com.thinkaurelius.titan.graphdb.database.cache.MetricInstrumentedSchemaCache.getSchemaId()@/titan_base1/titan-core/src/main/java/com/thinkaurelius/titan/graphdb/database/cache/MetricInstrumentedSchemaCache.java:44:4;com.thinkaurelius.titan.graphdb.database.cache.MetricInstrumentedSchemaCache.getSchemaId()@/titan_base2/titan-core/src/main/java/com/thinkaurelius/titan/graphdb/database/cache/MetricInstrumentedSchemaCache.java:43:4;StandardTitanTx:tx
