old method;new method;class
com.thinkaurelius.titan.util.datastructures.PointInterval.isPoint()@/titan_base1/titan-core/src/main/java/com/thinkaurelius/titan/util/datastructures/PointInterval.java:46:4;com.thinkaurelius.titan.util.datastructures.PointInterval.intersect()@/titan_base2/titan-core/src/main/java/com/thinkaurelius/titan/util/datastructures/PointInterval.java:85:4;com.thinkaurelius.titan.util.datastructures.PointInterval@/titan_base2/titan-core/src/main/java/com/thinkaurelius/titan/util/datastructures/PointInterval.java:13:0
com.thinkaurelius.titan.util.datastructures.PointInterval.getPoint()@/titan_base1/titan-core/src/main/java/com/thinkaurelius/titan/util/datastructures/PointInterval.java:17:4;com.thinkaurelius.titan.util.datastructures.PointInterval.getPoints()@/titan_base2/titan-core/src/main/java/com/thinkaurelius/titan/util/datastructures/PointInterval.java:39:4;com.thinkaurelius.titan.util.datastructures.PointInterval@/titan_base2/titan-core/src/main/java/com/thinkaurelius/titan/util/datastructures/PointInterval.java:13:0
com.thinkaurelius.titan.diskstorage.locking.ConsistentKeyLockerTest.testCheckLocksIgnoresSingleExpiredLock()@/titan_base1/titan-test/src/test/java/com/thinkaurelius/titan/diskstorage/locking/ConsistentKeyLockerTest.java:413:4;com.thinkaurelius.titan.diskstorage.locking.ConsistentKeyLockerTest.testCheckOwnExpiredLockThrowsException()@/titan_base2/titan-test/src/test/java/com/thinkaurelius/titan/diskstorage/locking/ConsistentKeyLockerTest.java:410:4;com.thinkaurelius.titan.diskstorage.locking.ConsistentKeyLockerTest@/titan_base2/titan-test/src/test/java/com/thinkaurelius/titan/diskstorage/locking/ConsistentKeyLockerTest.java:53:0
com.thinkaurelius.titan.util.datastructures.PointInterval.isPoint()@/titan_base1/titan-core/src/main/java/com/thinkaurelius/titan/util/datastructures/PointInterval.java:46:4;com.thinkaurelius.titan.util.datastructures.PointInterval.isPoints()@/titan_base2/titan-core/src/main/java/com/thinkaurelius/titan/util/datastructures/PointInterval.java:75:4;com.thinkaurelius.titan.util.datastructures.PointInterval@/titan_base2/titan-core/src/main/java/com/thinkaurelius/titan/util/datastructures/PointInterval.java:13:0
