method from;method to;extracted code
org.junit.runners.BlockJUnit4ClassRunner.runChild()@/junit_base2/src/main/java/org/junit/runners/BlockJUnit4ClassRunner.java:66:1;org.junit.runners.BlockJUnit4ClassRunner.runNotIgnored()@/junit_base1/src/main/java/org/junit/runners/BlockJUnit4ClassRunner.java:75:1;eachNotifier.fireTestStarted()trymethodBlock(method).evaluate()catch(AssumptionViolatedExceptione)eachNotifier.addFailedAssumption(e)catch(Throwablee)eachNotifier.addFailure(e)finallyeachNotifier.fireTestFinished()
org.junit.internal.runners.model.EachTestNotifier.addFailure()@/junit_base2/src/main/java/org/junit/internal/runners/model/EachTestNotifier.java:22:1;org.junit.internal.runners.model.EachTestNotifier.addMultipleFailureException()@/junit_base1/src/main/java/org/junit/internal/runners/model/EachTestNotifier.java:30:1;for(Throwableeach:mfe.getFailures())addFailure(each)
org.junit.runners.BlockJUnit4ClassRunner.runChild()@/junit_base2/src/main/java/org/junit/runners/BlockJUnit4ClassRunner.java:66:1;org.junit.runners.BlockJUnit4ClassRunner.runIgnored()@/junit_base1/src/main/java/org/junit/runners/BlockJUnit4ClassRunner.java:89:1;eachNotifier.fireTestIgnored()
junit.framework.TestSuite.<init>()@/junit_base2/src/main/java/junit/framework/TestSuite.java:178:1;junit.framework.TestSuite.addTestsFromTestCase()@/junit_base1/src/main/java/junit/framework/TestSuite.java:132:1;fName=theClass.getName()trygetTestConstructor(theClass)catch(NoSuchMethodExceptione)addTest(warning(Class+theClass.getName()+hasnopublicconstructorTestCase(Stringname)orTestCase()))if(!Modifier.isPublic(theClass.getModifiers()))addTest(warning(Class+theClass.getName()+isnotpublic))Class<?>superClass=theClassList<String>names=newArrayList<String>()while(Test.class.isAssignableFrom(superClass))for(Methodeach:superClass.getDeclaredMethods())addTestMethod(each,names,theClass)superClass=superClass.getSuperclass()if(fTests.size()==0)addTest(warning(Notestsfoundin+theClass.getName()))
