2.42,26.45,0,59.58,441.97,47.89,6.58,5.87,7.45,4.37,29.05,2.42,26.45,0,0,0,0,0,0,0,16.21,0,0,0,0,0,0,0,0,0,0,0,0,0,549.45,59.58,433.34,91.82,305.24,47.89,0,8.63,0,0,206.55,322.47,61.92,0,260.55,0,0,0,0,0,17,12.53,18.47,0,0,0,0,0,0.11,106.03,92.5,115.16,76.05,296.55,381.53,1264.95,829.87,2094.82,678.08,11875.76,304.74,318987.58,2,3,46.15,18.35,11.9,6.78,0
0,9,0,14.18,60.13,9.53,2,2,2,1,9,0,9,0,0,0,0,0,0,0,4,0,0,0,0,0,0,0,0,0,0,0,0,0,81.84,11,48.26,19,19.26,7,10.32,8.03,0,0,20.26,28,13.74,0,14.26,0,0,0,0,0,4,4,4,0,0,0,0,0,0.15,8,8,8,7,45.79,28.05,100.58,51.32,151.89,73.84,676.53,41.53,10144,0,0,0,0,0,0,0
0.37,4.05,0,6.26,15.53,8.63,1.11,1.11,1.11,0.37,4.42,0.37,4.05,0,0,0,0,0,0,0,0.37,0,0,0,0,0,0,0,0,0,0,0,0,0,29.79,3.68,4.42,1.47,2.95,8.63,10.21,3.53,0,0,2.95,4.05,1.47,0,2.58,0,0,0,0,0,1.11,1.11,1.11,0,0,0,0,0,0.25,1.11,1.11,1.11,0.37,8.11,4.05,16.58,9.95,26.53,12.16,133.74,9.95,3610.89,0,0,1.6,0.8,0,0,0
0,0,0,1,1,6,0,0,0,0,0,0,0,0,0,0,0,0,0,0,0,0,0,0,0,0,0,0,0,0,0,0,0,0,8,1,1,1,0,6,0,0,0,0,1,1,1,0,0,0,0,0,0,0,0,0,0,0,0,0,0,0,6,0,0,0,0,0,0,0,0,0,0,0,0,0,0,0,0,0,0,0,0
3.18,40.24,7.32,50.61,367.79,104.87,7.79,7.79,9.47,4,50.74,3.18,37.58,6.34,0,0,0,0,0,0,5.95,0,0,0,0,0,0,0,0,0,0,0,0,0,518.53,32.66,229.24,57.24,167.58,71.87,175.97,14.11,0,0,115.45,156.47,36.29,1,119.18,0,0,0,0,0,15.71,15.71,22.34,0,0,0,0,0,0.32,42.03,42.03,50.61,26.05,128.82,185.37,744.03,541.82,1285.84,314.18,8028.42,171.45,414191.47,1.15,2,83.78,17.02,18.4,5.42,0
0,8,0,7,49,3,2,2,2,1,8,0,8,0,0,0,0,0,0,0,6,0,0,0,0,0,0,0,0,0,0,0,0,0,59,7,48,18,24,3,0,1,0,0,18,30,12,0,18,0,0,0,0,0,2,2,2,0,0,0,0,0,0.06,12,12,12,6,74,61,160,110,270,135,1212,62,12584,0,0,0,0,0,0,0
3.11,16.87,9.95,12.58,67.24,47.63,4.53,4.53,5.79,2.32,29.66,3.11,16.87,9.95,0,0,0,0,0,0,2.05,0,0,0,0,0,0,0,0,0,0,0,0,0,127.45,12.58,54,30.87,45.37,47.63,3.5,9.74,0,0,16.95,25.47,7.21,0,18.26,0,0,0,0,0,5.58,5.58,6.79,0,0,0,0,0,0.87,8.53,8.53,11.32,6,33.03,40.39,99.55,70.5,170.05,73.42,891,26.97,12757.84,0,0,9.35,4.7,0,0,0
3.71,18.97,21.61,6.71,25.87,56.39,3.55,3.55,3.84,1.97,43.58,3.71,18.97,21.61,0,0,0,0,0,0,1,0,0,0,0,0,0,0,0,0,0,0,0,0,88.26,6.71,18.97,6,13.63,56.39,0,6.89,0,0,9,12.55,4.11,0,8.45,0,0,0,0,0,3.55,3.55,3.84,0,0,0,0,0,3.78,3.55,3.55,3.84,1.97,16.24,24.45,60.34,42.18,102.53,40.68,556.08,13.63,7989.92,0,0,4.08,2.2,0,0,0
2,26.26,0.71,18.87,137.08,29.42,5.74,4.74,5.74,2,29.24,2,26.26,0.71,0,0,0,0,0,0,4.84,0,0,0,0,0,0,0,0,0,0,0,0,0,185.37,18.87,127.89,20.42,97.92,29.42,0,9.18,0,0,85.32,112.34,20.13,0,92.21,0,0,0,0,0,11.87,9,11.87,0,0,0,0,0,0.23,27.03,24.16,27.03,11.71,113.66,100.08,494.11,364,858.11,213.74,4768.37,188.95,220746.21,0,0,23.68,5.88,7,2,0
32.58,168.82,21.37,35.87,202.42,29.92,39.29,31.29,43.89,29,222.76,31.58,152.82,14.37,0,0,0,0,0,0,1,0,0,0,0,0,0,0,0,0,0,0,0,0,268.21,34.58,152.82,20.26,119.18,22.37,47.5,12.05,0,0,89.68,129.97,18.68,0,111.29,0,0,0,0,0,39.29,31.29,43.89,0,0,0,0,0,0.16,39.29,31.29,43.89,29,32,112.55,536,361.16,897.16,144.55,6468.61,50.16,339090.92,0,0,26.27,2.35,5.7,3.7,0
3.08,36.66,3.42,214.87,1885.26,323.42,6.08,6.08,7.37,4.08,43.18,3.08,35.82,3.42,0,0,0,0,0,0,34.53,0,0,0,0,0,0,0,0,0,0,0,0,0,2410.92,170.16,1324.13,311.55,936.45,258.53,618.39,50.18,0,0,796.16,1007.16,213.53,9.79,783.84,0,0,0,0,0,24.58,24.58,33.29,0,0,0,0,0,0.2,214.53,214.53,253.61,159.84,685.16,1165.66,4200.29,3121.26,7321.55,1850.82,45097.26,846.68,1700080.63,0,0,278.6,94.28,83.38,46.05,0
0,0,0,1,1,6,0,0,0,0,0,0,0,0,0,0,0,0,0,0,0,0,0,0,0,0,0,0,0,0,0,0,0,0,8,1,1,1,0,6,0,0,0,0,1,1,1,0,0,0,0,0,0,0,0,0,0,0,0,0,0,0,6,0,0,0,0,0,0,0,0,0,0,0,0,0,0,0,0,0,0,0,0
9,61.07,10.43,122.32,714.07,224.68,10.86,10.86,12.86,6.57,80.93,9,61.07,10.43,0,0,0,0,0,0,11.57,0,0,0,0,0,0,0,0,0,0,0,0,0,1059.07,122.32,707.18,118.82,553.86,224.68,0,6.89,0,0,396.93,515.93,98.79,0,417.14,0,0,0,0,0,19.71,19.71,30,0,0,0,0,0,0.32,124,124,146.89,79.32,283.5,630.75,2382.21,1854.57,4236.79,914.25,27852.04,389.57,1181436.89,2,2.07,167.03,36.27,15.4,10.4,0
0,6,0,4.21,31.89,18.42,1,1,1,1,6,0,6,0,0,0,0,0,0,0,1.21,0,0,0,0,0,0,0,0,0,0,0,0,0,54.11,4.21,18.26,19.74,20.32,18.42,5.89,7.74,0,0,5.21,6.42,4.42,0,2,0,0,0,0,0,1,1,1,0,0,0,0,0,1.06,1.21,1.21,1.21,1.21,14.32,13.11,29.76,18.37,48.13,27.42,215.68,9.68,1725.47,0,0,2.4,2.4,0,0,0
2.26,31.11,1.53,110.03,1003.05,193.47,6,6,7.26,4,34.58,2.26,30.79,1.53,0,0,0,0,0,0,29.42,0,0,0,0,0,0,0,0,0,0,0,0,0,1302.5,110.03,940.74,254.47,643.29,193.47,22.37,53.95,0,0,483.92,660.26,130.34,24.45,505.47,0,0,0,0,0,35.42,35.42,41.53,0,0,0,0,0,0.21,178.34,178.34,211.34,124.97,517.37,817.32,2999.79,2249.92,5249.71,1334.68,31647.24,617.66,1193021.68,1.6,1,250.82,52.83,44.7,16.4,0
0,5,0,26.05,106.21,24.74,1,1,1,1,5,0,5,0,0,0,0,0,0,0,8.32,0,0,0,0,0,0,0,0,0,0,0,0,0,142.26,19.05,60.58,35.89,5.32,24.74,25.11,27.53,0,0,21.58,29.16,23.84,0,5.32,0,0,0,0,0,1,1,1,0,0,0,0,0,0.41,8.32,8.32,8.32,8.32,65.55,46.92,95.63,52.95,148.58,112.47,596.16,33.29,3241.79,0,0,0,0,0,0,0
0.74,12.05,0,8.16,57.18,4,2,2,2.68,1,12.13,0.74,12.05,0,0,0,0,0,0,0,3.68,0,0,0,0,0,0,0,0,0,0,0,0,0,69.34,8.16,49.76,20.87,27.58,4,0,7.42,0,0,18.26,26.32,9.16,0,17.16,0,0,0,0,0,2.68,2.68,2.74,0,0,0,0,0,0.08,8.05,8.05,8.79,5.05,54.08,49.45,138.47,97.29,235.76,103.53,1137.68,51.16,17149.97,0,1.3,0.35,0.35,1,1,0
1,11.37,0,7.66,48.03,6,2.37,2.37,3,1.37,12.37,1,11.37,0,0,0,0,0,0,0,3,0,0,0,0,0,0,0,0,0,0,0,0,0,61.68,7.66,40.21,16.74,24.21,6,0,7.82,0,0,12.47,20.21,5.74,0,14.47,0,0,0,0,0,3,3,3.74,0,0,0,0,0,0.15,7.74,7.74,8.47,4.47,45.53,43.68,112.55,76.42,188.97,89.21,928.24,38.21,12899.71,0,0,0.35,0.35,1,1,0
1.37,13.21,0,9.13,53.16,6,3.37,3.37,3.74,2.37,14.58,1.37,13.21,0,0,0,0,0,0,0,3,0,0,0,0,0,0,0,0,0,0,0,0,0,68.29,9.13,45.97,17.47,29.24,6,0,7.18,0,0,16.32,26.42,6.47,0,19.95,0,0,0,0,0,3.74,3.74,5.11,0,0,0,0,0,0.13,10.11,10.11,11.58,8.11,51.63,55.26,141.39,95.79,237.18,106.89,1226.11,43.97,18777.61,0,0,4.55,3,1,1,0
20.89,95.63,36.79,118.32,530.18,246.76,13.47,13.47,14.66,6.08,152.55,20.89,94.79,36.79,0,0,0,0,0,0,6.03,0,0,0,0,0,0,0,0,0,0,0,0,0,892.42,118.32,517.53,42.16,424.34,246.76,3,9.66,0,0,353.79,426.87,40.08,0,386.79,0,0,0,0,0,51.11,51.11,56.76,0,0,0,0,0,0.48,73.76,73.76,82.89,34.39,117.76,336.29,1499.45,1177.21,2676.66,454.05,20263.68,154.74,1430734.42,0,1.35,134.18,15.38,35.75,9.4,0
3,18.58,2,280.37,1167.68,563.18,3,3,3,1,23.66,3,18.34,2,0,0,0,0,0,0,57.29,0,0,0,0,0,0,0,0,0,0,0,0,0,1998.03,273.05,1090.5,199.95,748.11,562.61,51.47,34.18,0,0,660.55,828.92,186.16,0,642.76,0,0,0,0,0,8.68,8.68,10.68,0,0,0,0,0,0.52,169.11,167.11,191.58,96.03,781.34,1114.08,3027.29,2297.84,5325.13,1895.42,28986.11,735.39,563778.24,6.3,9.9,289.43,66.22,77.53,30.3,0
12,47.21,10.34,103.84,358.97,129.24,8.87,8,8.87,5,69.08,12,46.76,10.34,0,0,0,0,0,0,6,0,0,0,0,0,0,0,0,0,0,0,0,0,590.71,88.84,292.79,51.79,205.13,114.24,84.18,18.84,0,0,176,224.18,46.79,0,177.39,0,0,0,0,0,30,28,30,0,0,0,0,0,0.39,51.11,49.11,51.11,30.87,135.26,228.26,783.21,559.55,1342.76,363.53,8516.11,153.21,334878.82,0,0,45.8,17,9,5,0
2.66,17.63,0,96.5,411.21,196.26,3,3,3,2,21.29,2.66,17.63,0,0,0,0,0,0,0,10.68,0,0,0,0,0,0,0,0,0,0,0,0,0,701.97,59.61,200.47,49.37,121.05,108.32,327.13,20.24,0,0,121.84,155.53,37.03,0,118.5,0,0,0,0,0,6.97,6.97,6.97,0,0,0,0,0,0.54,33.68,33.68,33.68,24,168.84,177.34,590.32,425.68,1016,346.18,5283.79,194.87,157070,6.35,13.4,46.08,18.65,14.72,4.33,0
5.42,32.32,11.26,232.34,1078.95,813.63,5,5,6,3,49.03,5.42,32.32,11.26,0,0,0,0,0,0,33.11,0,0,0,0,0,0,0,0,0,0,0,0,0,2122.76,232.34,1070.13,127.74,823.34,813.63,0,8.82,0,0,655.92,829.89,114.39,2.45,713.05,0,0,0,0,0,18.08,18.08,22.08,0,0,0,0,0,0.76,175.11,159.42,204.92,115.58,516.92,999.66,3052.74,2331.92,5384.66,1516.58,31819.16,566.42,795813.84,0,1.9,309.65,62.92,43.98,24.65,0
3.55,33.82,3.18,276.55,2103.13,324.82,5.84,5,6.68,3,40.45,3.39,30.11,3.03,0,0,0,0,0,0,51.18,0,0,0,0,0,0,0,0,0,0,0,0,0,2698.63,247.84,1656.03,306.76,1262.08,292.32,433.32,76.53,0,0,838.55,1142.61,185.29,0,957.32,0,0,0,0,0,62.95,58.97,72.5,0,0,0,0,0,0.18,305.95,260.42,339.63,187.68,842.16,1602.97,4988.95,3768.05,8757,2445.13,57397.63,848.24,2521920.45,3.73,12.68,291.9,60.65,98.47,32.08,1
4.05,32.53,7.82,143.89,920.29,507.45,5.26,5.26,7.21,3.21,43.89,4.05,29.66,7.61,0,0,0,0,0,0,27.53,0,0,0,0,0,0,0,0,0,0,0,0,0,1563.32,136.84,801.89,146.89,577.29,506.11,104.87,23.39,0,0,429.45,575.66,115.24,1,459.42,0,0,0,0,0,26.34,26.34,36.45,0,0,0,0,0,0.6,147.39,147.39,194.74,92.58,493.61,729.21,2622.53,1963.11,4585.63,1222.82,27868.39,597.61,1098479.82,0.7,0,122.15,43.73,29.43,13.93,1
3,27.32,6.61,301.66,1891.79,1059.66,5.26,5.21,6,2.08,37.03,3,26.71,6.61,0,0,0,0,0,0,66.29,0,0,0,0,0,0,0,0,0,0,0,0,0,3240,300.39,1818.21,355.55,1307.37,1045.97,56.55,32.5,0,0,984.92,1335.34,257.18,3,1075.16,0,0,0,0,0,22.82,20.82,26.32,0,0,0,0,0,0.57,354.53,352.53,406.53,191.63,1146.11,1704.63,5717.18,4343.58,10060.76,2850.74,59642.71,1352.66,1984351.84,0,0.1,317.35,103.72,132.32,41.42,1
7.39,57.79,5.24,84,548.18,142.32,10.26,10.26,12,7,70.53,6.97,53.76,5.24,0,0,0,0,0,0,9,0,0,0,0,0,0,0,0,0,0,0,0,0,774.5,81.32,484.42,72.32,381.74,141.97,44.55,22.24,0,0,319.71,412.05,70.55,0,341.5,0,0,0,0,0,29.61,29.61,32.68,0,0,0,0,0,0.29,93,93,110.84,66.5,210.53,439.13,1651.47,1242.92,2894.39,649.66,18991.92,285.11,766753.24,0,0,73.38,25.12,28.48,6.8,1
3,27.34,5.74,68.11,397.68,221.37,4.47,4.47,5.32,2,36,3,27.34,5.74,0,0,0,0,0,0,14.18,0,0,0,0,0,0,0,0,0,0,0,0,0,687.16,68.11,391.68,57.16,292,221.37,0,6,0,0,249.05,314.92,54.84,0.32,259.76,0,0,0,0,0,12.11,12.11,15.39,0,0,0,0,0,0.57,66.82,66.82,76.42,39.66,227.76,348.29,1136.45,873.97,2010.42,576.05,11050.05,279.74,255537.5,0,1,116.25,31.43,27.05,11.75,1
2.9469855540309946,41.13729533373096,6.387329123147724,121.89437023659431,1636.1278054493046,555.8884417043236,7.613668349179797,7.593961238597576,8.65259807268539,4.423451302961173,49.080966822993695,4.179708536606304,24.594228102346523,6.756248220834042,0.0,0.0,0.0,0.0,0.0,0.0,29.227857124351175,0.0,0.0,0.0,0.0,0.0,0.0,0.0,0.0,0.0,0.0,0.0,0.0,0.0,2016.6608633694166,109.51425610527515,569.0909219522439,93.66109959348536,715.6792070128557,551.2800670897461,120.0538865479726,23.454511811318646,0.0,0.0,644.7430567072315,588.5660501543316,175.95409819785968,1.2205713448345346,785.3365262812468,0.0,0.0,0.0,0.0,0.0,22.752543105334507,28.99832429717975,48.84482499901539,0.0,0.0,0.0,0.0,0.0,0.4134997326025268,239.65529671396126,192.48464672977633,183.81020169780635,122.17052587191458,870.9925673843561,644.417312874439,4329.0157171561705,2482.704796130558,7575.241410111336,1324.4518111580583,40484.355085348056,810.6820350540602,1007699.6688025596,0.3511872370971809,0.7831050818580136,200.94477659214328,57.25770375480568,72.82437138341736,16.29158051958883,1.0
4.593328422584454,33.971568702982424,6.732407140953635,110.80755148373704,604.9223027317132,255.2010106913039,7.885790107928034,7.760355437542285,9.36050395616575,4.207849180345486,48.403568715762816,5.096629959718801,33.271450282802164,6.543814129264609,0.0,0.0,0.0,0.0,0.0,0.0,47.75535292226118,0.0,0.0,0.0,0.0,0.0,0.0,0.0,0.0,0.0,0.0,0.0,0.0,0.0,1251.821344077527,170.91422572963376,837.7555580967252,226.0359340173116,800.2597263279876,322.1545983373876,58.18660198494642,23.377677869108346,0.0,0.0,323.5840609846934,407.1756830695441,130.36310746216816,0.7722831011855434,505.3669178831215,0.0,0.0,0.0,0.0,0.0,27.225805931986073,16.031416402271358,29.31605903999565,0.0,0.0,0.0,0.0,0.0,0.5566514149496709,292.5124706801615,154.75509851666567,276.1689285965238,80.1869055103047,791.205365437946,1447.6033801595295,3322.898435972242,3559.7093568119403,4605.324777283825,1807.2712935693069,19306.447275209463,480.5737573788338,676599.3005472469,1.6509003034047753,-1.3161065202095,192.96019358602888,50.83232590981005,61.28595880889761,30.05051980231383,1.0
4.780567810031634,44.19428556940429,6.587851404291252,238.27426118154776,571.5723984841418,619.3931404522214,7.90510821168319,7.338113708072284,7.501023404850409,3.248695575239781,54.20926690232435,4.05996736629021,35.89525065217089,6.352547210446788,0.0,0.0,0.0,0.0,0.0,0.0,29.16497845731535,0.0,0.0,0.0,0.0,0.0,0.0,0.0,0.0,0.0,0.0,0.0,0.0,0.0,1235.818950175093,135.19525221359524,567.1778219103044,275.03971361419065,666.4314601855258,429.97004015442343,-5.736192336976732,11.76666905664161,0.0,0.0,660.663822713067,701.5043758176769,169.55445247694163,0.7127471832549983,877.2224450699013,0.0,0.0,0.0,0.0,0.0,36.4880650952942,17.171266195224877,39.19229398725048,0.0,0.0,0.0,0.0,0.0,0.44362707118550226,197.44868817322634,222.5492405049647,314.0164181997238,81.7310319974663,804.7063180236119,1044.3595378920559,2616.4535419179656,1879.9348001683404,8012.373110252281,1956.3664748498124,17730.33349026222,911.3914597528662,1193199.6800837042,1.8567451675654045,4.909288426816357,204.8022473459914,55.368547652446146,86.05383913823526,26.711637375360077,1.0
3.844507484184783,44.332745640930064,4.749517767614442,133.56284622208057,647.6791595385779,629.1544640128577,7.646696897344759,4.462010299418448,5.372605265815277,5.058714786007737,45.06195091361104,2.990153791143913,34.71274439603736,5.956294158756418,0.0,0.0,0.0,0.0,0.0,0.0,50.316052554654654,0.0,0.0,0.0,0.0,0.0,0.0,0.0,0.0,0.0,0.0,0.0,0.0,0.0,2336.9128728855585,222.72474203695123,1207.2793174246417,254.56051193538394,566.4832311331297,447.2767286688284,133.80071142572098,17.307194269429154,0.0,0.0,307.6166711857495,873.254002969869,149.16723179005214,0.4921974639185229,584.9966018655398,0.0,0.0,0.0,0.0,0.0,22.58161706482159,39.20198303631325,49.44675147351788,0.0,0.0,0.0,0.0,0.0,0.35596666265452415,262.203739637993,117.81970964212375,152.88696340360426,74.09762092909229,398.5673031114821,1014.2947563742123,2236.6528417790914,1664.5627483477883,6297.494360072451,1971.2993955843338,25112.292894162973,370.1653596504982,1901443.8955114856,1.1999746898398245,3.0265007286658583,263.1168261562322,68.2084137476657,57.2257590596302,13.792561094402423,1.0
5.24677923558305,42.76392850330912,4.436258665108617,143.58291630718634,1460.7395952447976,198.6002542874931,6.928284258500144,4.5657305958499705,8.997181581432498,3.079641459976169,42.01959799076946,5.3863181390021655,37.79716346901654,6.84343322851568,0.0,0.0,0.0,0.0,0.0,0.0,52.064047457681774,0.0,0.0,0.0,0.0,0.0,0.0,0.0,0.0,0.0,0.0,0.0,0.0,0.0,2547.1921406306164,184.5382861400239,1295.6889819370035,248.3810007543197,958.5758901958527,348.0709928386009,116.1556036881865,19.21933916453484,0.0,0.0,390.00373074778577,1004.3387746845547,182.05870068121956,1.2107671811952816,489.4918495667865,0.0,0.0,0.0,0.0,0.0,18.954395793164114,29.000391438430764,49.42344609947025,0.0,0.0,0.0,0.0,0.0,0.29707393004969523,132.78572084218308,192.25266833101642,260.31156293868804,145.06273723609522,390.7762857397679,942.343531381479,4655.464732408038,1971.1053210362347,5091.444340834155,806.4364330664124,28206.071447240363,562.6123920523299,1056763.3256620956,0.9384951235285375,5.457375188705205,157.14192903774241,50.87820388689643,49.04316871743505,30.896306642638596,1.0
4.300388305446012,28.23544752356807,4.664574863198771,185.01162538171437,830.3863022424765,199.0253767735878,5.123056245100849,7.772255625216882,6.372209042367751,3.1419118446125642,42.819496021221596,4.727541938769386,32.62608155564722,6.2292884142988925,0.0,0.0,0.0,0.0,0.0,0.0,38.40331414555013,0.0,0.0,0.0,0.0,0.0,0.0,0.0,0.0,0.0,0.0,0.0,0.0,0.0,2445.205617368568,159.05695470304352,1008.8923567024423,114.8025751149928,861.3893273193901,300.0512006161814,26.633874608426567,35.59471324160095,0.0,0.0,454.81709502476895,498.6959592375711,142.57839656765088,0.5348522249622805,582.7964184753233,0.0,0.0,0.0,0.0,0.0,30.065500425651603,38.46575247479355,41.58187703281689,0.0,0.0,0.0,0.0,0.0,0.463970230912783,103.08847274778572,186.3344920379391,326.1326359258187,154.93000348237533,577.0586095250956,485.5032191804154,3081.5158045544486,2963.262985281901,6980.835997944536,1257.0095921077773,17903.58515910045,859.3281837281008,1601535.4027352966,0.16648892180602992,2.405594952717999,194.91848994698898,57.54621897688099,72.00252474024525,12.269672372212094,1.0
4.598136177349346,43.63560595053881,4.574671185944886,163.0491132781334,883.6719789443423,172.27799812165858,7.3305195749548275,5.587379815943176,8.281696261420514,3.325630968833048,34.47548998906835,4.241778707924352,30.57704669427116,6.208300143344028,0.0,0.0,0.0,0.0,0.0,0.0,37.071891325751075,0.0,0.0,0.0,0.0,0.0,0.0,0.0,0.0,0.0,0.0,0.0,0.0,0.0,2146.057238334173,149.51307083378515,547.5191187766425,120.05443299077297,661.8769463541851,661.9104347122989,252.58455917011435,34.35843700580231,0.0,0.0,612.2393438194231,951.5101055059986,189.0975413074809,0.011299364765771397,707.0329470134575,0.0,0.0,0.0,0.0,0.0,30.779009095267522,16.806684491188907,32.09372410684719,0.0,0.0,0.0,0.0,0.0,0.5700831617700716,97.38875101430959,163.19866930988456,233.89843559038286,92.21465374024356,859.9835113882004,711.5498357983106,3109.4519707808677,3566.4213623699316,5836.797879642537,2294.4330116056417,48443.49723428307,577.4810353665197,1300493.2632839931,0.4507416805522263,1.9055600209707086,243.7674062107999,29.31742225108199,44.10735673987498,13.893813319391455,1.0
4.012283324071039,45.352878364691705,4.915299575420314,123.84998155785897,1516.2013651497177,348.1790335020785,5.256052851726956,5.047652432911711,5.429340912660105,2.5639727593433967,44.07741727679918,3.314140088612154,42.1488565817327,5.981485891517032,0.0,0.0,0.0,0.0,0.0,0.0,43.84386044637587,0.0,0.0,0.0,0.0,0.0,0.0,0.0,0.0,0.0,0.0,0.0,0.0,0.0,2581.545396497386,93.39309521212789,514.6074276086405,130.60898682342616,542.0021905117176,546.1021130405015,38.155014420812684,30.751432604241252,0.0,0.0,384.89543087985635,1012.2642219053307,100.36652133157585,1.1425915264479654,482.3299797802837,0.0,0.0,0.0,0.0,0.0,26.43604943294025,32.568991361929854,51.36934856585944,0.0,0.0,0.0,0.0,0.0,0.41442105112671124,225.55071260144652,128.4550559734754,146.6380484243474,65.17763401415147,814.054863877778,478.31594928746773,3416.158100946922,1314.6151879237184,4378.427687672642,2319.888312153957,22958.732894034652,788.8896207572626,1473468.5046594648,1.4836041263841875,0.8100293058604437,225.8987196383168,28.64229102571547,92.80177334296165,31.29293706312747,1.0
5.322550630659682,29.910925912634156,6.4286255872768185,239.0103368920386,626.5474714966701,300.5738222571624,5.6916622153468275,4.466287587001827,6.693347293234892,3.964829568230162,40.22538348333396,4.734846375774882,28.564945716955755,5.598107634292951,0.0,0.0,0.0,0.0,0.0,0.0,49.90299130519964,0.0,0.0,0.0,0.0,0.0,0.0,0.0,0.0,0.0,0.0,0.0,0.0,0.0,1609.7880198921844,184.2370563778143,947.8454244228626,247.57425863570165,647.8596479102348,422.9274427002577,254.20315213981303,47.10773343039093,0.0,0.0,391.59335059743137,990.8148311707682,93.31680931330361,0.015571353893054196,705.7929146609591,0.0,0.0,0.0,0.0,0.0,24.33358191374477,41.525599079711284,35.56862720632146,0.0,0.0,0.0,0.0,0.0,0.3283678019712123,126.52225191025741,231.44508790079215,214.45180435395366,135.94799635514573,688.3453920093933,615.4593424844397,2358.291858367219,1233.5430697006532,5199.106824163271,1432.6186275866016,22120.379771395932,1009.2850858607001,1770624.8403459287,0.8976848747745709,1.51750212323301,230.07312808348078,36.57183619704962,61.0983149955642,16.975853040522026,1.0
4.5196240493925774,31.676290874138616,4.881810920486364,126.20572360050207,1730.979472554442,685.6586349538948,5.8287090769665575,5.857571683595607,7.625104550694557,2.2054485232782044,53.9591685754966,4.410599640201539,33.38227486849401,5.2688045595398565,0.0,0.0,0.0,0.0,0.0,0.0,17.361347808139943,0.0,0.0,0.0,0.0,0.0,0.0,0.0,0.0,0.0,0.0,0.0,0.0,0.0,2146.4462619197698,142.0256585582457,913.9800003921769,149.0424491206711,1107.2318229977616,613.7210925220986,-9.09552286683728,24.954893253070217,0.0,0.0,338.85218284473535,811.3092325415283,71.84215457190669,1.078916120350689,334.3902345216319,0.0,0.0,0.0,0.0,0.0,25.543312600918625,17.616751417300257,21.002862245397687,0.0,0.0,0.0,0.0,0.0,0.30166747841516556,135.14843626570564,187.1226690336298,270.09468546016814,123.2163611771425,733.0296492495983,1026.223978787713,3208.801959729909,2295.9084255242333,3724.267523479508,1064.0242237685743,21608.100823446573,509.5929584839502,1096715.1064810283,1.2765228103661972,5.715305540983405,143.8990343938644,62.23920587287332,40.88894964978225,16.512953184832032,1.0
3.9204041745502085,26.67948548240016,5.7725581188927215,144.35338746230218,1188.8731929596452,670.7993000193385,6.713529148171741,4.630807098475845,6.594045368735001,2.424669061121807,53.77336290915778,3.274509780937635,41.69861825292071,5.865679898436273,0.0,0.0,0.0,0.0,0.0,0.0,42.42532630915103,0.0,0.0,0.0,0.0,0.0,0.0,0.0,0.0,0.0,0.0,0.0,0.0,0.0,1968.518997105815,122.30359553113158,675.2633446096893,143.52376489847214,1054.830129414257,506.47188790867386,181.13817533164325,13.469164678290642,0.0,0.0,378.768262420929,629.2078885680181,185.51258514397887,-0.08808261226798708,832.3098527898433,0.0,0.0,0.0,0.0,0.0,19.27112411066615,25.096445017684005,29.154672406481495,0.0,0.0,0.0,0.0,0.0,0.353220189484513,182.06315616652984,120.02416830964407,214.52324154632225,74.19761795615757,740.1340121678081,881.7877615594764,2426.665418563516,2535.125930181028,6555.037817542032,1341.6607045082883,37717.28813867984,904.9835329204288,1866925.580009825,1.7176608043875927,6.424802652370033,215.5983266000107,38.835296861279026,81.54575796447278,27.255775192263247,1.0
4.522336591747712,36.04821587049964,4.381713507716089,153.52524128158004,1566.464081855017,685.3209971500962,4.77184155884368,4.899826646623231,7.9762750308572095,3.852845679619396,44.053023266014584,4.905185244807448,35.34638023166321,5.081941458681644,0.0,0.0,0.0,0.0,0.0,0.0,23.17378669155435,0.0,0.0,0.0,0.0,0.0,0.0,0.0,0.0,0.0,0.0,0.0,0.0,0.0,1490.9874549058445,179.0275877151528,588.615767034066,160.12134527229864,607.6705876753763,425.0596068769564,50.84713498037375,15.216645401692405,0.0,0.0,749.8145973502036,804.2529121471418,71.84139665453453,0.753101866745668,754.5734409651991,0.0,0.0,0.0,0.0,0.0,40.3580559580912,37.26803602071304,43.52448705592364,0.0,0.0,0.0,0.0,0.0,0.3079664184410731,166.64271423117552,266.9230407420051,213.9283302251456,71.5902573228816,328.99303139721246,492.9164114648957,3594.736974097559,1769.3370088917518,6116.440340128043,1587.8621993595775,23679.164619220483,901.1567831682935,1035963.2628198852,0.971248994761756,-0.24960539576460028,217.96651473628614,71.62621380190089,29.944793097931665,26.186033770283156,1.0
3.5737329393967885,38.08139416334301,6.74229771840064,252.5263069251948,1036.7889662598345,353.5113572769194,7.910146170741614,5.066066775691835,5.863435426875353,2.4646577557272225,53.778498134612306,2.773960312829879,26.913687119925502,5.854688978417373,0.0,0.0,0.0,0.0,0.0,0.0,33.662699082246164,0.0,0.0,0.0,0.0,0.0,0.0,0.0,0.0,0.0,0.0,0.0,0.0,0.0,1635.5554389422136,202.95702091782357,824.3663470988877,184.80394410359497,1095.4784040131965,176.58172672929445,-9.00554751423254,47.102410791234085,0.0,0.0,520.508720370352,876.9934312759597,120.93913778630719,1.304032438302832,879.96751595658,0.0,0.0,0.0,0.0,0.0,33.07531791317927,32.98644436075184,46.18719911934146,0.0,0.0,0.0,0.0,0.0,0.4141471618157965,191.2020732691022,267.24544351398254,141.93480311783372,162.80046016820617,518.4872349502485,1125.363736106944,4403.516189372437,2808.994420788489,7908.752057353387,1700.077807644061,37513.668425945136,330.56937307754384,1380822.9311921261,-0.23709340598588574,0.6706320027290609,222.92178668593402,72.86732081333102,79.56518216935144,16.47367905776569,1.0
3.107429253990611,25.993174814515324,6.370791538535439,129.87722936167646,1417.8929468113588,733.2362472498214,5.997134177376165,5.41691427215203,7.675788806300773,3.897734880343108,41.246179423920154,3.388077555969631,38.146405061727776,5.012978071014254,0.0,0.0,0.0,0.0,0.0,0.0,45.03695040797093,0.0,0.0,0.0,0.0,0.0,0.0,0.0,0.0,0.0,0.0,0.0,0.0,0.0,2550.192194676098,129.9148525111409,546.3308188613745,195.54522572693617,421.39211793700576,258.9162035847513,256.9523194897473,28.763890185683415,0.0,0.0,603.1441003447417,413.8019834430838,167.64096788612213,0.13109501635754522,807.259457090473,0.0,0.0,0.0,0.0,0.0,22.02743635512379,20.40196436212024,45.15281772180682,0.0,0.0,0.0,0.0,0.0,0.29140665792499115,167.5269095147866,273.58483172840596,131.05723020661776,61.8333396878467,368.9025053209109,1127.6087536485084,4740.024025417393,2996.8073862355977,6048.02494158875,976.4153333042012,22981.995888226837,989.1791170967206,1600186.3200052064,1.174900879610069,4.2186509653832935,115.92138821563873,62.34447152871068,70.3158310968524,16.7310692101681,1.0
3.4660796948913397,44.280577065645716,5.054930441754193,160.99433349431655,1711.2432142909174,350.4151435255014,4.545008707501357,4.684123878262488,6.432378453722181,2.220148135639969,44.34089848849776,4.378506384878606,38.240791721842164,4.322707294505096,0.0,0.0,0.0,0.0,0.0,0.0,36.41193326963351,0.0,0.0,0.0,0.0,0.0,0.0,0.0,0.0,0.0,0.0,0.0,0.0,0.0,2109.464038782755,222.81874430984232,1051.9192385902884,254.56913034559426,394.64103298382435,456.99902941258415,157.54447714579186,19.230216887976596,0.0,0.0,401.0763408047559,990.9863181283736,108.93664062355413,0.2495346545110953,562.9639278178724,0.0,0.0,0.0,0.0,0.0,42.48771137972632,39.21223970052016,47.346905433237595,0.0,0.0,0.0,0.0,0.0,0.3961898734648782,104.8310911206292,194.08276517507818,121.7341348623573,167.98166257531508,469.27320657648454,974.9476967294777,1679.077658976722,3249.1995648039065,2949.731004774139,1641.227142274246,41582.993800021904,550.5290247004291,1015496.1391248975,0.20552240275425793,3.655921548351364,263.2590136310232,60.94720143589922,57.45537324171594,27.369297165700544,1.0
4.444276319354676,40.89804687839282,5.5636264212731685,134.1516496093033,1652.3570205692758,603.2313572165538,7.476445020144154,7.816807491620447,6.938390612611825,3.0835151461132675,51.215302590589715,5.332677288182417,39.72662705576099,4.720173285960898,0.0,0.0,0.0,0.0,0.0,0.0,21.019394284916032,0.0,0.0,0.0,0.0,0.0,0.0,0.0,0.0,0.0,0.0,0.0,0.0,0.0,2631.8831263172124,228.7451567938495,1482.4927357588015,200.1609805106246,394.7148463863672,703.628660259153,-7.844746853921436,20.43184063346195,0.0,0.0,477.28073662199586,1016.628146109894,192.17222058981895,1.4701754216459624,423.1127761759553,0.0,0.0,0.0,0.0,0.0,42.504593118812835,38.381584204912365,45.58426891043503,0.0,0.0,0.0,0.0,0.0,0.42595565170951166,278.92516040199877,271.1963485735656,136.56838046778475,92.2665698875831,520.4680341516105,1429.218150541269,3367.835133786365,2040.3589885414958,5223.075026152432,851.5206047352051,44529.78964348273,335.21590698210537,1802241.0287332905,1.3913576701808537,-0.9784231425321,100.67853071021652,47.10756336979957,31.360585263710426,14.753905275669384,1.0
4.089624733736682,45.163928946064495,4.522399272578402,217.02093459807082,1123.4750936843013,408.2135957724254,5.138833490177862,7.751901441510251,7.4122396478785015,2.586067648047596,52.01963057475009,3.692620464558141,34.94196869336314,5.224246733976427,0.0,0.0,0.0,0.0,0.0,0.0,35.095614672002625,0.0,0.0,0.0,0.0,0.0,0.0,0.0,0.0,0.0,0.0,0.0,0.0,0.0,1079.824556568128,200.59800221895614,634.0488732429966,216.40623610875173,946.4673250557748,719.0491188509988,83.55205124250244,18.496437858642054,0.0,0.0,424.305453502983,1104.7223391706693,87.25098173929794,1.0049124440770814,463.0686709615557,0.0,0.0,0.0,0.0,0.0,27.183557056732834,31.953394452161838,23.72573500423989,0.0,0.0,0.0,0.0,0.0,0.3081549786981266,238.36062022183302,96.10081228733372,202.09780108026672,75.73305174260436,521.553427083898,1178.0929029576964,2249.340960475816,1774.3502269385524,5282.419766243925,2082.60136365985,28031.768986854022,918.3640557783697,776022.4653868258,1.4339121857250696,-1.349065442584732,195.91716583338214,57.09268874675211,30.298772345996074,27.172915011238484,1.0
4.533624747044741,35.29544868549026,4.527409274854324,154.1899866214104,1069.7043693109056,480.47575287270115,7.2977689379190505,6.6004801741394825,5.991199566510824,3.9137244972165326,43.45616084249123,3.1361417378173977,26.953742179182317,6.332552013652972,0.0,0.0,0.0,0.0,0.0,0.0,24.331812066947457,0.0,0.0,0.0,0.0,0.0,0.0,0.0,0.0,0.0,0.0,0.0,0.0,0.0,2378.33862605728,129.56026138094524,713.7049255578671,215.89205969432538,575.0827903827741,515.4923680261666,91.60713232805291,21.32203412329406,0.0,0.0,372.71754560735087,913.4985635785024,167.02069296350862,-0.09005970574925706,515.2190391641,0.0,0.0,0.0,0.0,0.0,29.55167834414472,26.801064347186667,42.48366891358944,0.0,0.0,0.0,0.0,0.0,0.43267278521880326,275.9287343552278,141.2636611835885,312.978582120346,154.3167061485255,512.7596900791441,944.3158853003933,2079.8942587588067,2351.340140923642,6259.102423168379,1029.8412042566338,29282.32729045889,861.8052645046491,1815812.6189250916,1.5376236751498091,7.106432664718632,160.2296683438726,39.22916239384049,41.24100691817798,13.379425144976297,1.0
3.7711975544711978,27.164855902922504,5.098613258150252,226.91914187072257,1604.576754092183,614.3434294374244,7.903156413438095,7.473665317221371,8.85951352494406,2.537415698650714,55.20116337946102,4.506046254021097,29.595907928241687,6.668430813246541,0.0,0.0,0.0,0.0,0.0,0.0,23.20640395216605,0.0,0.0,0.0,0.0,0.0,0.0,0.0,0.0,0.0,0.0,0.0,0.0,0.0,1954.5533361846294,207.57307385945967,1325.7242842403266,134.93635364512,1141.536292242782,377.7659682471308,30.90554564926049,50.43030471919988,0.0,0.0,487.6460054357452,609.4218011790078,85.318025291776,0.7647560861485774,891.1254341477046,0.0,0.0,0.0,0.0,0.0,19.82328040855389,41.38377238796101,23.300260368073637,0.0,0.0,0.0,0.0,0.0,0.29753119273199546,260.36725114946387,277.7356577533076,238.22729653305782,75.86795605212231,666.0909507322115,1205.7479215378678,2928.894820526758,2122.3572134670503,5337.6076556232465,1504.8421585512965,27283.356280819808,524.0918303572537,1903882.751833887,1.4211907812874114,-0.26806405147635926,176.38787887847676,52.88149757318513,57.70087901362944,13.463631998109403,1.0
