0.0,0.0,0.0,9.0,40.0,6.0,0.0,0.0,0.0,0.0,0.0,0.0,0.0,0.0,0.0,0.0,0.0,0.0,0.0,0.0,0.0,0.0,0.0,0.0,0.0,0.0,0.0,0.0,0.0,0.0,0.0,0.0,0.0,0.0,52.0,9.0,3.0,3.0,0.0,6.0,8.0,35.0,0.0,0.0,3.0,3.0,3.0,0.0,0.0,0.0,0.0,0.0,0.0,0.0,0.0,0.0,0.0,0.0,0.0,0.0,0.0,0.0,2.0,0.0,0.0,0.0,0.0,0.0,0.0,0.0,0.0,0.0,0.0,0.0,0.0,0.0,0.0,0.0,0.0,0.0,0.0,0.0,0.0
0.0,0.0,0.0,227.04,1220.83,1533.46,0.0,0.0,0.0,0.0,0.0,0.0,0.0,0.0,0.0,0.0,0.0,0.0,0.0,0.0,0.0,0.0,0.0,0.0,0.0,0.0,0.0,0.0,0.0,0.0,0.0,0.0,0.0,0.0,2153.5,227.04,24.0,32.0,0.0,1521.46,39.0,1186.83,0.0,0.0,22.0,22.0,22.0,0.0,0.0,0.0,0.0,0.0,0.0,0.0,0.0,0.0,0.0,0.0,0.0,0.0,0.0,0.0,63.39,0.0,0.0,0.0,0.0,0.0,0.0,0.0,0.0,0.0,0.0,0.0,0.0,0.0,0.0,0.0,0.0,0.0,0.0,0.0,0.0
3.0,17.0,2.0,30.0,108.0,42.0,4.0,4.0,4.0,2.0,22.0,3.0,17.0,2.0,0.0,0.0,0.0,0.0,0.0,0.0,6.0,0.0,0.0,0.0,0.0,0.0,0.0,0.0,0.0,0.0,0.0,0.0,0.0,0.0,179.0,30.0,102.0,19.0,66.0,42.0,0.0,6.0,0.0,0.0,63.0,86.0,18.0,0.0,68.0,0.0,0.0,0.0,0.0,0.0,8.0,8.0,9.0,0.0,0.0,0.0,0.0,0.0,0.41,23.0,23.0,24.0,16.0,105.0,124.0,343.0,243.0,586.0,229.0,3255.0,95.0,69336.0,0.0,0.0,29.0,16.0,10.0,4.0,0.0
1.0,13.2,1.0,24.6,137.0,40.0,2.0,2.0,2.0,1.0,15.4,1.0,12.4,1.0,0.0,0.0,0.0,0.0,0.0,0.0,9.6,0.0,0.0,0.0,0.0,0.0,0.0,0.0,0.0,0.0,0.0,0.0,0.0,0.0,200.6,24.6,132.0,33.2,92.2,40.0,1.0,4.0,0.0,0.0,57.8,72.2,18.6,0.0,53.6,0.0,0.0,0.0,0.0,0.0,5.0,5.0,6.0,0.0,0.0,0.0,0.0,0.0,0.3,15.4,15.4,16.4,9.6,117.6,149.4,389.0,299.2,688.2,267.0,3691.6,96.0,69535.2,0.0,0.0,6.0,3.0,7.4,1.0,0.0
0.0,0.0,0.0,6.11,32.74,41.79,0.0,0.0,0.0,0.0,0.0,0.0,0.0,0.0,0.0,0.0,0.0,0.0,0.0,0.0,0.0,0.0,0.0,0.0,0.0,0.0,0.0,0.0,0.0,0.0,0.0,0.0,0.0,0.0,69.95,6.11,22.37,21.37,0.0,41.79,0.0,10.37,0.0,0.0,17.68,17.68,17.68,0.0,0.0,0.0,0.0,0.0,0.0,0.0,0.0,0.0,0.0,0.0,0.0,0.0,0.0,0.0,1.87,0.0,0.0,0.0,0.0,0.0,0.0,0.0,0.0,0.0,0.0,0.0,0.0,0.0,0.0,0.0,0.0,0.0,0.0,0.0,0.0
0.0,0.0,0.0,30.07,153.5,25.64,0.0,0.0,0.0,0.0,0.0,0.0,0.0,0.0,0.0,0.0,0.0,0.0,0.0,0.0,0.0,0.0,0.0,0.0,0.0,0.0,0.0,0.0,0.0,0.0,0.0,0.0,0.0,0.0,204.64,27.21,115.93,110.5,0.0,25.64,11.36,30.5,0.0,0.0,93.21,93.21,93.21,0.0,0.0,0.0,0.0,0.0,0.0,0.0,0.0,0.0,0.0,0.0,0.0,0.0,0.0,0.0,0.23,0.0,0.0,0.0,0.0,0.0,0.0,0.0,0.0,0.0,0.0,0.0,0.0,0.0,0.0,0.0,0.0,0.0,0.0,0.0,0.0
2.0,14.0,2.0,57.0,289.5,52.0,3.0,3.0,4.0,1.0,17.0,2.0,14.0,2.0,0.0,0.0,0.0,0.0,0.0,0.0,19.0,0.0,0.0,0.0,0.0,0.0,0.0,0.0,0.0,0.0,0.0,0.0,0.0,0.0,396.5,57.0,281.5,59.45,196.35,52.0,0.0,8.0,0.0,0.0,130.45,192.45,40.45,0.0,152.0,0.0,0.0,0.0,0.0,0.0,11.0,11.0,11.0,0.0,0.0,0.0,0.0,0.0,0.19,65.0,65.0,67.0,21.0,278.9,270.9,799.8,538.8,1338.6,549.8,6800.45,264.9,121890.3,0.0,1.0,19.0,7.0,4.0,4.0,0.0
0.0,0.0,0.0,24.78,99.33,69.33,0.0,0.0,0.0,0.0,0.0,0.0,0.0,0.0,0.0,0.0,0.0,0.0,0.0,0.0,0.0,0.0,0.0,0.0,0.0,0.0,0.0,0.0,0.0,0.0,0.0,0.0,0.0,0.0,183.11,24.78,21.56,20.56,0.0,69.33,0.0,77.78,0.0,0.0,20.56,20.56,20.56,0.0,0.0,0.0,0.0,0.0,0.0,0.0,0.0,0.0,0.0,0.0,0.0,0.0,0.0,0.0,3.22,0.0,0.0,0.0,0.0,0.0,0.0,0.0,0.0,0.0,0.0,0.0,0.0,0.0,0.0,0.0,0.0,0.0,0.0,0.0,0.0
1.0,9.0,0.0,8.0,39.0,17.0,2.0,2.0,2.0,1.0,9.0,1.0,9.0,0.0,0.0,0.0,0.0,0.0,0.0,0.0,4.0,0.0,0.0,0.0,0.0,0.0,0.0,0.0,0.0,0.0,0.0,0.0,0.0,0.0,64.0,8.0,37.0,13.0,14.0,17.0,0.0,2.0,0.0,0.0,15.0,21.0,8.0,0.0,13.0,0.0,0.0,0.0,0.0,0.0,2.0,2.0,2.0,0.0,0.0,0.0,0.0,0.0,0.46,6.0,6.0,6.0,4.0,40.0,34.0,82.0,53.0,135.0,74.0,623.0,28.0,7405.0,0.0,0.0,4.0,3.0,2.0,2.0,0.0
0.0,0.0,0.0,53.0,395.0,293.0,0.0,0.0,0.0,0.0,0.0,0.0,0.0,0.0,0.0,0.0,0.0,0.0,0.0,0.0,0.0,0.0,0.0,0.0,0.0,0.0,0.0,0.0,0.0,0.0,0.0,0.0,0.0,0.0,659.0,53.0,217.0,203.0,0.0,293.0,0.0,178.0,0.0,0.0,198.0,198.0,198.0,0.0,0.0,0.0,0.0,0.0,0.0,0.0,0.0,0.0,0.0,0.0,0.0,0.0,0.0,0.0,1.35,0.0,0.0,0.0,0.0,0.0,0.0,0.0,0.0,0.0,0.0,0.0,0.0,0.0,0.0,0.0,0.0,0.0,0.0,0.0,0.0
5.5,40.63,8.61,199.24,1157.87,379.37,5.74,5.03,6.03,2.0,51.84,5.5,39.58,8.61,0.0,0.0,0.0,0.0,0.0,0.0,26.66,0.0,0.0,0.0,0.0,0.0,0.0,0.0,0.0,0.0,0.0,0.0,0.0,0.0,1660.42,199.24,1106.34,151.0,871.87,376.74,17.63,36.53,0.0,0.0,741.13,876.39,120.55,0.0,755.84,0.0,0.0,0.0,0.0,0.0,28.76,26.66,28.76,0.0,0.0,0.0,0.0,0.0,0.34,149.82,133.24,163.32,57.08,458.45,1091.63,3469.74,2855.63,6325.37,1550.08,39432.11,556.05,1223775.71,0.4,0.8,247.55,42.02,98.17,27.98,0.0
5.0,24.27,1.0,41.73,155.27,55.0,3.0,3.0,3.0,2.0,30.0,5.0,24.27,1.0,0.0,0.0,0.0,0.0,0.0,0.0,5.0,0.0,0.0,0.0,0.0,0.0,0.0,0.0,0.0,0.0,0.0,0.0,0.0,0.0,248.0,41.73,142.27,36.55,95.27,55.0,0.0,13.0,0.0,0.0,85.55,101.27,24.55,0.0,76.73,0.0,0.0,0.0,0.0,0.0,9.73,9.73,9.73,0.0,0.0,0.0,0.0,0.0,0.39,15.73,15.73,16.73,13.73,67.0,125.45,325.45,267.73,593.18,192.45,3496.09,61.18,77004.18,0.0,0.0,17.82,9.27,1.0,1.0,0.0
3.0,12.8,2.0,96.4,275.3,177.0,2.4,2.4,2.4,1.0,17.7,3.0,12.8,2.0,0.0,0.0,0.0,0.0,0.0,0.0,8.2,0.0,0.0,0.0,0.0,0.0,0.0,0.0,0.0,0.0,0.0,0.0,0.0,0.0,534.7,46.4,112.3,23.4,66.9,95.0,259.0,30.0,0.0,0.0,64.8,84.6,19.9,0.0,64.7,0.0,0.0,0.0,0.0,0.0,6.2,6.2,7.2,0.0,0.0,0.0,0.0,0.0,0.85,19.8,19.8,22.2,13.8,110.4,121.4,322.8,220.9,543.7,231.8,2755.6,98.0,46058.8,1.36,0.73,10.36,5.45,14.82,3.18,0.0
4.0,24.94,2.0,452.0,2334.5,289.31,6.0,6.0,6.0,2.0,30.81,4.0,24.75,2.0,0.0,0.0,0.0,0.0,0.0,0.0,85.62,0.0,0.0,0.0,0.0,0.0,0.0,0.0,0.0,0.0,0.0,0.0,0.0,0.0,3071.75,447.75,2208.62,389.12,1720.19,287.0,61.5,71.94,0.0,0.0,1190.94,1643.06,262.38,3.0,1377.69,0.0,0.0,0.0,0.0,0.0,41.31,41.31,46.62,0.0,0.0,0.0,0.0,0.0,0.13,495.88,484.88,544.94,198.88,1470.25,2558.88,7313.31,5678.0,12991.31,4029.12,80043.31,1483.56,2545718.5,0.0,1.5,743.94,166.62,230.25,61.62,0.0
2.0,16.0,0.0,54.33,372.0,147.33,3.0,3.0,3.0,1.0,17.67,2.0,15.0,0.0,0.0,0.0,0.0,0.0,0.0,0.0,19.33,0.0,0.0,0.0,0.0,0.0,0.0,0.0,0.0,0.0,0.0,0.0,0.0,0.0,573.67,54.33,348.0,124.67,247.0,147.33,8.0,16.0,0.0,0.0,172.0,230.67,62.33,0.0,168.33,0.0,0.0,0.0,0.0,0.0,9.0,9.0,11.0,0.0,0.0,0.0,0.0,0.0,0.42,58.67,58.67,63.67,25.33,277.0,370.0,1027.33,744.33,1771.67,647.0,9558.0,240.33,180586.0,0.0,6.0,74.33,29.33,43.0,16.0,0.0
0.0,0.0,0.0,15.0,48.2,40.0,0.0,0.0,0.0,0.0,0.0,0.0,0.0,0.0,0.0,0.0,0.0,0.0,0.0,0.0,0.0,0.0,0.0,0.0,0.0,0.0,0.0,0.0,0.0,0.0,0.0,0.0,0.0,0.0,102.2,15.0,36.2,35.2,0.0,40.0,0.0,12.0,0.0,0.0,29.2,30.2,30.2,0.0,0.0,0.0,0.0,0.0,0.0,0.0,0.0,0.0,0.0,0.0,0.0,0.0,0.0,0.0,1.1,0.0,0.0,0.0,0.0,0.0,0.0,0.0,0.0,0.0,0.0,0.0,0.0,0.0,0.0,0.0,0.0,0.0,0.0,0.0,0.0
0.0,1.0,0.0,21.0,86.0,1.0,1.0,1.0,1.0,1.0,1.0,0.0,1.0,0.0,0.0,0.0,0.0,0.0,0.0,0.0,3.0,0.0,0.0,0.0,0.0,0.0,0.0,0.0,0.0,0.0,0.0,0.0,0.0,0.0,107.0,18.0,65.0,4.0,0.0,1.0,8.0,21.0,0.0,0.0,4.0,4.0,4.0,0.0,0.0,0.0,0.0,0.0,0.0,0.0,1.0,1.0,1.0,0.0,0.0,0.0,0.0,0.0,0.02,3.0,3.0,3.0,3.0,6.0,6.0,6.0,6.0,12.0,12.0,24.0,3.0,24.0,0.0,0.0,0.0,0.0,0.0,0.0,0.0
0.0,0.0,0.0,57.55,306.73,37.09,0.0,0.0,0.0,0.0,0.0,0.0,0.0,0.0,0.0,0.0,0.0,0.0,0.0,0.0,0.0,0.0,0.0,0.0,0.0,0.0,0.0,0.0,0.0,0.0,0.0,0.0,0.0,0.0,399.36,57.55,0.0,0.0,0.0,37.09,6.27,306.73,0.0,0.0,0.0,0.0,0.0,0.0,0.0,0.0,0.0,0.0,0.0,0.0,0.0,0.0,0.0,0.0,0.0,0.0,0.0,0.0,0.0,0.0,0.0,0.0,0.0,0.0,0.0,0.0,0.0,0.0,0.0,0.0,0.0,0.0,0.0,0.0,0.0,0.0,0.0,0.0,0.0
2.79,17.83,0.21,45.08,211.0,39.88,3.0,3.0,3.67,1.71,21.29,2.79,17.83,0.21,0.0,0.0,0.0,0.0,0.0,0.0,9.33,0.0,0.0,0.0,0.0,0.0,0.0,0.0,0.0,0.0,0.0,0.0,0.0,0.0,289.54,45.08,201.0,58.58,124.58,39.88,0.0,10.0,0.0,0.0,127.54,157.83,51.75,0.0,106.08,0.0,0.0,0.0,0.0,0.0,10.83,10.83,10.83,0.0,0.0,0.0,0.0,0.0,0.2,30.29,30.29,32.29,19.92,139.04,190.29,520.71,352.79,873.5,329.33,4857.42,118.79,93437.71,0.29,0.29,49.33,12.92,13.46,6.0,0.0
0.0,0.0,0.0,4.0,27.0,0.0,0.0,0.0,0.0,0.0,0.0,0.0,0.0,0.0,0.0,0.0,0.0,0.0,0.0,0.0,0.0,0.0,0.0,0.0,0.0,0.0,0.0,0.0,0.0,0.0,0.0,0.0,0.0,0.0,31.0,4.0,6.0,6.0,0.0,0.0,0.0,21.0,0.0,0.0,6.0,6.0,6.0,0.0,0.0,0.0,0.0,0.0,0.0,0.0,0.0,0.0,0.0,0.0,0.0,0.0,0.0,0.0,0.0,0.0,0.0,0.0,0.0,0.0,0.0,0.0,0.0,0.0,0.0,0.0,0.0,0.0,0.0,0.0,0.0,0.0,0.0,0.0,0.0
0.0,0.0,0.0,63.0,264.0,97.33,0.0,0.0,0.0,0.0,0.0,0.0,0.0,0.0,0.0,0.0,0.0,0.0,0.0,0.0,0.0,0.0,0.0,0.0,0.0,0.0,0.0,0.0,0.0,0.0,0.0,0.0,0.0,0.0,408.0,63.0,244.0,241.67,0.0,97.33,0.0,20.0,0.0,0.0,130.33,130.33,130.33,0.0,0.0,0.0,0.0,0.0,0.0,0.0,0.0,0.0,0.0,0.0,0.0,0.0,0.0,0.0,0.45,0.0,0.0,0.0,0.0,0.0,0.0,0.0,0.0,0.0,0.0,0.0,0.0,0.0,0.0,0.0,0.0,0.0,0.0,0.0,0.0
5.0,26.38,5.88,415.06,1843.06,920.12,5.56,5.12,6.06,3.25,37.62,5.0,26.38,5.88,0.0,0.0,0.0,0.0,0.0,0.0,60.81,0.0,0.0,0.0,0.0,0.0,0.0,0.0,0.0,0.0,0.0,0.0,0.0,0.0,3146.56,415.06,1783.44,379.0,1343.88,920.12,0.0,59.62,0.0,0.0,1015.38,1349.56,269.88,0.38,1079.31,0.0,0.0,0.0,0.0,0.0,19.38,19.38,20.31,0.0,0.0,0.0,0.0,0.0,0.52,340.12,316.25,373.12,239.0,1079.0,1577.12,4644.38,3635.44,8279.81,2656.12,47761.62,1154.12,1359873.5,0.0,0.0,198.5,80.56,81.5,22.62,0.0
4.0,12.0,0.0,36.39,97.56,31.72,2.0,2.0,2.0,1.0,15.33,4.0,12.0,0.0,0.0,0.0,0.0,0.0,0.0,0.0,7.17,0.0,0.0,0.0,0.0,0.0,0.0,0.0,0.0,0.0,0.0,0.0,0.0,0.0,165.67,36.39,96.0,28.22,54.61,31.72,0.0,1.56,0.0,0.0,59.56,69.72,28.0,0.0,41.72,0.0,0.0,0.0,0.0,0.0,3.0,3.0,3.0,0.0,0.0,0.0,0.0,0.0,0.33,12.33,12.33,13.5,7.17,91.17,126.94,289.61,209.56,499.17,218.11,2473.5,73.0,27307.89,1.0,2.0,31.67,13.5,2.0,1.0,0.0
0.0,0.0,0.0,23.0,79.0,76.0,0.0,0.0,0.0,0.0,0.0,0.0,0.0,0.0,0.0,0.0,0.0,0.0,0.0,0.0,0.0,0.0,0.0,0.0,0.0,0.0,0.0,0.0,0.0,0.0,0.0,0.0,0.0,0.0,177.0,23.0,0.0,0.0,0.0,76.0,2.0,79.0,0.0,0.0,0.0,0.0,0.0,0.0,0.0,0.0,0.0,0.0,0.0,0.0,0.0,0.0,0.0,0.0,0.0,0.0,0.0,0.0,0.0,0.0,0.0,0.0,0.0,0.0,0.0,0.0,0.0,0.0,0.0,0.0,0.0,0.0,0.0,0.0,0.0,0.0,0.0,0.0,0.0
0.0,0.0,0.0,81.55,494.0,137.0,0.0,0.0,0.0,0.0,0.0,0.0,0.0,0.0,0.0,0.0,0.0,0.0,0.0,0.0,0.0,0.0,0.0,0.0,0.0,0.0,0.0,0.0,0.0,0.0,0.0,0.0,0.0,0.0,624.55,81.55,252.45,238.45,0.0,137.0,0.0,241.55,0.0,0.0,201.45,201.45,201.45,0.0,0.0,0.0,0.0,0.0,0.0,0.0,0.0,0.0,0.0,0.0,0.0,0.0,0.0,0.0,0.54,0.0,0.0,0.0,0.0,0.0,0.0,0.0,0.0,0.0,0.0,0.0,0.0,0.0,0.0,0.0,0.0,0.0,0.0,0.0,0.0
0.0,0.0,0.0,67.2,236.8,130.0,0.0,0.0,0.0,0.0,0.0,0.0,0.0,0.0,0.0,0.0,0.0,0.0,0.0,0.0,0.0,0.0,0.0,0.0,0.0,0.0,0.0,0.0,0.0,0.0,0.0,0.0,0.0,0.0,413.0,67.2,215.4,203.6,0.0,130.0,0.0,21.4,0.0,0.0,116.2,116.2,116.2,0.0,0.0,0.0,0.0,0.0,0.0,0.0,0.0,0.0,0.0,0.0,0.0,0.0,0.0,0.0,0.6,0.0,0.0,0.0,0.0,0.0,0.0,0.0,0.0,0.0,0.0,0.0,0.0,0.0,0.0,0.0,0.0,0.0,0.0,0.0,0.0
0.0,0.0,0.0,50.53,318.95,264.0,0.0,0.0,0.0,0.0,0.0,0.0,0.0,0.0,0.0,0.0,0.0,0.0,0.0,0.0,0.0,0.0,0.0,0.0,0.0,0.0,0.0,0.0,0.0,0.0,0.0,0.0,0.0,0.0,475.47,44.53,166.95,153.95,0.0,235.0,77.0,117.0,0.0,0.0,153.95,153.95,153.95,0.0,0.0,0.0,0.0,0.0,0.0,0.0,0.0,0.0,0.0,0.0,0.0,0.0,0.0,0.0,1.41,0.0,0.0,0.0,0.0,0.0,0.0,0.0,0.0,0.0,0.0,0.0,0.0,0.0,0.0,0.0,0.0,0.0,0.0,0.0,0.0
8.0,31.67,4.2,179.67,672.4,138.87,5.8,5.33,6.93,1.93,43.67,8.0,31.67,4.2,0.0,0.0,0.0,0.0,0.0,0.0,17.27,0.0,0.0,0.0,0.0,0.0,0.0,0.0,0.0,0.0,0.0,0.0,0.0,0.0,988.93,174.4,609.93,151.8,435.27,138.87,39.93,27.8,0.0,0.0,328.93,430.6,101.87,19.53,309.2,0.0,0.0,0.0,0.0,0.0,30.27,28.27,45.2,0.0,0.0,0.0,0.0,0.0,0.23,99.0,93.73,119.73,36.8,340.6,500.8,1708.33,1254.0,2962.33,841.4,18601.6,387.8,803598.67,0.6,1.2,136.53,42.67,44.47,11.33,0.0
0.0,0.0,0.0,35.0,202.0,246.0,0.0,0.0,0.0,0.0,0.0,0.0,0.0,0.0,0.0,0.0,0.0,0.0,0.0,0.0,0.0,0.0,0.0,0.0,0.0,0.0,0.0,0.0,0.0,0.0,0.0,0.0,0.0,0.0,322.0,35.0,5.0,4.0,0.0,246.0,0.0,197.0,0.0,0.0,4.0,4.0,4.0,0.0,0.0,0.0,0.0,0.0,0.0,0.0,0.0,0.0,0.0,0.0,0.0,0.0,0.0,0.0,49.2,0.0,0.0,0.0,0.0,0.0,0.0,0.0,0.0,0.0,0.0,0.0,0.0,0.0,0.0,0.0,0.0,0.0,0.0,0.0,0.0
8.0,41.33,4.67,177.33,1478.33,153.33,16.67,15.67,17.67,12.0,53.33,8.0,41.33,4.67,0.0,0.0,0.0,0.0,0.0,0.0,19.33,0.0,0.0,0.0,0.0,0.0,0.0,0.0,0.0,0.0,0.0,0.0,0.0,0.0,1800.0,177.33,1470.33,830.33,1267.33,153.33,0.0,8.0,0.0,0.0,771.67,1051.33,117.33,22.0,912.0,0.0,0.0,0.0,0.0,0.0,74.0,74.0,75.0,0.0,0.0,0.0,0.0,0.0,0.1,317.67,303.67,335.67,242.33,411.33,677.33,2514.33,1994.67,4509.0,1088.67,28578.0,565.33,1288948.33,0.0,0.0,277.0,71.0,93.0,17.0,0.0
0.0,0.0,0.0,406.0,2529.25,582.5,0.0,0.0,0.0,0.0,0.0,0.0,0.0,0.0,0.0,0.0,0.0,0.0,0.0,0.0,0.0,0.0,0.0,0.0,0.0,0.0,0.0,0.0,0.0,0.0,0.0,0.0,0.0,0.0,3457.25,406.0,1223.5,1080.75,0.0,582.5,182.25,1186.0,0.0,0.0,1079.5,1080.5,1080.5,0.0,0.0,0.0,0.0,0.0,0.0,0.0,0.0,0.0,0.0,0.0,0.0,0.0,0.0,0.0,0.47,0.0,0.0,0.0,0.0,0.0,0.0,0.0,0.0,0.0,0.0,0.0,0.0,0.0,0.0,0.0,0.0,0.0,0.0,0.0,0.0
3.0,33.13,6.0,179.5,1080.39,215.53,7.0,6.26,7.26,1.0,41.13,3.0,33.05,6.0,0.0,0.0,0.0,0.0,0.0,0.0,27.0,0.0,0.0,0.0,0.0,0.0,0.0,0.0,0.0,0.0,0.0,0.0,0.0,0.0,1453.42,179.5,985.47,180.89,696.58,215.53,1.18,94.66,0.0,0.0,605.16,783.18,171.39,1.0,610.79,0.0,0.0,0.0,0.0,0.0,21.0,21.0,28.0,0.0,0.0,0.0,0.0,0.0,0.22,183.03,170.03,200.37,42.68,589.34,932.45,3153.26,2459.29,5612.55,1521.79,35065.13,719.0,1473615.5,0.57,2.0,379.4,67.1,105.47,26.95,0.0
0.0,0.0,0.0,35.71,34.71,61.0,0.0,0.0,0.0,0.0,0.0,0.0,0.0,0.0,0.0,0.0,0.0,0.0,0.0,0.0,0.0,0.0,0.0,0.0,0.0,0.0,0.0,0.0,0.0,0.0,0.0,0.0,0.0,0.0,124.42,35.71,8.0,6.0,0.0,61.0,3.71,26.71,0.0,0.0,6.0,6.0,6.0,0.0,0.0,0.0,0.0,0.0,0.0,0.0,0.0,0.0,0.0,0.0,0.0,0.0,0.0,0.0,7.62,0.0,0.0,0.0,0.0,0.0,0.0,0.0,0.0,0.0,0.0,0.0,0.0,0.0,0.0,0.0,0.0,0.0,0.0,0.0,0.0
4.0,45.42,7.0,49.0,319.53,71.0,8.0,7.0,9.0,4.0,55.42,4.0,41.42,7.0,0.0,0.0,0.0,0.0,0.0,0.0,6.0,0.0,0.0,0.0,0.0,0.0,0.0,0.0,0.0,0.0,0.0,0.0,0.0,0.0,431.53,49.0,269.53,58.53,181.0,71.0,24.0,26.0,0.0,0.0,162.53,206.21,41.21,5.0,160.0,0.0,0.0,0.0,0.0,0.0,25.0,23.0,33.0,0.0,0.0,0.0,0.0,0.0,0.27,45.0,43.0,54.0,28.0,134.0,222.79,921.45,661.32,1582.76,356.79,9823.55,183.26,436232.74,0.0,0.0,63.6,21.6,70.0,15.0,0.0
0.0,9.0,0.0,36.6,65.6,124.0,3.0,1.2,3.0,0.6,9.0,0.0,9.0,0.0,0.0,0.0,0.0,0.0,0.0,0.0,0.6,0.0,0.0,0.0,0.0,0.0,0.0,0.0,0.0,0.0,0.0,0.0,0.0,0.0,226.2,36.6,55.0,44.2,6.6,124.0,0.0,10.6,0.0,0.0,37.0,40.6,34.6,0.0,6.0,0.0,0.0,0.0,0.0,0.0,3.0,1.2,3.0,0.0,0.0,0.0,0.0,0.0,2.3,3.0,1.2,3.0,0.6,6.6,6.0,17.4,7.2,24.6,12.6,108.0,3.6,648.0,0.0,0.0,0.0,0.0,0.0,0.0,0.0
0.0,0.0,0.0,2.0,13.0,28.0,0.0,0.0,0.0,0.0,0.0,0.0,0.0,0.0,0.0,0.0,0.0,0.0,0.0,0.0,0.0,0.0,0.0,0.0,0.0,0.0,0.0,0.0,0.0,0.0,0.0,0.0,0.0,0.0,43.0,2.0,10.0,10.0,0.0,28.0,0.0,3.0,0.0,0.0,8.0,8.0,8.0,0.0,0.0,0.0,0.0,0.0,0.0,0.0,0.0,0.0,0.0,0.0,0.0,0.0,0.0,0.0,2.8,0.0,0.0,0.0,0.0,0.0,0.0,0.0,0.0,0.0,0.0,0.0,0.0,0.0,0.0,0.0,0.0,0.0,0.0,0.0,0.0
0.0,0.0,0.0,9.11,18.22,37.0,0.0,0.0,0.0,0.0,0.0,0.0,0.0,0.0,0.0,0.0,0.0,0.0,0.0,0.0,0.0,0.0,0.0,0.0,0.0,0.0,0.0,0.0,0.0,0.0,0.0,0.0,0.0,0.0,64.33,9.11,8.0,7.0,0.0,37.0,0.0,10.22,0.0,0.0,7.0,7.0,7.0,0.0,0.0,0.0,0.0,0.0,0.0,0.0,0.0,0.0,0.0,0.0,0.0,0.0,0.0,0.0,4.62,0.0,0.0,0.0,0.0,0.0,0.0,0.0,0.0,0.0,0.0,0.0,0.0,0.0,0.0,0.0,0.0,0.0,0.0,0.0,0.0
2.38,23.56,1.0,200.44,1361.94,115.62,4.0,3.12,4.0,2.0,26.94,2.0,22.94,1.0,0.0,0.0,0.0,0.0,0.0,0.0,56.19,0.0,0.0,0.0,0.0,0.0,0.0,0.0,0.0,0.0,0.0,0.0,0.0,0.0,1674.0,199.44,1310.56,283.81,917.94,113.62,33.0,21.38,0.0,0.0,684.94,883.5,164.31,1.0,718.19,0.0,0.0,0.0,0.0,0.0,15.38,15.38,17.12,0.0,0.0,0.0,0.0,0.0,0.09,209.81,192.69,224.56,132.5,857.56,1201.56,3781.94,2844.5,6626.44,2059.12,37713.44,895.12,1027695.0,0.0,7.0,298.38,81.62,83.31,26.25,0.0
1.0,7.89,0.0,43.22,201.22,23.89,1.0,1.0,1.0,1.0,8.89,1.0,7.89,0.0,0.0,0.0,0.0,0.0,0.0,0.0,12.0,0.0,0.0,0.0,0.0,0.0,0.0,0.0,0.0,0.0,0.0,0.0,0.0,0.0,263.44,43.22,179.56,101.44,49.22,23.89,3.67,18.0,0.0,0.0,102.67,113.67,82.67,0.0,31.0,0.0,0.0,0.0,0.0,0.0,1.0,1.0,1.0,0.0,0.0,0.0,0.0,0.0,0.13,12.0,12.0,12.0,12.0,149.56,183.89,364.11,290.67,654.78,333.44,3269.67,110.78,37609.44,0.0,0.0,38.67,11.33,5.33,5.33,0.0
0.0,0.0,0.0,28.0,161.0,62.0,0.0,0.0,0.0,0.0,0.0,0.0,0.0,0.0,0.0,0.0,0.0,0.0,0.0,0.0,0.0,0.0,0.0,0.0,0.0,0.0,0.0,0.0,0.0,0.0,0.0,0.0,0.0,0.0,225.0,28.0,40.0,38.0,0.0,62.0,0.0,121.0,0.0,0.0,38.0,38.0,38.0,0.0,0.0,0.0,0.0,0.0,0.0,0.0,0.0,0.0,0.0,0.0,0.0,0.0,0.0,0.0,1.55,0.0,0.0,0.0,0.0,0.0,0.0,0.0,0.0,0.0,0.0,0.0,0.0,0.0,0.0,0.0,0.0,0.0,0.0,0.0,0.0
4.19,18.19,4.31,126.19,452.31,146.75,3.25,3.12,3.81,2.0,26.75,4.19,18.19,4.31,0.0,0.0,0.0,0.0,0.0,0.0,22.44,0.0,0.0,0.0,0.0,0.0,0.0,0.0,0.0,0.0,0.0,0.0,0.0,0.0,724.25,118.31,419.81,119.75,258.06,143.75,35.0,8.38,0.0,0.0,260.88,334.19,98.75,0.0,235.44,0.0,0.0,0.0,0.0,0.0,7.06,6.94,8.69,0.0,0.0,0.0,0.0,0.0,0.34,74.75,73.75,84.56,46.88,361.94,486.25,1332.62,994.31,2326.94,848.19,12581.88,361.94,247070.81,0.0,3.0,170.5,72.75,21.44,10.38,0.0
0.0,0.0,0.0,28.0,116.33,30.0,0.0,0.0,0.0,0.0,0.0,0.0,0.0,0.0,0.0,0.0,0.0,0.0,0.0,0.0,0.0,0.0,0.0,0.0,0.0,0.0,0.0,0.0,0.0,0.0,0.0,0.0,0.0,0.0,173.33,28.0,105.5,97.5,0.0,30.0,0.0,10.83,0.0,0.0,91.0,91.0,91.0,0.0,0.0,0.0,0.0,0.0,0.0,0.0,0.0,0.0,0.0,0.0,0.0,0.0,0.0,0.0,0.28,0.0,0.0,0.0,0.0,0.0,0.0,0.0,0.0,0.0,0.0,0.0,0.0,0.0,0.0,0.0,0.0,0.0,0.0,0.0,0.0
4.0,21.09,1.0,246.91,1090.85,81.06,3.56,3.56,3.85,1.65,25.74,4.0,21.09,1.0,0.0,0.0,0.0,0.0,0.0,0.0,41.91,0.0,0.0,0.0,0.0,0.0,0.0,0.0,0.0,0.0,0.0,0.0,0.0,0.0,1414.94,234.53,951.15,212.41,667.29,80.47,104.74,55.74,0.0,0.0,562.62,703.12,170.32,21.79,511.0,0.0,0.0,0.0,0.0,0.0,17.82,17.82,21.12,0.0,0.0,0.0,0.0,0.0,0.08,146.12,146.12,169.32,86.5,688.68,952.35,3016.88,2271.56,5288.44,1641.03,31647.62,744.41,1150859.15,6.22,9.36,372.58,92.94,115.11,32.81,0.0
1.0,13.0,1.0,15.0,76.25,19.0,2.0,2.0,3.0,2.0,15.0,1.0,13.0,1.0,0.0,0.0,0.0,0.0,0.0,0.0,5.0,0.0,0.0,0.0,0.0,0.0,0.0,0.0,0.0,0.0,0.0,0.0,0.0,0.0,110.25,15.0,74.0,18.0,45.0,19.0,0.0,2.25,0.0,0.0,36.0,51.0,21.0,0.0,30.0,0.0,0.0,0.0,0.0,0.0,4.0,4.0,4.0,0.0,0.0,0.0,0.0,0.0,0.26,12.0,12.0,13.0,10.0,65.0,80.58,193.0,136.58,329.58,145.58,1657.08,51.0,20911.5,0.0,0.0,20.0,7.0,1.0,1.0,0.0
2.0,26.78,1.0,26.0,243.22,37.0,6.89,5.0,7.56,1.0,28.78,2.0,25.56,1.0,0.0,0.0,0.0,0.0,0.0,0.0,9.0,0.0,0.0,0.0,0.0,0.0,0.0,0.0,0.0,0.0,0.0,0.0,0.0,0.0,303.22,26.0,228.67,39.56,171.33,37.0,9.0,5.56,0.0,0.0,133.44,188.56,36.56,1.0,151.0,0.0,0.0,0.0,0.0,0.0,28.11,14.0,34.33,0.0,0.0,0.0,0.0,0.0,0.16,61.22,44.11,67.44,11.0,194.56,224.11,705.0,482.44,1187.44,418.67,6975.11,202.33,211246.11,0.0,0.0,56.11,24.0,16.56,5.0,0.0
5.8,31.8,5.6,47.2,210.4,53.0,5.2,5.0,5.4,1.4,43.0,5.8,31.8,5.6,0.0,0.0,0.0,0.0,0.0,0.0,6.6,0.0,0.0,0.0,0.0,0.0,0.0,0.0,0.0,0.0,0.0,0.0,0.0,0.0,307.6,47.2,208.4,48.4,159.2,53.0,0.0,2.0,0.0,0.0,140.4,171.0,39.4,0.0,131.6,0.0,0.0,0.0,0.0,0.0,14.0,14.0,14.0,0.0,0.0,0.0,0.0,0.0,0.26,34.2,32.6,35.6,13.4,120.6,245.8,679.0,543.8,1222.8,366.4,7472.8,125.8,217206.8,0.0,0.0,50.4,17.4,7.2,2.6,0.0
3.42,20.83,1.0,105.83,545.92,53.42,3.83,3.83,4.83,1.0,24.92,3.42,20.83,1.0,0.0,0.0,0.0,0.0,0.0,0.0,22.25,0.0,0.0,0.0,0.0,0.0,0.0,0.0,0.0,0.0,0.0,0.0,0.0,0.0,705.17,105.83,536.75,164.67,400.83,53.42,0.42,8.75,0.0,0.0,305.0,381.17,81.08,17.08,283.0,0.0,0.0,0.0,0.0,0.0,9.17,8.92,9.92,0.0,0.0,0.0,0.0,0.0,0.1,92.58,89.58,101.25,37.67,357.08,549.92,1446.17,1053.92,2500.08,907.0,13987.5,325.83,266396.67,0.0,0.0,144.42,49.83,41.92,19.42,0.0
4.0,29.46,4.69,706.88,3830.92,811.5,5.0,5.0,6.0,2.0,38.08,4.0,27.46,4.62,0.0,0.0,0.0,0.0,0.0,0.0,115.54,0.0,0.0,0.0,0.0,0.0,0.0,0.0,0.0,0.0,0.0,0.0,0.0,0.0,5302.31,668.12,3279.15,509.54,2485.77,763.85,434.35,253.38,0.0,0.0,1913.85,2480.54,397.92,9.81,2072.81,0.0,0.0,0.0,0.0,0.0,33.38,33.38,34.38,0.0,0.0,0.0,0.0,0.0,0.23,609.46,607.46,667.38,268.31,2126.19,3508.46,11131.08,8858.88,19989.96,5634.65,123146.46,2383.92,4543820.92,3.46,2.46,1125.42,252.77,234.12,80.85,0.0
5.0,22.53,2.0,195.76,774.71,210.12,4.0,4.0,4.5,3.0,29.56,5.0,22.03,2.0,0.0,0.0,0.0,0.0,0.0,0.0,27.03,0.0,0.0,0.0,0.0,0.0,0.0,0.0,0.0,0.0,0.0,0.0,0.0,0.0,1165.91,190.0,725.21,203.56,478.5,206.82,28.82,29.74,0.0,0.0,389.59,508.56,116.21,2.53,389.82,0.0,0.0,0.0,0.0,0.0,13.0,11.35,14.09,0.0,0.0,0.0,0.0,0.0,0.29,114.97,105.97,121.5,90.79,459.91,684.06,1890.47,1417.65,3308.12,1143.97,19206.29,451.59,489328.12,2.0,4.0,167.08,47.61,55.75,18.69,0.0
0.0,3.53,0.0,43.53,232.41,129.12,0.88,0.88,0.88,0.88,3.53,0.0,3.53,0.0,0.0,0.0,0.0,0.0,0.0,0.0,7.06,0.0,0.0,0.0,0.0,0.0,0.0,0.0,0.0,0.0,0.0,0.0,0.0,0.0,361.59,43.53,176.12,151.94,7.06,129.12,0.0,56.29,0.0,0.0,78.65,85.71,78.65,0.0,7.06,0.0,0.0,0.0,0.0,0.0,0.88,0.88,0.88,0.0,0.0,0.0,0.0,0.0,0.83,7.06,7.06,7.06,7.06,64.41,37.06,84.71,46.76,131.47,101.47,502.06,37.94,2676.18,0.0,0.0,7.94,7.94,0.0,0.0,0.0
7.0,36.92,2.0,262.32,1229.87,165.34,4.24,4.16,5.16,1.11,45.76,6.0,29.61,1.03,0.0,0.0,0.0,0.0,0.0,0.0,21.66,0.0,0.0,0.0,0.0,0.0,0.0,0.0,0.0,0.0,0.0,0.0,0.0,0.0,1613.39,231.89,856.03,267.34,528.5,136.58,270.89,185.29,0.0,0.0,568.21,745.53,278.45,0.0,467.08,0.0,0.0,0.0,0.0,0.0,23.11,22.87,25.26,0.0,0.0,0.0,0.0,0.0,0.16,98.26,98.03,104.74,38.5,436.95,909.08,2811.89,2233.82,5045.71,1346.03,32252.66,484.71,1098467.97,1.0,1.93,279.77,57.42,109.3,32.85,0.0
0.0,0.0,0.0,6.12,21.0,50.79,0.0,0.0,0.0,0.0,0.0,0.0,0.0,0.0,0.0,0.0,0.0,0.0,0.0,0.0,0.0,0.0,0.0,0.0,0.0,0.0,0.0,0.0,0.0,0.0,0.0,0.0,0.0,0.0,58.92,6.12,0.0,0.0,0.0,50.79,0.0,21.0,0.0,0.0,0.0,0.0,0.0,0.0,0.0,0.0,0.0,0.0,0.0,0.0,0.0,0.0,0.0,0.0,0.0,0.0,0.0,0.0,0.0,0.0,0.0,0.0,0.0,0.0,0.0,0.0,0.0,0.0,0.0,0.0,0.0,0.0,0.0,0.0,0.0,0.0,0.0,0.0,0.0
0.0,11.0,0.0,60.57,358.62,186.57,3.0,2.0,3.0,1.0,12.0,0.0,11.0,0.0,0.0,0.0,0.0,0.0,0.0,0.0,3.0,0.0,0.0,0.0,0.0,0.0,0.0,0.0,0.0,0.0,0.0,0.0,0.0,0.0,466.0,60.57,259.67,219.67,22.0,186.57,0.0,98.95,0.0,0.0,193.9,205.9,185.9,0.0,20.0,0.0,0.0,0.0,0.0,0.0,7.0,2.0,7.0,0.0,0.0,0.0,0.0,0.0,0.72,10.0,5.0,10.0,3.0,39.0,38.0,90.0,58.0,148.0,77.0,691.0,30.0,6798.0,0.0,0.0,2.0,1.0,4.0,2.0,0.0
0.0,0.0,0.0,48.6,180.53,295.27,0.0,0.0,0.0,0.0,0.0,0.0,0.0,0.0,0.0,0.0,0.0,0.0,0.0,0.0,0.0,0.0,0.0,0.0,0.0,0.0,0.0,0.0,0.0,0.0,0.0,0.0,0.0,0.0,452.73,48.07,72.67,67.73,0.0,294.2,4.8,105.27,0.0,0.0,52.53,52.6,52.6,0.0,0.0,0.0,0.0,0.0,0.0,0.0,0.0,0.0,0.0,0.0,0.0,0.0,0.0,0.0,4.11,0.0,0.0,0.0,0.0,0.0,0.0,0.0,0.0,0.0,0.0,0.0,0.0,0.0,0.0,0.0,0.0,0.0,0.0,0.0,0.0
7.0,25.67,5.0,280.67,893.33,201.0,5.0,5.0,5.0,3.0,37.33,7.0,25.67,5.0,0.0,0.0,0.0,0.0,0.0,0.0,34.67,0.0,0.0,0.0,0.0,0.0,0.0,0.0,0.0,0.0,0.0,0.0,0.0,0.0,1374.0,280.67,885.33,168.0,622.33,201.0,0.0,8.0,0.0,0.0,524.67,698.67,144.0,1.0,553.67,0.0,0.0,0.0,0.0,0.0,23.33,20.33,24.33,0.0,0.0,0.0,0.0,0.0,0.23,174.0,167.0,185.67,110.33,638.67,1012.67,3024.33,2170.67,5195.0,1651.33,31571.33,626.0,977715.33,0.0,0.0,304.67,112.0,57.0,24.0,0.0
6.0,35.0,3.0,583.19,2491.54,389.27,6.0,6.0,7.0,2.5,43.92,6.0,34.08,3.0,0.0,0.0,0.0,0.0,0.0,0.0,68.15,0.0,0.0,0.0,0.0,0.0,0.0,0.0,0.0,0.0,0.0,0.0,0.0,0.0,3437.0,582.19,2371.58,331.27,1754.04,382.27,27.0,102.96,0.0,0.0,1310.65,1696.88,289.81,6.0,1401.08,0.0,0.0,0.0,0.0,0.0,35.0,35.0,45.0,0.0,0.0,0.0,0.0,0.0,0.16,413.23,413.23,505.42,203.65,1280.65,2521.27,7190.0,5727.81,12917.81,3801.92,80909.69,1341.31,2385826.15,1.69,14.15,762.92,153.35,133.12,34.15,0.0
11.0,66.0,0.0,13.0,72.0,28.0,26.0,26.0,36.0,4.0,77.0,11.0,66.0,0.0,0.0,0.0,0.0,0.0,0.0,0.0,1.0,0.0,0.0,0.0,0.0,0.0,0.0,0.0,0.0,0.0,0.0,0.0,0.0,0.0,113.0,13.0,66.0,5.0,44.0,28.0,0.0,6.0,0.0,0.0,50.0,68.0,5.0,8.0,55.0,0.0,0.0,0.0,0.0,0.0,26.0,26.0,36.0,0.0,0.0,0.0,0.0,0.0,0.42,26.0,26.0,36.0,4.0,22.0,43.0,197.0,144.0,341.0,65.0,2053.0,36.0,73908.0,0.0,0.0,25.0,4.0,7.0,1.0,0.0
0.0,0.0,0.0,2.0,6.0,28.0,0.0,0.0,0.0,0.0,0.0,0.0,0.0,0.0,0.0,0.0,0.0,0.0,0.0,0.0,0.0,0.0,0.0,0.0,0.0,0.0,0.0,0.0,0.0,0.0,0.0,0.0,0.0,0.0,36.0,2.0,5.0,5.0,0.0,28.0,0.0,1.0,0.0,0.0,5.0,5.0,5.0,0.0,0.0,0.0,0.0,0.0,0.0,0.0,0.0,0.0,0.0,0.0,0.0,0.0,0.0,0.0,5.6,0.0,0.0,0.0,0.0,0.0,0.0,0.0,0.0,0.0,0.0,0.0,0.0,0.0,0.0,0.0,0.0,0.0,0.0,0.0,0.0
0.0,0.0,0.0,14.0,379.0,65.0,0.0,0.0,0.0,0.0,0.0,0.0,0.0,0.0,0.0,0.0,0.0,0.0,0.0,0.0,0.0,0.0,0.0,0.0,0.0,0.0,0.0,0.0,0.0,0.0,0.0,0.0,0.0,0.0,452.0,14.0,75.0,67.0,0.0,65.0,0.0,304.0,0.0,0.0,67.0,67.0,67.0,0.0,0.0,0.0,0.0,0.0,0.0,0.0,0.0,0.0,0.0,0.0,0.0,0.0,0.0,0.0,0.87,0.0,0.0,0.0,0.0,0.0,0.0,0.0,0.0,0.0,0.0,0.0,0.0,0.0,0.0,0.0,0.0,0.0,0.0,0.0,0.0
3.0,28.84,2.74,294.16,2076.26,531.05,5.92,5.08,6.74,3.0,33.84,3.0,26.82,2.16,0.0,0.0,0.0,0.0,0.0,0.0,53.55,0.0,0.0,0.0,0.0,0.0,0.0,0.0,0.0,0.0,0.0,0.0,0.0,0.0,2806.03,248.87,1577.74,334.82,1098.87,397.97,556.97,100.34,0.0,0.0,953.87,1270.89,262.13,5.84,1002.92,0.0,0.0,0.0,0.0,0.0,43.0,32.0,44.0,0.0,0.0,0.0,0.0,0.0,0.25,317.58,279.58,350.89,187.03,924.61,1421.58,4632.26,3334.16,7966.42,2346.18,47324.34,1040.32,1628504.42,3.77,10.07,453.57,122.55,99.7,38.2,0.0
4.5,28.97,3.55,273.84,1444.58,191.37,10.0,9.0,10.68,3.45,36.32,4.39,28.68,3.55,0.0,0.0,0.0,0.0,0.0,0.0,46.45,0.0,0.0,0.0,0.0,0.0,0.0,0.0,0.0,0.0,0.0,0.0,0.0,0.0,1867.18,272.47,1396.42,315.53,1087.76,191.37,11.55,38.13,0.0,0.0,907.55,1213.11,204.47,19.37,989.26,0.0,0.0,0.0,0.0,0.0,130.82,129.16,140.16,0.0,0.0,0.0,0.0,0.0,0.14,447.58,406.53,483.11,180.76,804.84,1336.66,4328.74,3298.5,7627.24,2141.5,45702.13,895.47,1467337.68,3.65,6.58,485.62,119.22,188.68,40.15,0.0
11.06,43.58,10.39,169.24,609.85,172.33,5.48,5.0,6.0,2.0,64.76,10.85,37.79,10.3,0.0,0.0,0.0,0.0,0.0,0.0,13.18,0.0,0.0,0.0,0.0,0.0,0.0,0.0,0.0,0.0,0.0,0.0,0.0,0.0,945.42,167.24,505.39,72.61,391.03,170.3,58.88,49.97,0.0,0.0,319.48,389.91,51.12,1.76,337.03,0.0,0.0,0.0,0.0,0.0,14.0,14.0,16.0,0.0,0.0,0.0,0.0,0.0,0.34,71.33,69.24,76.76,34.67,231.82,509.18,1519.7,1271.36,2791.06,741.0,17215.21,280.45,503477.82,0.0,1.0,141.14,32.4,73.26,22.0,0.0
3.0,22.56,1.38,17.06,88.81,30.5,4.88,4.88,5.25,3.19,26.75,3.0,22.12,1.38,0.0,0.0,0.0,0.0,0.0,0.0,3.75,0.0,0.0,0.0,0.0,0.0,0.0,0.0,0.0,0.0,0.0,0.0,0.0,0.0,135.5,17.06,83.75,11.81,63.12,29.62,2.62,3.31,0.0,0.0,46.69,63.62,11.81,0.0,51.81,0.0,0.0,0.0,0.0,0.0,7.44,7.0,7.44,0.0,0.0,0.0,0.0,0.0,0.46,17.5,17.06,17.94,11.75,62.25,99.25,262.56,201.38,463.94,161.5,2655.88,56.75,51665.62,0.0,0.0,28.94,10.12,10.62,1.88,0.0
0.0,0.0,0.0,6.27,211.09,26.0,0.0,0.0,0.0,0.0,0.0,0.0,0.0,0.0,0.0,0.0,0.0,0.0,0.0,0.0,0.0,0.0,0.0,0.0,0.0,0.0,0.0,0.0,0.0,0.0,0.0,0.0,0.0,0.0,240.36,6.27,131.09,129.45,0.0,26.0,0.0,80.0,0.0,0.0,100.09,100.09,100.09,0.0,0.0,0.0,0.0,0.0,0.0,0.0,0.0,0.0,0.0,0.0,0.0,0.0,0.0,0.0,0.2,0.0,0.0,0.0,0.0,0.0,0.0,0.0,0.0,0.0,0.0,0.0,0.0,0.0,0.0,0.0,0.0,0.0,0.0,0.0,0.0
3.83,13.0,3.0,32.54,75.92,82.71,2.0,2.0,2.0,1.0,17.83,3.83,13.0,3.0,0.0,0.0,0.0,0.0,0.0,0.0,5.0,0.0,0.0,0.0,0.0,0.0,0.0,0.0,0.0,0.0,0.0,0.0,0.0,0.0,177.17,32.54,65.92,21.0,33.0,79.46,5.25,8.0,0.0,0.0,30.0,39.0,9.0,0.0,30.0,0.0,0.0,0.0,0.0,0.0,3.0,3.0,4.0,0.0,0.0,0.0,0.0,0.0,1.21,9.0,9.0,10.0,5.0,56.0,73.0,154.0,143.0,297.0,129.0,1428.0,53.0,19836.0,0.0,0.0,8.0,3.0,10.0,5.0,0.0
7.62,124.19,10.06,34.94,308.81,122.44,16.56,14.12,18.0,5.0,136.75,7.62,124.19,10.06,0.0,0.0,0.0,0.0,0.0,0.0,2.0,0.0,0.0,0.0,0.0,0.0,0.0,0.0,0.0,0.0,0.0,0.0,0.0,0.0,454.88,34.94,277.88,113.19,209.5,122.44,0.0,30.94,0.0,0.0,145.0,180.69,83.38,0.0,97.31,0.0,0.0,0.0,0.0,0.0,21.69,19.38,23.5,0.0,0.0,0.0,0.0,0.0,0.44,32.69,27.38,35.5,11.0,59.31,144.69,702.25,454.06,1156.31,204.0,7960.75,83.38,364626.31,0.0,0.0,59.19,18.69,21.44,2.0,0.0
4.18,22.12,5.18,41.03,167.94,63.3,3.18,2.18,3.18,2.0,31.15,4.03,15.3,4.42,0.0,0.0,0.0,0.0,0.0,0.0,7.09,0.0,0.0,0.0,0.0,0.0,0.0,0.0,0.0,0.0,0.0,0.0,0.0,0.0,270.0,39.45,108.67,21.42,70.79,62.55,32.09,29.52,0.0,0.0,48.21,71.03,10.97,0.09,59.97,0.0,0.0,0.0,0.0,0.0,7.18,5.55,7.18,0.0,0.0,0.0,0.0,0.0,0.59,22.27,17.27,23.27,15.27,83.94,140.21,349.88,287.12,637.0,224.15,3390.3,81.79,74322.97,0.0,0.0,4.26,3.17,2.0,2.0,0.0
0.0,4.5,0.0,146.0,729.17,495.0,1.5,1.5,1.5,1.0,4.5,0.0,4.5,0.0,0.0,0.0,0.0,0.0,0.0,0.0,3.83,0.0,0.0,0.0,0.0,0.0,0.0,0.0,0.0,0.0,0.0,0.0,0.0,0.0,1256.0,145.0,399.33,376.83,5.83,487.5,33.5,306.33,0.0,0.0,232.0,235.67,229.33,0.0,6.33,0.0,0.0,0.0,0.0,0.0,1.5,1.5,1.5,0.0,0.0,0.0,0.0,0.0,1.23,5.67,5.67,5.67,3.83,47.17,28.17,63.83,44.33,108.17,75.33,468.67,36.33,5446.67,0.0,0.0,2.0,2.0,0.0,0.0,0.0
2.0,15.17,1.0,87.5,461.67,68.0,3.0,3.0,3.0,1.0,17.5,2.0,14.5,1.0,0.0,0.0,0.0,0.0,0.0,0.0,28.0,0.0,0.0,0.0,0.0,0.0,0.0,0.0,0.0,0.0,0.0,0.0,0.0,0.0,606.17,85.5,429.17,77.33,310.83,64.0,28.0,10.5,0.0,0.0,242.33,311.33,55.33,1.0,255.0,0.0,0.0,0.0,0.0,0.0,9.0,9.0,14.0,0.0,0.0,0.0,0.0,0.0,0.15,70.0,70.0,83.0,39.0,357.67,515.75,1432.25,1166.08,2598.33,873.42,14500.0,352.08,320284.33,0.0,3.0,55.0,27.0,10.0,5.0,0.0
0.0,0.0,0.0,14.11,232.89,15.0,0.0,0.0,0.0,0.0,0.0,0.0,0.0,0.0,0.0,0.0,0.0,0.0,0.0,0.0,0.0,0.0,0.0,0.0,0.0,0.0,0.0,0.0,0.0,0.0,0.0,0.0,0.0,0.0,262.0,14.11,207.44,206.22,0.0,15.0,0.0,25.44,0.0,0.0,11.44,11.67,11.67,0.0,0.0,0.0,0.0,0.0,0.0,0.0,0.0,0.0,0.0,0.0,0.0,0.0,0.0,0.0,0.07,0.0,0.0,0.0,0.0,0.0,0.0,0.0,0.0,0.0,0.0,0.0,0.0,0.0,0.0,0.0,0.0,0.0,0.0,0.0,0.0
0.0,0.0,0.0,15.0,76.0,80.0,0.0,0.0,0.0,0.0,0.0,0.0,0.0,0.0,0.0,0.0,0.0,0.0,0.0,0.0,0.0,0.0,0.0,0.0,0.0,0.0,0.0,0.0,0.0,0.0,0.0,0.0,0.0,0.0,121.0,15.0,29.0,26.0,0.0,80.0,0.0,47.0,0.0,0.0,22.0,22.0,22.0,0.0,0.0,0.0,0.0,0.0,0.0,0.0,0.0,0.0,0.0,0.0,0.0,0.0,0.0,0.0,2.76,0.0,0.0,0.0,0.0,0.0,0.0,0.0,0.0,0.0,0.0,0.0,0.0,0.0,0.0,0.0,0.0,0.0,0.0,0.0,0.0
6.0,23.0,4.67,38.0,126.67,45.67,4.0,4.0,4.0,1.67,33.0,6.0,22.33,4.67,0.0,0.0,0.0,0.0,0.0,0.0,5.33,0.0,0.0,0.0,0.0,0.0,0.0,0.0,0.0,0.0,0.0,0.0,0.0,0.0,210.33,38.0,118.0,27.0,79.33,45.0,2.0,7.33,0.0,0.0,67.33,86.67,18.67,0.0,68.0,0.0,0.0,0.0,0.0,0.0,6.67,6.67,7.0,0.0,0.0,0.0,0.0,0.0,0.38,20.33,20.33,20.67,10.0,91.67,149.33,373.67,303.0,676.67,241.0,3976.33,87.33,91911.33,0.0,0.0,34.33,13.33,10.33,3.67,0.0
0.0,0.0,0.0,36.64,220.64,155.45,0.0,0.0,0.0,0.0,0.0,0.0,0.0,0.0,0.0,0.0,0.0,0.0,0.0,0.0,0.0,0.0,0.0,0.0,0.0,0.0,0.0,0.0,0.0,0.0,0.0,0.0,0.0,0.0,329.55,36.64,142.82,132.36,0.0,155.45,0.0,77.82,0.0,0.0,128.27,128.27,128.27,0.0,0.0,0.0,0.0,0.0,0.0,0.0,0.0,0.0,0.0,0.0,0.0,0.0,0.0,0.0,1.16,0.0,0.0,0.0,0.0,0.0,0.0,0.0,0.0,0.0,0.0,0.0,0.0,0.0,0.0,0.0,0.0,0.0,0.0,0.0,0.0
0.0,0.0,0.0,15.0,54.0,28.0,0.0,0.0,0.0,0.0,0.0,0.0,0.0,0.0,0.0,0.0,0.0,0.0,0.0,0.0,0.0,0.0,0.0,0.0,0.0,0.0,0.0,0.0,0.0,0.0,0.0,0.0,0.0,0.0,95.0,13.0,18.0,16.0,0.0,28.0,9.0,29.0,0.0,0.0,16.0,16.0,16.0,0.0,0.0,0.0,0.0,0.0,0.0,0.0,0.0,0.0,0.0,0.0,0.0,0.0,0.0,0.0,1.56,0.0,0.0,0.0,0.0,0.0,0.0,0.0,0.0,0.0,0.0,0.0,0.0,0.0,0.0,0.0,0.0,0.0,0.0,0.0,0.0
2.0,13.65,0.29,113.24,525.82,34.18,3.0,2.76,3.0,1.35,16.0,2.0,13.65,0.29,0.0,0.0,0.0,0.0,0.0,0.0,33.18,0.0,0.0,0.0,0.0,0.0,0.0,0.0,0.0,0.0,0.0,0.0,0.0,0.0,673.24,113.24,501.47,161.0,312.41,34.18,0.0,24.35,0.0,0.0,263.59,352.35,115.88,0.06,236.41,0.0,0.0,0.0,0.0,0.0,11.0,11.0,11.41,0.0,0.0,0.0,0.0,0.0,0.07,89.94,86.71,94.47,65.82,482.24,559.06,1466.76,1020.76,2487.53,1041.29,13048.29,406.71,227911.65,0.0,1.24,130.35,68.71,33.94,13.76,0.0
1.0,8.0,0.0,22.0,72.0,34.0,1.0,1.0,2.0,1.0,8.0,1.0,8.0,0.0,0.0,0.0,0.0,0.0,0.0,0.0,6.0,0.0,0.0,0.0,0.0,0.0,0.0,0.0,0.0,0.0,0.0,0.0,0.0,0.0,127.0,22.0,65.0,36.0,17.0,34.0,0.0,7.0,0.0,0.0,25.0,33.0,21.0,0.0,12.0,0.0,0.0,0.0,0.0,0.0,2.0,2.0,4.0,0.0,0.0,0.0,0.0,0.0,0.52,8.0,8.0,11.0,6.0,51.0,37.0,75.0,55.0,130.0,88.0,508.0,34.0,3299.0,0.0,0.0,0.0,0.0,0.0,0.0,0.0
0.0,0.0,0.0,3.0,9.0,28.0,0.0,0.0,0.0,0.0,0.0,0.0,0.0,0.0,0.0,0.0,0.0,0.0,0.0,0.0,0.0,0.0,0.0,0.0,0.0,0.0,0.0,0.0,0.0,0.0,0.0,0.0,0.0,0.0,40.0,3.0,6.0,5.0,0.0,28.0,0.0,3.0,0.0,0.0,5.0,6.0,6.0,0.0,0.0,0.0,0.0,0.0,0.0,0.0,0.0,0.0,0.0,0.0,0.0,0.0,0.0,0.0,4.67,0.0,0.0,0.0,0.0,0.0,0.0,0.0,0.0,0.0,0.0,0.0,0.0,0.0,0.0,0.0,0.0,0.0,0.0,0.0,0.0
0.0,1.31,0.0,8.38,17.06,5.38,0.44,0.44,0.44,0.44,1.31,0.0,1.31,0.0,0.0,0.0,0.0,0.0,0.0,0.0,1.31,0.0,0.0,0.0,0.0,0.0,0.0,0.0,0.0,0.0,0.0,0.0,0.0,0.0,28.94,5.31,7.94,4.44,0.44,2.75,10.5,5.19,0.0,0.0,3.56,5.44,5.0,0.0,0.44,0.0,0.0,0.0,0.0,0.0,0.44,0.44,0.44,0.0,0.0,0.0,0.0,0.0,0.31,1.31,1.31,1.31,1.31,10.06,4.38,10.5,4.38,14.88,14.44,51.19,4.38,175.88,0.0,0.0,0.0,0.0,0.0,0.0,0.0
5.0,30.0,3.0,121.88,653.0,99.0,6.0,5.0,7.0,2.0,38.0,5.0,30.0,3.0,0.0,0.0,0.0,0.0,0.0,0.0,20.0,0.0,0.0,0.0,0.0,0.0,0.0,0.0,0.0,0.0,0.0,0.0,0.0,0.0,868.88,117.88,609.0,115.88,462.88,99.0,40.0,8.0,0.0,0.0,365.0,493.25,94.88,0.0,398.38,0.0,0.0,0.0,0.0,0.0,22.88,22.88,25.88,0.0,0.0,0.0,0.0,0.0,0.16,125.25,105.88,134.25,47.88,395.0,651.12,2206.0,1612.88,3818.88,1046.12,23752.88,446.88,1013107.88,0.0,0.0,259.62,77.88,67.38,23.0,0.0
0.0,0.0,0.0,17.89,108.44,19.11,0.0,0.0,0.0,0.0,0.0,0.0,0.0,0.0,0.0,0.0,0.0,0.0,0.0,0.0,0.0,0.0,0.0,0.0,0.0,0.0,0.0,0.0,0.0,0.0,0.0,0.0,0.0,0.0,144.44,17.89,79.67,76.11,0.0,19.11,0.0,28.78,0.0,0.0,63.78,63.78,63.78,0.0,0.0,0.0,0.0,0.0,0.0,0.0,0.0,0.0,0.0,0.0,0.0,0.0,0.0,0.0,0.24,0.0,0.0,0.0,0.0,0.0,0.0,0.0,0.0,0.0,0.0,0.0,0.0,0.0,0.0,0.0,0.0,0.0,0.0,0.0,0.0
5.0,27.0,4.0,20.0,93.0,53.0,4.0,4.0,4.0,4.0,36.0,5.0,27.0,4.0,0.0,0.0,0.0,0.0,0.0,0.0,3.0,0.0,0.0,0.0,0.0,0.0,0.0,0.0,0.0,0.0,0.0,0.0,0.0,0.0,166.0,20.0,81.0,16.0,49.0,53.0,0.0,12.0,0.0,0.0,52.0,65.0,14.0,7.0,44.0,0.0,0.0,0.0,0.0,0.0,5.0,5.0,5.0,0.0,0.0,0.0,0.0,0.0,0.65,13.0,13.0,13.0,12.0,55.0,70.0,234.0,187.0,421.0,125.0,2241.0,69.0,52279.0,0.0,0.0,14.0,6.0,0.0,0.0,0.0
0.0,5.47,0.0,74.26,307.95,108.53,0.68,0.68,0.68,0.68,5.47,0.0,4.79,0.0,0.0,0.0,0.0,0.0,0.0,0.0,8.21,0.0,0.0,0.0,0.0,0.0,0.0,0.0,0.0,0.0,0.0,0.0,0.0,0.0,460.53,67.63,110.26,75.05,26.63,97.16,33.58,178.63,0.0,0.0,73.32,82.89,71.95,0.0,10.95,0.0,0.0,0.0,0.0,0.0,1.37,1.37,1.37,0.0,0.0,0.0,0.0,0.0,0.91,9.58,9.58,9.58,8.21,106.05,102.63,234.21,158.58,392.79,208.68,1829.0,80.74,18713.05,0.0,0.0,18.05,10.9,1.3,0.65,0.0
5.12,19.94,3.56,76.12,265.75,79.69,3.31,3.31,3.75,2.0,28.62,5.12,19.94,3.56,0.0,0.0,0.0,0.0,0.0,0.0,10.69,0.0,0.0,0.0,0.0,0.0,0.0,0.0,0.0,0.0,0.0,0.0,0.0,0.0,420.56,69.25,223.81,54.56,143.06,79.69,37.0,11.81,0.0,0.0,152.19,188.12,48.0,2.12,138.0,0.0,0.0,0.0,0.0,0.0,9.0,9.0,9.88,0.0,0.0,0.0,0.0,0.0,0.36,35.94,35.94,40.62,27.0,151.94,242.06,626.94,487.94,1114.88,394.0,6025.12,149.44,103168.12,0.0,2.0,76.69,38.31,19.69,8.0,0.0
0.0,1.2,0.0,8.0,19.0,5.0,0.4,0.4,0.4,0.4,1.2,0.0,1.2,0.0,0.0,0.0,0.0,0.0,0.0,0.0,2.0,0.0,0.0,0.0,0.0,0.0,0.0,0.0,0.0,0.0,0.0,0.0,0.0,0.0,30.2,4.8,10.0,5.2,0.4,2.6,10.4,5.4,0.0,0.0,3.6,6.2,5.8,0.0,0.4,0.0,0.0,0.0,0.0,0.0,0.4,0.4,0.4,0.0,0.0,0.0,0.0,0.0,0.25,2.0,2.0,2.0,2.0,14.8,6.4,15.2,6.4,21.6,21.2,73.2,6.4,240.0,0.0,0.0,0.0,0.0,0.0,0.0,0.0
0.0,0.0,0.0,23.14,98.14,24.64,0.0,0.0,0.0,0.0,0.0,0.0,0.0,0.0,0.0,0.0,0.0,0.0,0.0,0.0,0.0,0.0,0.0,0.0,0.0,0.0,0.0,0.0,0.0,0.0,0.0,0.0,0.0,0.0,143.93,23.14,51.14,47.14,0.0,24.64,0.0,47.0,0.0,0.0,27.0,27.0,27.0,0.0,0.0,0.0,0.0,0.0,0.0,0.0,0.0,0.0,0.0,0.0,0.0,0.0,0.0,0.0,0.48,0.0,0.0,0.0,0.0,0.0,0.0,0.0,0.0,0.0,0.0,0.0,0.0,0.0,0.0,0.0,0.0,0.0,0.0,0.0,0.0
1.0,17.42,2.0,17.21,110.74,32.63,3.0,3.0,4.0,1.0,20.42,1.0,17.42,2.0,0.0,0.0,0.0,0.0,0.0,0.0,6.0,0.0,0.0,0.0,0.0,0.0,0.0,0.0,0.0,0.0,0.0,0.0,0.0,0.0,159.58,17.21,105.74,21.74,64.0,32.63,0.0,5.0,0.0,0.0,67.95,84.63,18.63,0.0,66.0,0.0,0.0,0.0,0.0,0.0,6.0,6.0,7.0,0.0,0.0,0.0,0.0,0.0,0.31,19.0,19.0,22.0,11.0,87.0,89.58,323.32,251.32,574.63,176.58,3011.63,117.47,95531.21,0.0,0.0,30.0,13.0,17.0,9.0,0.0
4.75,19.19,1.19,331.94,1329.34,160.19,3.0,3.0,3.38,1.19,24.16,4.75,18.94,1.19,0.0,0.0,0.0,0.0,0.0,0.0,57.31,0.0,0.0,0.0,0.0,0.0,0.0,0.0,0.0,0.0,0.0,0.0,0.0,0.0,1775.09,331.12,1253.41,483.25,713.25,160.19,10.0,68.62,0.0,0.0,675.44,884.44,330.81,1.62,552.0,0.0,0.0,0.0,0.0,0.0,14.03,13.09,15.91,0.0,0.0,0.0,0.0,0.0,0.13,151.47,150.53,161.88,99.19,872.09,1309.09,3180.34,2479.78,5660.12,2181.19,32506.44,759.97,733975.03,1.0,1.0,218.66,79.31,72.09,31.5,0.0
6.0,34.97,3.76,58.92,290.24,83.0,9.32,9.24,11.32,3.0,43.82,6.0,34.97,3.76,0.0,0.0,0.0,0.0,0.0,0.0,7.89,0.0,0.0,0.0,0.0,0.0,0.0,0.0,0.0,0.0,0.0,0.0,0.0,0.0,427.16,58.92,285.24,40.89,222.89,83.0,0.0,5.0,0.0,0.0,147.92,216.5,36.89,0.0,179.61,0.0,0.0,0.0,0.0,0.0,22.16,22.16,27.37,0.0,0.0,0.0,0.0,0.0,0.29,74.05,71.05,90.03,25.74,138.63,257.24,917.34,695.55,1612.89,395.87,9726.26,174.29,289682.34,0.0,0.0,108.17,10.07,31.38,7.0,0.0
2.0,18.21,6.0,166.58,865.0,550.63,5.71,5.0,6.0,1.0,25.21,2.0,18.21,6.0,0.0,0.0,0.0,0.0,0.0,0.0,42.0,0.0,0.0,0.0,0.0,0.0,0.0,0.0,0.0,0.0,0.0,0.0,0.0,0.0,1528.95,160.58,779.89,123.74,528.21,493.11,99.84,49.58,0.0,0.0,475.26,599.53,96.21,15.42,487.89,0.0,0.0,0.0,0.0,0.0,39.0,39.0,40.0,0.0,0.0,0.0,0.0,0.0,0.63,230.42,218.21,244.71,49.0,598.53,977.74,3126.82,2514.79,5641.61,1576.26,32056.89,696.24,944270.24,0.0,0.0,194.8,48.17,95.33,24.32,0.0
3.71,22.21,2.21,359.21,1708.86,375.29,138.71,138.57,212.86,2.0,27.93,3.71,22.07,2.21,0.0,0.0,0.0,0.0,0.0,0.0,70.43,0.0,0.0,0.0,0.0,0.0,0.0,0.0,0.0,0.0,0.0,0.0,0.0,0.0,2430.5,359.21,1663.36,363.71,1140.43,375.29,7.64,37.86,0.0,0.0,1191.29,1443.07,237.14,4.93,1201.0,0.0,0.0,0.0,0.0,0.0,2204.36,2204.36,3396.29,0.0,0.0,0.0,0.0,0.0,0.22,9829.71,9817.43,15107.43,161.36,1105.0,1755.86,4723.21,3641.29,8364.5,2860.86,47924.43,1042.43,1036454.93,1.93,6.71,471.64,166.5,140.64,56.71,0.0
0.0,0.0,0.0,11.44,31.89,33.44,0.0,0.0,0.0,0.0,0.0,0.0,0.0,0.0,0.0,0.0,0.0,0.0,0.0,0.0,0.0,0.0,0.0,0.0,0.0,0.0,0.0,0.0,0.0,0.0,0.0,0.0,0.0,0.0,75.78,11.44,17.0,17.0,0.0,33.44,0.0,14.89,0.0,0.0,16.0,16.0,16.0,0.0,0.0,0.0,0.0,0.0,0.0,0.0,0.0,0.0,0.0,0.0,0.0,0.0,0.0,0.0,1.97,0.0,0.0,0.0,0.0,0.0,0.0,0.0,0.0,0.0,0.0,0.0,0.0,0.0,0.0,0.0,0.0,0.0,0.0,0.0,0.0
1.0,9.0,0.0,41.0,336.0,54.0,2.0,2.0,2.0,1.0,9.0,1.0,8.0,0.0,0.0,0.0,0.0,0.0,0.0,0.0,15.0,0.0,0.0,0.0,0.0,0.0,0.0,0.0,0.0,0.0,0.0,0.0,0.0,0.0,431.0,35.0,118.0,28.0,61.0,54.0,149.0,100.0,0.0,0.0,47.0,69.0,20.0,2.0,47.0,0.0,0.0,0.0,0.0,0.0,4.0,4.0,5.0,0.0,0.0,0.0,0.0,0.0,0.46,25.0,25.0,27.0,19.0,194.0,173.0,385.0,295.0,680.0,367.0,3260.0,162.0,43023.0,0.0,0.0,10.0,8.0,0.0,0.0,0.0
6.0,34.61,7.0,188.26,866.71,325.24,6.0,6.0,6.0,3.0,45.32,6.0,30.95,7.0,0.0,0.0,0.0,0.0,0.0,0.0,19.63,0.0,0.0,0.0,0.0,0.0,0.0,0.0,0.0,0.0,0.0,0.0,0.0,0.0,1316.21,179.03,669.68,165.5,479.26,320.0,126.39,89.11,0.0,0.0,576.29,701.21,131.61,66.0,503.61,0.0,0.0,0.0,0.0,0.0,25.84,25.84,25.84,0.0,0.0,0.0,0.0,0.0,0.48,118.29,115.29,122.29,68.87,358.45,676.61,2692.08,1979.39,4671.47,1035.05,29603.34,479.24,1439816.45,0.07,0.15,292.43,61.85,164.25,43.2,0.0
1.0,8.36,0.0,20.64,124.86,18.79,1.21,1.21,1.21,1.0,9.29,1.0,8.36,0.0,0.0,0.0,0.0,0.0,0.0,0.0,8.29,0.0,0.0,0.0,0.0,0.0,0.0,0.0,0.0,0.0,0.0,0.0,0.0,0.0,164.29,20.64,118.86,77.71,77.64,18.79,0.0,6.0,0.0,0.0,32.07,44.43,20.07,0.0,24.36,0.0,0.0,0.0,0.0,0.0,2.0,2.0,2.0,0.0,0.0,0.0,0.0,0.0,0.16,11.36,11.36,11.36,8.29,88.79,106.86,202.36,154.86,357.21,195.64,1669.43,57.93,13144.71,0.0,0.0,12.86,8.5,7.0,3.0,0.0
0.0,0.0,0.0,118.33,725.33,135.33,0.0,0.0,0.0,0.0,0.0,0.0,0.0,0.0,0.0,0.0,0.0,0.0,0.0,0.0,0.0,0.0,0.0,0.0,0.0,0.0,0.0,0.0,0.0,0.0,0.0,0.0,0.0,0.0,973.5,118.33,180.83,177.83,0.0,135.33,0.0,544.5,0.0,0.0,23.17,23.17,23.17,0.0,0.0,0.0,0.0,0.0,0.0,0.0,0.0,0.0,0.0,0.0,0.0,0.0,0.0,0.0,0.75,0.0,0.0,0.0,0.0,0.0,0.0,0.0,0.0,0.0,0.0,0.0,0.0,0.0,0.0,0.0,0.0,0.0,0.0,0.0,0.0
0.0,0.0,0.0,15.5,66.0,29.0,0.0,0.0,0.0,0.0,0.0,0.0,0.0,0.0,0.0,0.0,0.0,0.0,0.0,0.0,0.0,0.0,0.0,0.0,0.0,0.0,0.0,0.0,0.0,0.0,0.0,0.0,0.0,0.0,108.5,15.5,19.0,19.0,0.0,29.0,0.0,47.0,0.0,0.0,16.0,16.0,16.0,0.0,0.0,0.0,0.0,0.0,0.0,0.0,0.0,0.0,0.0,0.0,0.0,0.0,0.0,0.0,1.53,0.0,0.0,0.0,0.0,0.0,0.0,0.0,0.0,0.0,0.0,0.0,0.0,0.0,0.0,0.0,0.0,0.0,0.0,0.0,0.0
0.0,0.0,0.0,13.0,86.0,33.0,0.0,0.0,0.0,0.0,0.0,0.0,0.0,0.0,0.0,0.0,0.0,0.0,0.0,0.0,0.0,0.0,0.0,0.0,0.0,0.0,0.0,0.0,0.0,0.0,0.0,0.0,0.0,0.0,131.0,13.0,61.0,60.0,0.0,33.0,0.0,25.0,0.0,0.0,37.43,37.57,37.57,0.0,0.0,0.0,0.0,0.0,0.0,0.0,0.0,0.0,0.0,0.0,0.0,0.0,0.0,0.0,0.54,0.0,0.0,0.0,0.0,0.0,0.0,0.0,0.0,0.0,0.0,0.0,0.0,0.0,0.0,0.0,0.0,0.0,0.0,0.0,0.0
0.0,3.11,0.0,95.44,686.33,75.89,0.78,0.78,0.78,0.78,3.11,0.0,3.11,0.0,0.0,0.0,0.0,0.0,0.0,0.0,3.11,0.0,0.0,0.0,0.0,0.0,0.0,0.0,0.0,0.0,0.0,0.0,0.0,0.0,851.89,95.44,501.11,479.56,3.33,75.89,0.0,185.22,0.0,0.0,330.89,334.44,331.33,0.0,3.11,0.0,0.0,0.0,0.0,0.0,0.78,0.78,0.78,0.0,0.0,0.0,0.0,0.0,0.14,3.11,3.11,3.11,3.11,31.56,17.0,43.11,21.67,64.78,48.56,256.89,19.22,1648.0,0.0,0.0,1.89,1.89,0.0,0.0,0.0
0.0,0.0,0.0,23.0,117.0,40.0,0.0,0.0,0.0,0.0,0.0,0.0,0.0,0.0,0.0,0.0,0.0,0.0,0.0,0.0,0.0,0.0,0.0,0.0,0.0,0.0,0.0,0.0,0.0,0.0,0.0,0.0,0.0,0.0,179.0,23.0,99.0,99.0,0.0,40.0,0.0,18.0,0.0,0.0,79.0,79.0,79.0,0.0,0.0,0.0,0.0,0.0,0.0,0.0,0.0,0.0,0.0,0.0,0.0,0.0,0.0,0.0,0.4,0.0,0.0,0.0,0.0,0.0,0.0,0.0,0.0,0.0,0.0,0.0,0.0,0.0,0.0,0.0,0.0,0.0,0.0,0.0,0.0
0.0,3.81,0.0,47.81,182.5,152.94,1.0,1.0,1.0,1.0,3.81,0.0,3.81,0.0,0.0,0.0,0.0,0.0,0.0,0.0,23.44,0.0,0.0,0.0,0.0,0.0,0.0,0.0,0.0,0.0,0.0,0.0,0.0,0.0,376.75,47.56,131.94,77.5,6.69,152.94,27.5,23.31,0.0,0.0,36.5,59.94,53.25,0.0,6.69,0.0,0.0,0.0,0.0,0.0,1.5,1.5,1.5,0.0,0.0,0.0,0.0,0.0,1.14,24.44,24.44,24.44,23.44,199.19,103.0,222.0,107.75,329.75,302.19,1229.94,94.12,5463.75,0.0,0.0,4.12,3.12,0.0,0.0,0.0
4.0,18.75,2.0,434.42,1670.33,185.5,3.17,3.08,4.0,1.08,24.58,4.0,18.75,2.0,0.0,0.0,0.0,0.0,0.0,0.0,81.25,0.0,0.0,0.0,0.0,0.0,0.0,0.0,0.0,0.0,0.0,0.0,0.0,0.0,2276.17,433.42,1609.42,388.0,1170.08,185.5,22.92,39.0,0.0,0.0,842.67,1117.17,271.17,1.0,845.0,0.0,0.0,0.0,0.0,0.0,28.58,28.58,28.58,0.0,0.0,0.0,0.0,0.0,0.12,276.42,265.58,312.75,150.83,1239.33,1628.5,4887.25,3628.67,8515.92,2867.83,48139.17,1251.92,1277707.92,0.0,0.0,475.58,149.0,96.0,23.0,0.0
0.94,13.62,0.94,33.19,396.25,98.19,1.94,1.94,1.94,1.0,14.62,0.94,13.62,0.94,0.0,0.0,0.0,0.0,0.0,0.0,7.0,0.0,0.0,0.0,0.0,0.0,0.0,0.0,0.0,0.0,0.0,0.0,0.0,0.0,460.12,33.19,393.25,334.88,361.75,98.19,0.0,3.0,0.0,0.0,87.0,97.75,49.0,0.0,48.75,0.0,0.0,0.0,0.0,0.0,1.94,1.94,2.88,0.0,0.0,0.0,0.0,0.0,0.25,10.75,10.75,14.5,7.0,83.31,132.88,282.5,268.75,551.25,216.19,2792.94,80.12,34111.56,0.0,0.0,11.25,7.5,7.5,3.75,0.0
3.18,20.27,4.82,30.91,157.27,123.09,4.45,4.27,5.45,1.73,28.27,3.18,20.27,4.82,0.0,0.0,0.0,0.0,0.0,0.0,8.55,0.0,0.0,0.0,0.0,0.0,0.0,0.0,0.0,0.0,0.0,0.0,0.0,0.0,311.27,30.91,152.36,34.82,101.27,123.09,0.0,4.91,0.0,0.0,82.82,119.27,27.82,0.0,91.45,0.0,0.0,0.0,0.0,0.0,11.18,11.18,13.18,0.0,0.0,0.0,0.0,0.0,0.84,36.18,35.45,40.45,16.55,131.91,164.45,453.09,381.27,834.36,296.36,4529.45,143.82,120285.82,0.0,0.0,32.45,18.18,6.36,4.36,0.0
0.0,0.0,0.0,2.0,2.0,28.0,0.0,0.0,0.0,0.0,0.0,0.0,0.0,0.0,0.0,0.0,0.0,0.0,0.0,0.0,0.0,0.0,0.0,0.0,0.0,0.0,0.0,0.0,0.0,0.0,0.0,0.0,0.0,0.0,32.0,2.0,1.0,1.0,0.0,28.0,0.0,1.0,0.0,0.0,1.0,1.0,1.0,0.0,0.0,0.0,0.0,0.0,0.0,0.0,0.0,0.0,0.0,0.0,0.0,0.0,0.0,0.0,28.0,0.0,0.0,0.0,0.0,0.0,0.0,0.0,0.0,0.0,0.0,0.0,0.0,0.0,0.0,0.0,0.0,0.0,0.0,0.0,0.0
0.0,0.0,0.0,268.0,760.33,444.67,0.0,0.0,0.0,0.0,0.0,0.0,0.0,0.0,0.0,0.0,0.0,0.0,0.0,0.0,0.0,0.0,0.0,0.0,0.0,0.0,0.0,0.0,0.0,0.0,0.0,0.0,0.0,0.0,1435.0,268.0,604.33,605.33,0.0,443.67,1.0,155.0,0.0,0.0,419.0,419.0,419.0,0.0,0.0,0.0,0.0,0.0,0.0,0.0,0.0,0.0,0.0,0.0,0.0,0.0,0.0,0.0,0.73,0.0,0.0,0.0,0.0,0.0,0.0,0.0,0.0,0.0,0.0,0.0,0.0,0.0,0.0,0.0,0.0,0.0,0.0,0.0,0.0
5.0,28.32,7.0,145.45,659.79,306.68,5.0,5.0,5.0,2.0,37.0,5.0,27.39,7.0,0.0,0.0,0.0,0.0,0.0,0.0,18.32,0.0,0.0,0.0,0.0,0.0,0.0,0.0,0.0,0.0,0.0,0.0,0.0,0.0,1043.53,142.45,584.42,126.0,381.84,305.68,37.74,40.63,0.0,0.0,323.42,461.95,152.58,1.0,308.37,0.0,0.0,0.0,0.0,0.0,13.0,13.0,13.0,0.0,0.0,0.0,0.0,0.0,0.52,88.53,87.53,95.53,42.32,347.42,493.42,1494.11,1098.89,2593.0,840.84,15180.26,354.5,429896.92,0.0,0.1,107.08,34.73,29.55,10.6,0.0
4.0,19.68,1.08,148.21,591.55,106.87,3.58,3.0,4.0,1.0,24.84,4.0,19.68,1.08,0.0,0.0,0.0,0.0,0.0,0.0,23.21,0.0,0.0,0.0,0.0,0.0,0.0,0.0,0.0,0.0,0.0,0.0,0.0,0.0,836.63,148.21,543.29,156.76,392.45,106.87,0.29,47.97,0.0,0.0,299.21,387.13,87.34,0.0,299.79,0.0,0.0,0.0,0.0,0.0,14.29,13.34,14.29,0.0,0.0,0.0,0.0,0.0,0.2,82.18,70.76,86.45,41.97,368.76,528.47,1417.39,1057.58,2474.97,897.24,14469.53,328.45,362082.97,0.0,0.23,125.67,34.95,59.95,20.3,0.0
0.0,2.81,0.0,98.94,769.94,279.94,0.56,0.56,0.56,0.56,2.81,0.0,2.81,0.0,0.0,0.0,0.0,0.0,0.0,0.0,0.56,0.0,0.0,0.0,0.0,0.0,0.0,0.0,0.0,0.0,0.0,0.0,0.0,0.0,925.81,98.94,618.81,591.81,0.56,279.94,1.12,151.12,0.0,0.0,340.56,340.56,340.0,0.0,0.56,0.0,0.0,0.0,0.0,0.0,0.56,0.56,0.56,0.0,0.0,0.0,0.0,0.0,0.45,0.56,0.56,0.56,0.56,5.62,2.81,6.75,2.81,9.56,8.44,37.12,2.81,185.62,0.0,0.0,0.0,0.0,0.0,0.0,0.0
5.0,21.0,2.0,158.0,571.0,97.0,4.0,4.0,4.0,3.0,28.0,5.0,21.0,2.0,0.0,0.0,0.0,0.0,0.0,0.0,23.0,0.0,0.0,0.0,0.0,0.0,0.0,0.0,0.0,0.0,0.0,0.0,0.0,0.0,822.0,146.0,526.0,107.0,380.0,93.0,48.0,13.0,0.0,0.0,303.0,399.0,77.0,3.0,319.0,0.0,0.0,0.0,0.0,0.0,13.0,13.0,13.0,0.0,0.0,0.0,0.0,0.0,0.18,98.0,90.0,101.0,69.0,381.0,549.0,1505.0,1089.0,2594.0,930.0,14641.0,353.0,319342.0,1.0,2.0,145.0,50.0,23.0,12.0,0.0
4.0,19.0,1.0,81.0,265.44,72.0,3.0,3.0,3.0,2.0,25.0,4.0,19.0,1.0,0.0,0.0,0.0,0.0,0.0,0.0,11.0,0.0,0.0,0.0,0.0,0.0,0.0,0.0,0.0,0.0,0.0,0.0,0.0,0.0,411.44,81.0,238.0,71.0,151.0,72.0,0.0,27.44,0.0,0.0,146.0,178.0,55.0,0.0,123.0,0.0,0.0,0.0,0.0,0.0,12.0,12.0,12.0,0.0,0.0,0.0,0.0,0.0,0.3,32.0,32.0,32.0,25.0,157.0,215.0,627.0,481.0,1108.0,372.0,6357.0,154.0,162594.0,0.0,0.0,49.0,21.0,18.0,6.0,0.0
0.0,0.0,0.0,23.0,109.67,15.0,0.0,0.0,0.0,0.0,0.0,0.0,0.0,0.0,0.0,0.0,0.0,0.0,0.0,0.0,0.0,0.0,0.0,0.0,0.0,0.0,0.0,0.0,0.0,0.0,0.0,0.0,0.0,0.0,143.67,23.0,49.0,46.0,0.0,15.0,0.0,60.67,0.0,0.0,46.0,46.0,46.0,0.0,0.0,0.0,0.0,0.0,0.0,0.0,0.0,0.0,0.0,0.0,0.0,0.0,0.0,0.0,0.31,0.0,0.0,0.0,0.0,0.0,0.0,0.0,0.0,0.0,0.0,0.0,0.0,0.0,0.0,0.0,0.0,0.0,0.0,0.0,0.0
3.55,17.27,3.73,66.27,301.36,130.0,3.73,3.73,3.73,1.73,24.73,3.55,17.27,3.73,0.0,0.0,0.0,0.0,0.0,0.0,10.0,0.0,0.0,0.0,0.0,0.0,0.0,0.0,0.0,0.0,0.0,0.0,0.0,0.0,463.09,66.27,266.09,152.91,209.27,121.82,21.82,13.91,0.0,0.0,111.18,144.09,48.73,0.0,95.36,0.0,0.0,0.0,0.0,0.0,15.36,15.36,16.09,0.0,0.0,0.0,0.0,0.0,0.45,36.82,36.82,37.82,23.55,138.73,191.64,552.55,427.18,979.73,330.36,5516.82,141.0,168587.73,0.0,0.0,54.91,21.91,16.64,4.09,0.0
8.0,37.0,6.0,219.0,904.0,176.0,7.0,7.0,8.0,3.0,51.0,8.0,37.0,6.0,0.0,0.0,0.0,0.0,0.0,0.0,21.0,0.0,0.0,0.0,0.0,0.0,0.0,0.0,0.0,0.0,0.0,0.0,0.0,0.0,1287.0,219.0,876.0,186.0,650.0,176.0,0.0,28.0,0.0,0.0,476.0,620.0,123.0,2.0,495.0,0.0,0.0,0.0,0.0,0.0,25.0,25.0,31.0,0.0,0.0,0.0,0.0,0.0,0.2,143.0,139.0,162.0,67.0,367.0,604.0,2634.0,1993.0,4627.0,971.0,29319.0,508.0,1634089.0,1.0,1.0,304.0,48.0,92.0,16.0,0.0
0.0,0.0,0.0,5.0,8.8,24.0,0.0,0.0,0.0,0.0,0.0,0.0,0.0,0.0,0.0,0.0,0.0,0.0,0.0,0.0,0.0,0.0,0.0,0.0,0.0,0.0,0.0,0.0,0.0,0.0,0.0,0.0,0.0,0.0,36.8,5.0,3.8,3.8,0.0,24.0,0.0,5.0,0.0,0.0,3.8,3.8,3.8,0.0,0.0,0.0,0.0,0.0,0.0,0.0,0.0,0.0,0.0,0.0,0.0,0.0,0.0,0.0,6.4,0.0,0.0,0.0,0.0,0.0,0.0,0.0,0.0,0.0,0.0,0.0,0.0,0.0,0.0,0.0,0.0,0.0,0.0,0.0,0.0
0.0,0.0,0.0,10.0,33.67,39.0,0.0,0.0,0.0,0.0,0.0,0.0,0.0,0.0,0.0,0.0,0.0,0.0,0.0,0.0,0.0,0.0,0.0,0.0,0.0,0.0,0.0,0.0,0.0,0.0,0.0,0.0,0.0,0.0,81.67,10.0,18.67,17.67,0.0,39.0,0.0,15.0,0.0,0.0,17.67,17.67,17.67,0.0,0.0,0.0,0.0,0.0,0.0,0.0,0.0,0.0,0.0,0.0,0.0,0.0,0.0,0.0,2.09,0.0,0.0,0.0,0.0,0.0,0.0,0.0,0.0,0.0,0.0,0.0,0.0,0.0,0.0,0.0,0.0,0.0,0.0,0.0,0.0
0.0,0.0,0.0,39.0,73.0,77.0,0.0,0.0,0.0,0.0,0.0,0.0,0.0,0.0,0.0,0.0,0.0,0.0,0.0,0.0,0.0,0.0,0.0,0.0,0.0,0.0,0.0,0.0,0.0,0.0,0.0,0.0,0.0,0.0,188.0,39.0,9.0,7.67,0.0,77.0,0.0,64.0,0.0,0.0,7.0,7.0,7.0,0.0,0.0,0.0,0.0,0.0,0.0,0.0,0.0,0.0,0.0,0.0,0.0,0.0,0.0,0.0,8.56,0.0,0.0,0.0,0.0,0.0,0.0,0.0,0.0,0.0,0.0,0.0,0.0,0.0,0.0,0.0,0.0,0.0,0.0,0.0,0.0
4.0,18.87,4.2,161.53,552.8,245.27,4.33,4.33,4.47,3.13,26.33,4.0,18.87,4.2,0.0,0.0,0.0,0.0,0.0,0.0,24.93,0.0,0.0,0.0,0.0,0.0,0.0,0.0,0.0,0.0,0.0,0.0,0.0,0.0,932.07,161.53,520.2,156.8,322.73,245.2,0.2,32.6,0.0,0.0,309.4,403.27,106.47,0.93,295.87,0.0,0.0,0.0,0.0,0.0,36.2,36.2,38.13,0.0,0.0,0.0,0.0,0.0,0.47,108.8,108.13,111.67,86.13,318.6,476.73,1427.67,1121.47,2549.13,795.33,15005.27,320.27,485853.4,0.0,0.0,94.6,36.0,28.8,5.07,0.0
1.0,42.27,5.91,17.0,215.18,143.64,7.64,5.64,7.64,3.64,44.55,1.0,42.27,5.91,0.0,0.0,0.0,0.0,0.0,0.0,5.0,0.0,0.0,0.0,0.0,0.0,0.0,0.0,0.0,0.0,0.0,0.0,0.0,0.0,355.18,17.0,210.64,35.0,155.0,143.64,0.0,4.55,0.0,0.0,107.55,147.45,27.0,0.0,120.45,0.0,0.0,0.0,0.0,0.0,15.0,10.0,15.0,0.0,0.0,0.0,0.0,0.0,0.68,38.91,27.27,38.91,19.27,91.91,197.09,589.91,444.55,1034.45,289.0,6435.82,98.82,174197.55,0.0,0.0,31.82,10.0,0.0,0.0,0.0
6.0,26.64,3.0,1508.0,6265.91,1102.09,6.0,5.0,6.0,2.0,35.0,6.0,25.64,3.0,0.0,0.0,0.0,0.0,0.0,0.0,195.64,0.0,0.0,0.0,0.0,0.0,0.0,0.0,0.0,0.0,0.0,0.0,0.0,0.0,8718.0,1435.18,5554.27,1496.82,4124.45,1064.09,623.18,198.27,0.0,0.0,2887.73,3749.0,727.27,2.0,3019.73,0.0,0.0,0.0,0.0,0.0,24.0,24.0,28.0,0.0,0.0,0.0,0.0,0.0,0.19,1106.27,1052.27,1189.27,478.64,3623.45,5582.55,16448.09,12449.55,28897.64,9206.0,170832.36,3772.45,5069908.45,4.0,10.64,1323.91,349.36,428.27,152.09,0.0
0.0,0.0,0.0,6.0,65.0,48.0,0.0,0.0,0.0,0.0,0.0,0.0,0.0,0.0,0.0,0.0,0.0,0.0,0.0,0.0,0.0,0.0,0.0,0.0,0.0,0.0,0.0,0.0,0.0,0.0,0.0,0.0,0.0,0.0,108.0,6.0,0.0,0.0,0.0,48.0,0.0,65.0,0.0,0.0,0.0,0.0,0.0,0.0,0.0,0.0,0.0,0.0,0.0,0.0,0.0,0.0,0.0,0.0,0.0,0.0,0.0,0.0,0.0,0.0,0.0,0.0,0.0,0.0,0.0,0.0,0.0,0.0,0.0,0.0,0.0,0.0,0.0,0.0,0.0,0.0,0.0,0.0,0.0
4.0,28.66,6.0,225.5,1038.03,441.71,6.74,6.0,7.74,2.74,38.18,4.0,28.66,6.0,0.0,0.0,0.0,0.0,0.0,0.0,31.61,0.0,0.0,0.0,0.0,0.0,0.0,0.0,0.0,0.0,0.0,0.0,0.0,0.0,1684.68,219.58,937.45,130.08,703.53,441.71,64.24,43.05,0.0,0.0,558.95,770.32,130.95,13.71,625.66,0.0,0.0,0.0,0.0,0.0,40.0,31.0,42.0,0.0,0.0,0.0,0.0,0.0,0.47,207.03,193.03,234.74,96.05,598.82,1026.16,3296.39,2567.84,5864.24,1624.97,37936.53,638.55,1667451.55,0.07,1.07,337.5,53.25,117.7,23.95,0.0
0.0,0.0,0.0,21.13,60.92,32.39,0.0,0.0,0.0,0.0,0.0,0.0,0.0,0.0,0.0,0.0,0.0,0.0,0.0,0.0,0.0,0.0,0.0,0.0,0.0,0.0,0.0,0.0,0.0,0.0,0.0,0.0,0.0,0.0,113.0,21.13,2.53,2.53,0.0,32.39,1.74,58.39,0.0,0.0,0.63,0.63,0.63,0.0,0.0,0.0,0.0,0.0,0.0,0.0,0.0,0.0,0.0,0.0,0.0,0.0,0.0,0.0,5.24,0.0,0.0,0.0,0.0,0.0,0.0,0.0,0.0,0.0,0.0,0.0,0.0,0.0,0.0,0.0,0.0,0.0,0.0,0.0,0.0
7.0,30.0,6.0,190.0,679.93,153.0,4.0,4.0,4.0,2.0,43.0,7.0,29.0,6.0,0.0,0.0,0.0,0.0,0.0,0.0,19.0,0.0,0.0,0.0,0.0,0.0,0.0,0.0,0.0,0.0,0.0,0.0,0.0,0.0,1017.93,180.0,589.43,113.43,396.43,151.0,69.0,36.5,0.0,0.0,344.43,420.43,98.0,4.0,318.43,0.0,0.0,0.0,0.0,0.0,12.0,12.0,12.0,0.0,0.0,0.0,0.0,0.0,0.26,76.0,76.0,84.0,41.0,351.0,582.21,1896.21,1444.93,3341.14,933.21,19893.07,413.43,655134.43,0.0,0.19,181.19,33.0,54.0,18.0,0.0
0.0,0.0,0.0,4.0,19.37,19.53,0.0,0.0,0.0,0.0,0.0,0.0,0.0,0.0,0.0,0.0,0.0,0.0,0.0,0.0,0.0,0.0,0.0,0.0,0.0,0.0,0.0,0.0,0.0,0.0,0.0,0.0,0.0,0.0,41.37,4.0,0.0,0.0,0.0,19.26,1.84,19.37,0.0,0.0,0.0,0.0,0.0,0.0,0.0,0.0,0.0,0.0,0.0,0.0,0.0,0.0,0.0,0.0,0.0,0.0,0.0,0.0,0.0,0.0,0.0,0.0,0.0,0.0,0.0,0.0,0.0,0.0,0.0,0.0,0.0,0.0,0.0,0.0,0.0,0.0,0.0,0.0,0.0
12.0,35.87,9.29,493.34,1350.37,500.63,4.0,4.0,4.0,2.0,55.16,12.0,35.87,9.29,0.0,0.0,0.0,0.0,0.0,0.0,35.13,0.0,0.0,0.0,0.0,0.0,0.0,0.0,0.0,0.0,0.0,0.0,0.0,0.0,2271.24,493.34,1327.92,188.82,933.39,500.63,0.0,22.45,0.0,0.0,866.47,1000.71,167.63,0.0,833.08,0.0,0.0,0.0,0.0,0.0,14.0,14.0,16.0,0.0,0.0,0.0,0.0,0.0,0.38,143.97,135.55,150.97,72.26,665.79,1300.0,3975.47,3241.95,7217.42,1965.79,44306.82,772.84,1442068.79,0.4,0.8,282.3,55.85,106.47,28.45,0.0
2.0,23.0,2.0,85.89,362.95,135.0,5.0,5.0,6.0,2.0,27.0,2.0,22.26,2.0,0.0,0.0,0.0,0.0,0.0,0.0,12.0,0.0,0.0,0.0,0.0,0.0,0.0,0.0,0.0,0.0,0.0,0.0,0.0,0.0,576.84,85.89,317.16,90.71,215.79,135.0,0.0,45.79,0.0,0.0,196.21,258.63,75.18,0.0,183.45,0.0,0.0,0.0,0.0,0.0,14.18,11.18,15.71,0.0,0.0,0.0,0.0,0.0,0.43,61.42,58.42,67.34,34.18,237.58,320.5,1055.37,773.92,1829.29,558.08,10661.53,278.82,357765.95,0.0,0.0,92.45,25.55,23.0,13.0,0.0
0.0,5.24,0.0,92.14,670.28,286.9,1.0,1.0,1.0,1.0,5.24,0.0,5.24,0.0,0.0,0.0,0.0,0.0,0.0,0.0,2.38,0.0,0.0,0.0,0.0,0.0,0.0,0.0,0.0,0.0,0.0,0.0,0.0,0.0,854.24,92.14,375.72,352.48,4.1,286.9,2.21,294.55,0.0,0.0,346.59,348.97,345.1,0.0,3.86,0.0,0.0,0.0,0.0,0.0,1.0,1.0,1.0,0.0,0.0,0.0,0.0,0.0,0.77,2.38,2.38,2.38,2.38,25.66,16.1,35.97,24.79,60.76,41.76,257.34,18.59,2304.79,0.0,0.0,1.26,0.81,0.0,0.0,0.0
0.0,0.0,0.0,8.0,15.0,34.0,0.0,0.0,0.0,0.0,0.0,0.0,0.0,0.0,0.0,0.0,0.0,0.0,0.0,0.0,0.0,0.0,0.0,0.0,0.0,0.0,0.0,0.0,0.0,0.0,0.0,0.0,0.0,0.0,56.0,8.0,8.0,8.0,0.0,34.0,0.0,7.0,0.0,0.0,4.0,5.0,5.0,0.0,0.0,0.0,0.0,0.0,0.0,0.0,0.0,0.0,0.0,0.0,0.0,0.0,0.0,0.0,4.25,0.0,0.0,0.0,0.0,0.0,0.0,0.0,0.0,0.0,0.0,0.0,0.0,0.0,0.0,0.0,0.0,0.0,0.0,0.0,0.0
3.0,18.33,1.67,92.89,397.44,55.17,3.0,3.0,3.0,1.0,23.28,3.0,16.33,1.67,0.0,0.0,0.0,0.0,0.0,0.0,22.0,0.0,0.0,0.0,0.0,0.0,0.0,0.0,0.0,0.0,0.0,0.0,0.0,0.0,540.83,92.89,362.94,74.39,262.22,55.17,14.0,20.5,0.0,0.0,220.72,280.72,58.0,0.0,222.72,0.0,0.0,0.0,0.0,0.0,15.67,15.67,17.33,0.0,0.0,0.0,0.0,0.0,0.17,58.17,58.17,64.83,34.67,293.33,509.67,1238.06,1016.83,2254.89,803.0,13006.11,257.83,305533.28,0.4,2.0,111.5,35.9,17.85,4.6,0.0
0.0,0.0,0.0,62.13,347.37,163.03,0.0,0.0,0.0,0.0,0.0,0.0,0.0,0.0,0.0,0.0,0.0,0.0,0.0,0.0,0.0,0.0,0.0,0.0,0.0,0.0,0.0,0.0,0.0,0.0,0.0,0.0,0.0,0.0,469.63,62.13,0.0,0.0,0.0,158.0,9.16,347.37,0.0,0.0,0.0,0.0,0.0,0.0,0.0,0.0,0.0,0.0,0.0,0.0,0.0,0.0,0.0,0.0,0.0,0.0,0.0,0.0,0.0,0.0,0.0,0.0,0.0,0.0,0.0,0.0,0.0,0.0,0.0,0.0,0.0,0.0,0.0,0.0,0.0,0.0,0.0,0.0,0.0
6.0,30.66,5.66,327.0,1417.0,400.34,5.0,5.0,5.84,1.74,39.84,6.0,28.68,5.0,0.0,0.0,0.0,0.0,0.0,0.0,35.63,0.0,0.0,0.0,0.0,0.0,0.0,0.0,0.0,0.0,0.0,0.0,0.0,0.0,1978.79,323.0,1268.58,411.95,818.58,380.13,61.82,104.45,0.0,0.0,746.53,925.74,253.66,0.0,672.08,0.0,0.0,0.0,0.0,0.0,29.32,29.32,33.32,0.0,0.0,0.0,0.0,0.0,0.3,183.71,183.71,198.92,70.26,658.95,1169.08,3808.63,2986.66,6795.29,1828.03,43043.84,761.34,1759059.68,0.0,0.0,351.38,76.85,180.9,32.42,0.0
2.78,23.56,0.0,120.67,714.56,15.56,5.56,5.56,5.67,2.33,26.33,2.78,23.44,0.0,0.0,0.0,0.0,0.0,0.0,0.0,26.33,0.0,0.0,0.0,0.0,0.0,0.0,0.0,0.0,0.0,0.0,0.0,0.0,0.0,850.67,114.44,660.11,160.78,525.33,15.56,34.78,25.89,0.0,0.0,370.89,496.56,108.89,17.33,370.33,0.0,0.0,0.0,0.0,0.0,26.44,26.44,26.56,0.0,0.0,0.0,0.0,0.0,0.02,147.33,143.11,151.89,67.11,439.56,824.89,2542.11,2024.89,4567.0,1264.44,27974.22,461.56,841640.89,1.44,3.22,305.44,53.56,16.78,12.44,0.0
4.0,25.82,1.0,226.0,1077.55,154.91,4.0,4.0,4.0,2.0,30.0,4.0,22.0,1.0,0.0,0.0,0.0,0.0,0.0,0.0,33.45,0.0,0.0,0.0,0.0,0.0,0.0,0.0,0.0,0.0,0.0,0.0,0.0,0.0,1394.64,225.0,791.0,173.18,556.36,150.91,80.0,209.55,0.0,0.0,500.36,627.09,147.0,0.27,479.82,0.0,0.0,0.0,0.0,0.0,14.73,12.73,17.73,0.0,0.0,0.0,0.0,0.0,0.19,129.73,122.73,138.45,82.55,575.64,886.73,2748.55,2178.91,4927.45,1462.36,28868.0,654.82,866801.36,2.0,5.0,254.64,72.73,44.09,22.73,0.0
1.0,9.0,0.0,33.0,153.14,71.43,1.43,1.43,1.43,1.0,10.0,1.0,8.0,0.0,0.0,0.0,0.0,0.0,0.0,0.0,14.0,0.0,0.0,0.0,0.0,0.0,0.0,0.0,0.0,0.0,0.0,0.0,0.0,0.0,256.57,33.0,114.86,36.0,47.29,71.43,15.0,24.29,0.0,0.0,51.0,64.86,20.0,0.0,44.86,0.0,0.0,0.0,0.0,0.0,2.43,2.43,2.43,0.0,0.0,0.0,0.0,0.0,0.62,20.86,20.86,20.86,14.0,198.29,211.43,508.0,379.14,887.14,409.71,4500.0,161.14,65211.0,0.0,0.0,32.0,16.0,14.0,6.0,0.0
4.0,44.92,7.71,171.58,1408.53,660.26,8.0,7.0,8.71,2.0,54.84,4.0,38.13,7.0,0.0,0.0,0.0,0.0,0.0,0.0,27.29,0.0,0.0,0.0,0.0,0.0,0.0,0.0,0.0,0.0,0.0,0.0,0.0,0.0,2199.16,169.58,1087.53,187.21,630.45,619.26,242.42,152.58,0.0,0.0,698.45,846.58,142.84,115.29,588.45,0.0,0.0,0.0,0.0,0.0,40.0,40.0,44.0,0.0,0.0,0.0,0.0,0.0,0.57,215.29,196.29,236.29,55.29,558.26,1124.95,4019.08,3137.45,7156.53,1683.21,46219.55,724.0,2159878.53,0.0,0.0,245.97,63.33,115.0,44.0,0.0
2.0,9.0,0.0,6.0,22.0,0.0,3.0,3.0,3.0,2.0,10.0,2.0,9.0,0.0,0.0,0.0,0.0,0.0,0.0,0.0,2.0,0.0,0.0,0.0,0.0,0.0,0.0,0.0,0.0,0.0,0.0,0.0,0.0,0.0,28.0,6.0,19.0,4.0,11.0,0.0,0.0,3.0,0.0,0.0,9.0,15.0,4.0,0.0,11.0,0.0,0.0,0.0,0.0,0.0,4.0,4.0,4.0,0.0,0.0,0.0,0.0,0.0,0.0,6.0,6.0,6.0,5.0,25.0,16.0,48.0,22.0,70.0,41.0,311.0,16.0,2774.0,0.0,0.0,1.0,1.0,0.0,0.0,0.0
7.0,25.0,7.38,442.06,1445.56,463.88,4.62,4.62,4.62,1.0,39.31,7.0,24.81,7.25,0.0,0.0,0.0,0.0,0.0,0.0,50.5,0.0,0.0,0.0,0.0,0.0,0.0,0.0,0.0,0.0,0.0,0.0,0.0,0.0,2332.44,423.75,1311.0,310.38,926.25,453.31,129.31,34.12,0.0,0.0,795.0,1006.44,224.38,35.75,746.31,0.0,0.0,0.0,0.0,0.0,20.19,20.19,23.38,0.0,0.0,0.0,0.0,0.0,0.35,224.69,220.25,238.25,96.62,915.81,1567.69,4068.31,3148.5,7216.81,2483.5,42850.38,883.44,1021040.31,0.0,0.0,294.44,88.62,109.19,50.81,0.0
3.79,24.79,6.84,100.53,545.11,158.08,3.76,3.42,3.76,1.68,29.26,3.79,24.08,6.84,0.0,0.0,0.0,0.0,0.0,0.0,21.26,0.0,0.0,0.0,0.0,0.0,0.0,0.0,0.0,0.0,0.0,0.0,0.0,0.0,696.55,98.55,518.5,148.37,387.74,157.89,13.37,15.39,0.0,0.0,306.89,375.45,69.97,1.11,304.37,0.0,0.0,0.0,0.0,0.0,15.87,12.97,16.68,0.0,0.0,0.0,0.0,0.0,0.31,67.68,64.61,73.11,39.29,292.08,519.58,1787.66,1283.74,3071.39,811.66,19032.32,289.97,526294.71,1.52,1.52,198.7,31.05,47.73,15.45,0.0
9.0,52.42,4.0,276.79,1289.18,175.45,7.0,5.0,7.0,3.42,65.87,9.0,50.42,4.0,0.0,0.0,0.0,0.0,0.0,0.0,23.58,0.0,0.0,0.0,0.0,0.0,0.0,0.0,0.0,0.0,0.0,0.0,0.0,0.0,1737.42,276.79,1204.82,177.42,962.53,172.45,40.79,46.58,0.0,0.0,796.21,953.21,131.61,0.0,821.61,0.0,0.0,0.0,0.0,0.0,32.0,15.34,32.0,0.0,0.0,0.0,0.0,0.0,0.14,157.0,126.0,162.0,93.58,506.74,1231.47,4294.39,3337.76,7632.16,1738.21,50084.79,646.5,1860420.66,3.0,3.0,455.93,94.72,127.92,42.6,0.0
2.0,21.0,5.0,20.0,226.0,46.05,2.0,2.0,2.0,1.0,26.0,2.0,21.0,5.0,0.0,0.0,0.0,0.0,0.0,0.0,5.0,0.0,0.0,0.0,0.0,0.0,0.0,0.0,0.0,0.0,0.0,0.0,0.0,0.0,281.05,17.0,121.0,88.0,102.0,46.05,102.0,6.0,0.0,0.0,30.0,39.0,18.0,0.0,21.0,0.0,0.0,0.0,0.0,0.0,3.0,3.0,3.0,0.0,0.0,0.0,0.0,0.0,0.38,9.0,9.0,9.0,7.0,65.82,216.0,420.82,287.0,707.82,281.82,4637.55,43.82,38760.91,0.0,0.0,4.23,4.0,4.0,1.0,0.0
0.0,0.0,0.0,130.81,483.69,621.44,0.0,0.0,0.0,0.0,0.0,0.0,0.0,0.0,0.0,0.0,0.0,0.0,0.0,0.0,0.0,0.0,0.0,0.0,0.0,0.0,0.0,0.0,0.0,0.0,0.0,0.0,0.0,0.0,1234.94,130.81,0.0,0.0,0.0,621.44,0.0,483.69,0.0,0.0,0.0,0.0,0.0,0.0,0.0,0.0,0.0,0.0,0.0,0.0,0.0,0.0,0.0,0.0,0.0,0.0,0.0,0.0,0.0,0.0,0.0,0.0,0.0,0.0,0.0,0.0,0.0,0.0,0.0,0.0,0.0,0.0,0.0,0.0,0.0,0.0,0.0,0.0,0.0
2.55,18.26,3.95,79.11,345.95,174.32,3.37,3.37,3.76,1.0,24.39,2.53,17.32,3.79,0.0,0.0,0.0,0.0,0.0,0.0,12.0,0.0,0.0,0.0,0.0,0.0,0.0,0.0,0.0,0.0,0.0,0.0,0.0,0.0,586.71,75.16,296.74,58.74,203.53,171.95,31.05,24.47,0.0,0.0,168.08,217.29,51.16,0.0,166.13,0.0,0.0,0.0,0.0,0.0,8.32,8.32,11.18,0.0,0.0,0.0,0.0,0.0,0.32,51.32,51.32,59.21,19.08,196.0,318.0,962.29,765.39,1727.68,514.0,10542.95,210.66,376934.11,0.07,0.0,84.1,15.3,21.3,5.72,0.0
4.38,21.56,3.0,185.25,598.31,221.94,5.0,5.0,5.5,2.0,28.56,4.38,21.56,3.0,0.0,0.0,0.0,0.0,0.0,0.0,23.94,0.0,0.0,0.0,0.0,0.0,0.0,0.0,0.0,0.0,0.0,0.0,0.0,0.0,1004.5,185.25,545.62,111.69,378.44,221.94,1.38,51.69,0.0,0.0,347.12,434.38,82.69,31.19,320.5,0.0,0.0,0.0,0.0,0.0,19.5,19.5,22.25,0.0,0.0,0.0,0.0,0.0,0.41,121.88,120.88,128.25,59.75,374.06,600.0,1499.44,1180.06,2679.5,974.06,15874.94,327.06,384511.81,0.0,1.0,74.94,32.25,26.12,10.69,0.0
0.0,0.0,0.0,14.0,76.33,35.67,0.0,0.0,0.0,0.0,0.0,0.0,0.0,0.0,0.0,0.0,0.0,0.0,0.0,0.0,0.0,0.0,0.0,0.0,0.0,0.0,0.0,0.0,0.0,0.0,0.0,0.0,0.0,0.0,125.67,14.0,72.67,72.0,0.0,35.67,0.0,3.67,0.0,0.0,35.33,35.33,35.33,0.0,0.0,0.0,0.0,0.0,0.0,0.0,0.0,0.0,0.0,0.0,0.0,0.0,0.0,0.0,0.49,0.0,0.0,0.0,0.0,0.0,0.0,0.0,0.0,0.0,0.0,0.0,0.0,0.0,0.0,0.0,0.0,0.0,0.0,0.0,0.0
5.0,20.17,1.0,219.67,960.17,132.33,4.0,3.0,4.0,2.0,25.67,5.0,20.17,1.0,0.0,0.0,0.0,0.0,0.0,0.0,35.33,0.0,0.0,0.0,0.0,0.0,0.0,0.0,0.0,0.0,0.0,0.0,0.0,0.0,1246.17,219.67,940.5,394.0,550.0,132.33,0.0,19.67,0.0,0.0,407.17,532.0,119.83,0.0,412.17,0.0,0.0,0.0,0.0,0.0,21.0,14.33,21.0,0.0,0.0,0.0,0.0,0.0,0.14,131.33,118.33,142.17,76.0,618.83,918.33,2361.5,1789.0,4150.5,1537.17,23503.67,572.83,512738.83,0.0,2.67,139.67,69.5,30.0,21.17,0.0
1.06,23.19,1.0,20.31,189.5,35.94,5.06,3.12,5.06,2.0,25.25,1.06,23.12,1.0,0.0,0.0,0.0,0.0,0.0,0.0,8.06,0.0,0.0,0.0,0.0,0.0,0.0,0.0,0.0,0.0,0.0,0.0,0.0,0.0,245.69,20.31,186.12,36.0,136.0,35.94,0.62,2.75,0.0,0.0,99.31,138.06,25.81,0.06,112.19,0.0,0.0,0.0,0.0,0.0,14.56,6.44,15.25,0.0,0.0,0.0,0.0,0.0,0.2,37.25,23.25,39.81,17.44,150.0,189.19,567.0,418.75,985.75,339.19,5558.06,158.06,137158.12,0.0,0.0,53.5,18.44,12.38,3.12,0.0
6.0,21.0,3.0,232.67,765.33,171.67,4.0,4.0,4.0,2.0,29.67,6.0,21.0,3.0,0.0,0.0,0.0,0.0,0.0,0.0,32.0,0.0,0.0,0.0,0.0,0.0,0.0,0.0,0.0,0.0,0.0,0.0,0.0,0.0,1165.67,221.33,721.33,149.67,529.33,164.67,47.33,15.0,0.0,0.0,404.67,541.67,97.0,0.0,444.67,0.0,0.0,0.0,0.0,0.0,10.0,8.0,10.0,0.0,0.0,0.0,0.0,0.0,0.23,133.0,117.0,135.0,86.0,519.0,703.0,2030.0,1405.67,3435.67,1222.0,18878.33,494.67,374470.0,3.0,4.0,190.33,56.0,16.0,7.67,0.0
0.0,0.0,0.0,31.0,94.53,19.0,0.0,0.0,0.0,0.0,0.0,0.0,0.0,0.0,0.0,0.0,0.0,0.0,0.0,0.0,0.0,0.0,0.0,0.0,0.0,0.0,0.0,0.0,0.0,0.0,0.0,0.0,0.0,0.0,143.53,31.0,47.0,44.42,0.0,19.0,3.68,45.26,0.0,0.0,20.0,20.0,20.0,0.0,0.0,0.0,0.0,0.0,0.0,0.0,0.0,0.0,0.0,0.0,0.0,0.0,0.0,0.0,0.4,0.0,0.0,0.0,0.0,0.0,0.0,0.0,0.0,0.0,0.0,0.0,0.0,0.0,0.0,0.0,0.0,0.0,0.0,0.0,0.0
6.0,33.0,2.0,126.35,480.85,50.0,5.04,5.0,6.0,3.0,41.0,6.0,32.35,2.0,0.0,0.0,0.0,0.0,0.0,0.0,9.0,0.0,0.0,0.0,0.0,0.0,0.0,0.0,0.0,0.0,0.0,0.0,0.0,0.0,635.19,106.35,359.42,106.5,258.77,50.0,104.0,43.42,0.0,0.0,196.69,243.73,56.69,0.0,187.04,0.0,0.0,0.0,0.0,0.0,16.04,16.04,19.0,0.0,0.0,0.0,0.0,0.0,0.14,49.04,48.04,54.04,34.0,170.69,266.38,906.96,733.81,1640.77,437.08,10259.73,226.08,443473.46,1.23,5.0,76.27,18.0,11.08,7.04,0.0
1.0,18.0,4.0,25.0,138.7,76.0,3.0,2.0,3.0,1.0,23.57,1.0,18.0,4.0,0.0,0.0,0.0,0.0,0.0,0.0,6.0,0.0,0.0,0.0,0.0,0.0,0.0,0.0,0.0,0.0,0.0,0.0,0.0,0.0,238.7,25.0,126.7,30.0,92.7,76.0,0.0,12.0,0.0,0.0,75.0,97.0,23.0,0.0,74.0,0.0,0.0,0.0,0.0,0.0,11.0,4.0,11.0,0.0,0.0,0.0,0.0,0.0,0.6,19.0,10.0,19.0,6.0,71.83,106.0,299.83,216.0,515.83,177.83,2894.13,62.83,56568.43,0.0,0.0,21.0,5.0,13.0,4.0,0.0
2.0,10.77,2.0,36.77,146.54,74.0,2.0,2.0,2.0,1.0,15.0,2.0,10.0,2.0,0.0,0.0,0.0,0.0,0.0,0.0,12.0,0.0,0.0,0.0,0.0,0.0,0.0,0.0,0.0,0.0,0.0,0.0,0.0,0.0,257.31,36.77,137.88,37.69,89.58,74.0,0.0,8.65,0.0,0.0,73.23,93.54,23.0,0.0,70.54,0.0,0.0,0.0,0.0,0.0,5.0,5.0,5.0,0.0,0.0,0.0,0.0,0.0,0.54,20.31,20.31,20.31,12.0,141.0,134.81,390.19,297.15,687.35,275.81,3292.5,140.58,53106.92,0.23,1.0,10.54,5.0,4.0,4.0,0.0
3.0,12.4,2.0,30.13,87.6,58.0,2.0,2.0,2.0,1.0,17.4,3.0,12.4,2.0,0.0,0.0,0.0,0.0,0.0,0.0,5.0,0.0,0.0,0.0,0.0,0.0,0.0,0.0,0.0,0.0,0.0,0.0,0.0,0.0,174.73,30.13,79.8,27.0,48.8,58.0,0.0,7.8,0.0,0.0,48.93,60.33,20.53,0.0,39.8,0.0,0.0,0.0,0.0,0.0,5.4,5.4,5.4,0.0,0.0,0.0,0.0,0.0,0.73,11.4,11.4,11.4,8.4,58.73,77.33,182.0,132.13,314.13,136.07,1590.33,46.2,21246.13,0.0,0.0,10.8,6.8,13.0,3.0,0.0
0.0,0.0,0.0,21.75,81.03,106.56,0.0,0.0,0.0,0.0,0.0,0.0,0.0,0.0,0.0,0.0,0.0,0.0,0.0,0.0,0.0,0.0,0.0,0.0,0.0,0.0,0.0,0.0,0.0,0.0,0.0,0.0,0.0,0.0,171.94,21.75,43.69,41.81,0.0,106.56,0.0,37.34,0.0,0.0,41.69,41.69,41.69,0.0,0.0,0.0,0.0,0.0,0.0,0.0,0.0,0.0,0.0,0.0,0.0,0.0,0.0,0.0,2.44,0.0,0.0,0.0,0.0,0.0,0.0,0.0,0.0,0.0,0.0,0.0,0.0,0.0,0.0,0.0,0.0,0.0,0.0,0.0,0.0
6.19,32.75,2.88,348.75,1558.75,137.06,7.0,6.0,7.0,1.0,41.19,6.19,32.12,2.88,0.0,0.0,0.0,0.0,0.0,0.0,43.44,0.0,0.0,0.0,0.0,0.0,0.0,0.0,0.0,0.0,0.0,0.0,0.0,0.0,2026.69,345.25,1459.38,263.12,1190.56,137.06,23.5,79.38,0.0,0.0,1035.94,1301.0,187.62,0.0,1113.38,0.0,0.0,0.0,0.0,0.0,39.0,39.0,39.0,0.0,0.0,0.0,0.0,0.0,0.09,291.38,254.38,308.38,80.94,773.75,1573.25,4685.94,3802.31,8488.25,2347.0,54148.44,863.44,1884740.38,2.0,4.25,683.31,166.12,130.19,34.25,0.0
8.56,43.67,9.11,83.44,358.22,126.44,11.0,9.78,12.44,4.0,61.56,8.56,43.67,9.11,0.0,0.0,0.0,0.0,0.0,0.0,8.22,0.0,0.0,0.0,0.0,0.0,0.0,0.0,0.0,0.0,0.0,0.0,0.0,0.0,568.11,83.44,354.22,22.22,305.89,126.44,0.0,4.0,0.0,0.0,160.78,229.78,16.33,0.0,213.44,0.0,0.0,0.0,0.0,0.0,47.67,44.67,50.22,0.0,0.0,0.0,0.0,0.0,0.36,89.33,80.33,98.11,34.33,166.67,321.67,1035.22,824.78,1860.0,488.33,12690.0,172.78,558913.22,0.0,0.0,112.78,19.33,14.33,6.0,0.0
9.55,58.79,13.15,64.97,354.06,95.76,6.3,6.3,6.3,2.91,79.85,9.48,48.42,12.48,0.0,0.0,0.0,0.0,0.0,0.0,5.88,0.0,0.0,0.0,0.0,0.0,0.0,0.0,0.0,0.0,0.0,0.0,0.0,0.0,507.21,63.97,282.24,58.85,220.06,93.7,35.24,39.64,0.0,0.0,172.52,204.24,39.7,0.0,164.55,0.0,0.0,0.0,0.0,0.0,13.39,13.39,14.39,0.0,0.0,0.0,0.0,0.0,0.33,37.03,37.03,38.03,17.36,114.82,330.67,1059.55,881.27,1940.82,445.48,13114.12,142.0,536751.36,0.0,0.0,113.31,28.51,39.37,17.63,0.0
0.0,0.0,0.0,7.07,16.33,23.0,0.0,0.0,0.0,0.0,0.0,0.0,0.0,0.0,0.0,0.0,0.0,0.0,0.0,0.0,0.0,0.0,0.0,0.0,0.0,0.0,0.0,0.0,0.0,0.0,0.0,0.0,0.0,0.0,43.4,7.07,0.0,0.0,0.0,23.0,1.0,16.33,0.0,0.0,0.0,0.0,0.0,0.0,0.0,0.0,0.0,0.0,0.0,0.0,0.0,0.0,0.0,0.0,0.0,0.0,0.0,0.0,0.0,0.0,0.0,0.0,0.0,0.0,0.0,0.0,0.0,0.0,0.0,0.0,0.0,0.0,0.0,0.0,0.0,0.0,0.0,0.0,0.0
0.0,0.0,0.0,16.4,105.2,17.0,0.0,0.0,0.0,0.0,0.0,0.0,0.0,0.0,0.0,0.0,0.0,0.0,0.0,0.0,0.0,0.0,0.0,0.0,0.0,0.0,0.0,0.0,0.0,0.0,0.0,0.0,0.0,0.0,137.6,16.4,89.2,87.2,0.0,17.0,0.0,16.0,0.0,0.0,36.2,36.2,36.2,0.0,0.0,0.0,0.0,0.0,0.0,0.0,0.0,0.0,0.0,0.0,0.0,0.0,0.0,0.0,0.19,0.0,0.0,0.0,0.0,0.0,0.0,0.0,0.0,0.0,0.0,0.0,0.0,0.0,0.0,0.0,0.0,0.0,0.0,0.0,0.0
0.0,0.0,0.0,56.84,194.53,4.0,0.0,0.0,0.0,0.0,0.0,0.0,0.0,0.0,0.0,0.0,0.0,0.0,0.0,0.0,0.0,0.0,0.0,0.0,0.0,0.0,0.0,0.0,0.0,0.0,0.0,0.0,0.0,0.0,254.37,56.84,0.0,0.0,0.0,4.0,0.0,194.53,0.0,0.0,0.0,0.0,0.0,0.0,0.0,0.0,0.0,0.0,0.0,0.0,0.0,0.0,0.0,0.0,0.0,0.0,0.0,0.0,0.0,0.0,0.0,0.0,0.0,0.0,0.0,0.0,0.0,0.0,0.0,0.0,0.0,0.0,0.0,0.0,0.0,0.0,0.0,0.0,0.0
0.0,6.0,0.0,2.0,31.0,27.0,1.0,1.0,1.0,1.0,6.0,0.0,6.0,0.0,0.0,0.0,0.0,0.0,0.0,0.0,3.0,0.0,0.0,0.0,0.0,0.0,0.0,0.0,0.0,0.0,0.0,0.0,0.0,0.0,60.0,2.0,18.0,9.0,3.0,27.0,7.0,6.0,0.0,0.0,3.0,5.0,2.0,0.0,3.0,0.0,0.0,0.0,0.0,0.0,1.0,1.0,1.0,0.0,0.0,0.0,0.0,0.0,1.5,3.0,3.0,3.0,3.0,27.0,30.0,39.0,33.0,72.0,57.0,303.0,12.0,1212.0,0.0,0.0,0.0,0.0,0.0,0.0,0.0
3.0,34.94,2.94,64.19,534.19,78.69,8.0,5.06,8.0,1.0,41.12,3.0,34.94,2.94,0.0,0.0,0.0,0.0,0.0,0.0,15.0,0.0,0.0,0.0,0.0,0.0,0.0,0.0,0.0,0.0,0.0,0.0,0.0,0.0,675.06,64.19,529.19,95.56,399.0,78.69,0.0,5.0,0.0,0.0,280.25,389.06,62.69,0.0,326.38,0.0,0.0,0.0,0.0,0.0,20.12,19.12,22.94,0.0,0.0,0.0,0.0,0.0,0.15,115.19,80.19,122.94,24.88,252.94,488.94,1500.69,1091.56,2592.25,741.88,16751.38,256.06,679878.19,0.0,0.0,115.88,28.06,14.88,5.19,0.0
6.0,40.0,4.0,137.0,792.0,106.0,12.0,11.0,16.0,2.0,50.0,6.0,40.0,4.0,0.0,0.0,0.0,0.0,0.0,0.0,19.0,0.0,0.0,0.0,0.0,0.0,0.0,0.0,0.0,0.0,0.0,0.0,0.0,0.0,1031.0,137.0,787.0,118.5,591.5,106.0,0.0,5.0,0.0,0.0,546.5,734.5,84.0,53.0,597.5,0.0,0.0,0.0,0.0,0.0,64.0,61.0,81.0,0.0,0.0,0.0,0.0,0.0,0.14,237.0,217.0,300.0,46.0,343.0,753.0,2517.0,1934.5,4451.5,1096.0,28693.0,382.5,1062395.5,0.0,0.0,432.0,97.0,82.0,16.0,0.0
24.0,53.16,28.0,86.0,162.68,157.66,12.0,12.0,17.0,2.0,106.0,24.0,53.16,28.0,0.0,0.0,0.0,0.0,0.0,0.0,3.0,0.0,0.0,0.0,0.0,0.0,0.0,0.0,0.0,0.0,0.0,0.0,0.0,0.0,406.34,86.0,160.16,16.0,138.16,157.66,0.0,2.53,0.0,0.0,97.0,132.0,16.0,0.0,116.0,0.0,0.0,0.0,0.0,0.0,27.0,27.0,40.0,0.0,0.0,0.0,0.0,0.0,0.99,37.0,37.0,50.0,8.0,57.53,149.79,611.66,507.24,1118.89,207.32,7229.42,88.5,360581.05,0.0,0.0,60.38,7.0,31.0,4.0,0.0
5.0,23.0,0.0,226.0,822.67,17.0,5.0,5.0,5.0,2.0,28.67,5.0,23.0,0.0,0.0,0.0,0.0,0.0,0.0,0.0,35.67,0.0,0.0,0.0,0.0,0.0,0.0,0.0,0.0,0.0,0.0,0.0,0.0,0.0,1065.67,226.0,814.67,115.67,528.67,17.0,0.0,8.0,0.0,0.0,536.33,681.0,106.0,0.0,575.0,0.0,0.0,0.0,0.0,0.0,7.0,7.0,7.0,0.0,0.0,0.0,0.0,0.0,0.02,179.33,179.33,180.33,105.33,619.33,904.0,2308.0,1651.67,3959.67,1523.33,21684.67,551.33,345327.67,0.0,33.67,78.33,37.67,120.0,37.67,0.0
0.0,0.0,0.0,57.92,422.77,46.31,0.0,0.0,0.0,0.0,0.0,0.0,0.0,0.0,0.0,0.0,0.0,0.0,0.0,0.0,0.0,0.0,0.0,0.0,0.0,0.0,0.0,0.0,0.0,0.0,0.0,0.0,0.0,0.0,525.0,57.92,358.31,318.92,0.0,46.31,36.62,36.69,0.0,0.0,247.62,247.62,247.62,0.0,0.0,0.0,0.0,0.0,0.0,0.0,0.0,0.0,0.0,0.0,0.0,0.0,0.0,0.0,0.26,0.0,0.0,0.0,0.0,0.0,0.0,0.0,0.0,0.0,0.0,0.0,0.0,0.0,0.0,0.0,0.0,0.0,0.0,0.0,0.0
1.0,8.75,1.25,25.25,87.0,68.5,2.75,2.75,2.75,1.0,11.75,1.0,8.75,1.25,0.0,0.0,0.0,0.0,0.0,0.0,8.25,0.0,0.0,0.0,0.0,0.0,0.0,0.0,0.0,0.0,0.0,0.0,0.0,0.0,180.75,25.25,73.0,12.75,38.75,68.5,0.0,14.0,0.0,0.0,39.5,54.0,10.75,0.0,43.25,0.0,0.0,0.0,0.0,0.0,9.0,9.0,9.0,0.0,0.0,0.0,0.0,0.0,0.95,19.5,19.5,20.75,10.25,84.0,99.0,249.5,205.5,455.0,183.0,2234.5,74.75,34265.25,0.0,0.0,16.5,8.25,0.0,0.0,0.0
0.0,0.0,0.0,21.0,90.0,24.0,0.0,0.0,0.0,0.0,0.0,0.0,0.0,0.0,0.0,0.0,0.0,0.0,0.0,0.0,0.0,0.0,0.0,0.0,0.0,0.0,0.0,0.0,0.0,0.0,0.0,0.0,0.0,0.0,133.0,21.0,43.0,39.0,0.0,24.0,0.0,47.0,0.0,0.0,21.0,21.0,21.0,0.0,0.0,0.0,0.0,0.0,0.0,0.0,0.0,0.0,0.0,0.0,0.0,0.0,0.0,0.0,0.56,0.0,0.0,0.0,0.0,0.0,0.0,0.0,0.0,0.0,0.0,0.0,0.0,0.0,0.0,0.0,0.0,0.0,0.0,0.0,0.0
5.0,35.15,2.0,538.23,2562.15,227.5,7.0,6.0,8.0,2.0,42.19,5.0,34.54,2.0,0.0,0.0,0.0,0.0,0.0,0.0,71.0,0.0,0.0,0.0,0.0,0.0,0.0,0.0,0.0,0.0,0.0,0.0,0.0,0.0,3291.38,538.23,2488.62,375.04,1874.73,222.5,15.38,63.15,0.0,0.0,1407.42,1844.46,300.23,0.81,1543.42,0.0,0.0,0.0,0.0,0.0,32.0,32.0,46.0,0.0,0.0,0.0,0.0,0.0,0.09,465.04,444.04,585.88,200.69,1401.35,2674.88,8460.04,6520.15,14980.19,4076.23,93752.58,1583.12,3357480.85,4.23,10.0,1040.54,252.77,190.23,69.62,0.0
0.0,0.0,0.0,18.12,83.0,158.04,0.0,0.0,0.0,0.0,0.0,0.0,0.0,0.0,0.0,0.0,0.0,0.0,0.0,0.0,0.0,0.0,0.0,0.0,0.0,0.0,0.0,0.0,0.0,0.0,0.0,0.0,0.0,0.0,182.17,18.12,0.0,0.0,0.0,158.04,2.0,81.0,0.0,0.0,0.0,0.0,0.0,0.0,0.0,0.0,0.0,0.0,0.0,0.0,0.0,0.0,0.0,0.0,0.0,0.0,0.0,0.0,0.0,0.0,0.0,0.0,0.0,0.0,0.0,0.0,0.0,0.0,0.0,0.0,0.0,0.0,0.0,0.0,0.0,0.0,0.0,0.0,0.0
2.67,16.33,0.67,59.67,246.0,46.0,3.0,3.0,3.0,1.0,19.67,2.67,16.33,0.67,0.0,0.0,0.0,0.0,0.0,0.0,14.67,0.0,0.0,0.0,0.0,0.0,0.0,0.0,0.0,0.0,0.0,0.0,0.0,0.0,351.67,59.67,245.0,49.67,184.33,46.0,0.0,1.0,0.0,0.0,137.67,175.0,45.0,0.0,130.0,0.0,0.0,0.0,0.0,0.0,7.0,7.0,7.67,0.0,0.0,0.0,0.0,0.0,0.2,45.67,45.0,48.67,17.33,210.67,318.0,839.67,668.33,1508.0,528.67,8240.33,211.67,174770.67,0.0,0.0,124.33,29.67,24.33,9.0,0.0
3.0,85.0,3.0,30.0,361.0,121.0,9.0,4.0,10.0,8.0,88.0,3.0,85.0,3.0,0.0,0.0,0.0,0.0,0.0,0.0,3.0,0.0,0.0,0.0,0.0,0.0,0.0,0.0,0.0,0.0,0.0,0.0,0.0,0.0,499.0,30.0,345.0,163.0,273.0,121.0,0.0,16.0,0.0,0.0,165.0,195.0,60.0,0.0,135.0,0.0,0.0,0.0,0.0,0.0,15.0,8.0,17.0,0.0,0.0,0.0,0.0,0.0,0.35,27.0,13.0,30.0,24.0,69.0,168.0,820.0,570.0,1390.0,237.0,8896.0,110.0,389009.0,0.0,0.0,36.0,11.0,60.0,6.0,0.0
5.0,45.0,2.0,105.75,3193.25,2938.5,4.0,4.0,4.0,1.0,52.0,5.0,45.0,2.0,0.0,0.0,0.0,0.0,0.0,0.0,1.0,0.0,0.0,0.0,0.0,0.0,0.0,0.0,0.0,0.0,0.0,0.0,0.0,0.0,6105.75,105.75,45.0,6.0,35.0,2938.5,0.0,3148.25,0.0,0.0,26.0,29.0,5.0,0.0,24.0,0.0,0.0,0.0,0.0,0.0,4.0,4.0,4.0,0.0,0.0,0.0,0.0,0.0,65.3,4.0,4.0,4.0,1.0,17.0,43.0,373.0,368.0,741.0,60.0,4377.0,72.0,315144.0,0.0,0.0,149.0,3.0,10.0,3.0,0.0
0.0,5.33,0.0,167.11,813.67,534.78,1.33,1.33,1.33,1.0,5.33,0.0,5.33,0.0,0.0,0.0,0.0,0.0,0.0,0.0,6.67,0.0,0.0,0.0,0.0,0.0,0.0,0.0,0.0,0.0,0.0,0.0,0.0,0.0,1378.0,165.11,480.0,444.22,12.56,530.33,26.78,316.56,0.0,0.0,259.44,266.11,253.78,0.0,12.33,0.0,0.0,0.0,0.0,0.0,2.0,2.0,2.0,0.0,0.0,0.0,0.0,0.0,1.1,9.11,9.11,9.11,6.67,81.11,48.11,120.89,78.78,199.67,129.22,869.78,65.22,11344.56,0.0,0.0,3.67,3.67,0.0,0.0,0.0
0.0,0.0,0.0,0.0,9450.59,6.0,0.0,0.0,0.0,0.0,0.0,0.0,0.0,0.0,0.0,0.0,0.0,0.0,0.0,0.0,0.0,0.0,0.0,0.0,0.0,0.0,0.0,0.0,0.0,0.0,0.0,0.0,0.0,0.0,9456.59,0.0,9416.0,9416.0,0.0,6.0,3.0,34.59,0.0,0.0,6.0,6.0,6.0,0.0,0.0,0.0,0.0,0.0,0.0,0.0,0.0,0.0,0.0,0.0,0.0,0.0,0.0,0.0,0.0,0.0,0.0,0.0,0.0,0.0,0.0,0.0,0.0,0.0,0.0,0.0,0.0,0.0,0.0,0.0,0.0,0.0,0.0,0.0,0.0
0.0,0.0,0.0,6.0,213.42,22.0,0.0,0.0,0.0,0.0,0.0,0.0,0.0,0.0,0.0,0.0,0.0,0.0,0.0,0.0,0.0,0.0,0.0,0.0,0.0,0.0,0.0,0.0,0.0,0.0,0.0,0.0,0.0,0.0,241.42,4.0,0.0,0.0,0.0,22.0,213.0,2.42,0.0,0.0,0.0,0.0,0.0,0.0,0.0,0.0,0.0,0.0,0.0,0.0,0.0,0.0,0.0,0.0,0.0,0.0,0.0,0.0,0.0,0.0,0.0,0.0,0.0,0.0,0.0,0.0,0.0,0.0,0.0,0.0,0.0,0.0,0.0,0.0,0.0,0.0,0.0,0.0,0.0
3.25,20.12,1.0,99.12,442.38,54.88,3.0,3.0,3.25,1.0,25.0,3.25,20.12,1.0,0.0,0.0,0.0,0.0,0.0,0.0,16.75,0.0,0.0,0.0,0.0,0.0,0.0,0.0,0.0,0.0,0.0,0.0,0.0,0.0,596.38,97.12,430.62,155.75,323.38,53.88,12.25,2.5,0.0,0.0,200.12,250.88,54.5,0.0,196.38,0.0,0.0,0.0,0.0,0.0,12.0,12.0,17.0,0.0,0.0,0.0,0.0,0.0,0.12,51.5,51.5,56.5,24.75,225.25,389.38,1131.5,912.12,2043.62,614.62,11322.38,241.5,255709.0,0.0,0.0,125.5,46.75,58.12,11.12,0.0
7.0,49.69,6.0,152.5,855.88,124.73,8.0,8.0,13.0,5.0,61.69,7.0,48.27,6.0,0.0,0.0,0.0,0.0,0.0,0.0,17.0,0.0,0.0,0.0,0.0,0.0,0.0,0.0,0.0,0.0,0.0,0.0,0.0,0.0,1113.08,152.5,825.15,125.23,639.19,117.69,19.27,17.46,0.0,0.0,455.08,594.08,83.58,0.0,510.5,0.0,0.0,0.0,0.0,0.0,52.0,46.0,91.0,0.0,0.0,0.0,0.0,0.0,0.14,142.0,133.0,226.0,85.0,361.42,839.85,2822.04,2291.77,5113.81,1201.27,34694.31,433.23,1631467.27,1.0,1.0,322.19,60.42,59.31,13.65,0.0
3.0,22.56,5.0,90.8,451.96,218.84,5.0,5.0,6.0,2.0,30.8,3.0,22.56,5.0,0.0,0.0,0.0,0.0,0.0,0.0,17.0,0.0,0.0,0.0,0.0,0.0,0.0,0.0,0.0,0.0,0.0,0.0,0.0,0.0,737.76,90.8,426.44,100.72,293.76,218.84,0.0,25.52,0.0,0.0,239.4,317.4,71.52,0.0,245.88,0.0,0.0,0.0,0.0,0.0,20.0,20.0,23.0,0.0,0.0,0.0,0.0,0.0,0.51,81.0,81.0,96.0,41.0,282.84,354.52,1302.0,966.28,2268.28,637.36,13364.8,344.72,600424.68,2.32,6.0,131.08,21.0,36.44,9.36,0.0
1.0,5.0,0.0,21.0,60.0,29.0,1.0,1.0,1.0,1.0,6.0,1.0,5.0,0.0,0.0,0.0,0.0,0.0,0.0,0.0,2.0,0.0,0.0,0.0,0.0,0.0,0.0,0.0,0.0,0.0,0.0,0.0,0.0,0.0,109.0,21.0,23.0,16.0,3.0,29.0,0.0,37.0,0.0,0.0,15.0,16.0,13.0,0.0,3.0,0.0,0.0,0.0,0.0,0.0,1.0,1.0,1.0,0.0,0.0,0.0,0.0,0.0,1.26,2.0,2.0,2.0,2.0,24.0,14.0,37.0,24.0,61.0,38.0,258.0,20.0,2592.0,0.0,0.0,0.0,0.0,0.0,0.0,0.0
2.67,11.0,1.0,64.0,216.0,29.67,3.0,3.0,3.0,1.0,14.0,2.67,11.0,1.0,0.0,0.0,0.0,0.0,0.0,0.0,15.33,0.0,0.0,0.0,0.0,0.0,0.0,0.0,0.0,0.0,0.0,0.0,0.0,0.0,309.67,64.0,197.67,60.67,120.0,29.67,0.0,18.33,0.0,0.0,101.33,140.0,38.67,0.0,101.33,0.0,0.0,0.0,0.0,0.0,10.0,10.0,10.0,0.0,0.0,0.0,0.0,0.0,0.15,45.67,45.67,45.67,21.33,167.33,205.0,487.33,356.33,843.67,372.33,4392.67,124.33,63754.33,0.0,0.0,22.33,10.33,5.33,3.0,0.0
2.89,14.67,9.33,7.78,25.0,25.67,2.44,2.44,2.44,0.89,26.89,2.89,14.67,9.33,0.0,0.0,0.0,0.0,0.0,0.0,1.11,0.0,0.0,0.0,0.0,0.0,0.0,0.0,0.0,0.0,0.0,0.0,0.0,0.0,58.44,7.78,22.11,9.67,9.33,25.67,0.0,2.89,0.0,0.0,13.22,16.11,7.67,0.0,8.44,0.0,0.0,0.0,0.0,0.0,2.67,2.67,2.67,0.0,0.0,0.0,0.0,0.0,1.59,2.89,2.89,2.89,1.11,18.22,21.11,52.44,40.67,93.11,39.33,479.33,16.89,7380.44,0.0,0.0,3.56,1.78,0.0,0.0,0.0
3.0,16.0,3.0,107.0,443.0,207.0,3.0,3.0,3.0,2.0,21.0,3.0,15.0,3.0,0.0,0.0,0.0,0.0,0.0,0.0,21.0,0.0,0.0,0.0,0.0,0.0,0.0,0.0,0.0,0.0,0.0,0.0,0.0,0.0,730.0,104.0,387.0,154.0,245.0,207.0,21.0,39.0,0.0,0.0,201.0,262.0,101.0,0.0,161.0,0.0,0.0,0.0,0.0,0.0,16.0,9.0,18.0,0.0,0.0,0.0,0.0,0.0,0.53,63.0,56.0,68.0,45.0,277.0,310.0,973.0,701.0,1674.0,587.0,9046.0,287.0,242346.0,0.0,0.0,34.0,24.0,2.0,1.0,0.0
0.0,0.0,0.0,62.39,390.16,331.0,0.0,0.0,0.0,0.0,0.0,0.0,0.0,0.0,0.0,0.0,0.0,0.0,0.0,0.0,0.0,0.0,0.0,0.0,0.0,0.0,0.0,0.0,0.0,0.0,0.0,0.0,0.0,0.0,513.55,62.39,73.13,68.13,0.0,331.0,23.61,308.42,0.0,0.0,59.13,59.13,59.13,0.0,0.0,0.0,0.0,0.0,0.0,0.0,0.0,0.0,0.0,0.0,0.0,0.0,0.0,0.0,4.52,0.0,0.0,0.0,0.0,0.0,0.0,0.0,0.0,0.0,0.0,0.0,0.0,0.0,0.0,0.0,0.0,0.0,0.0,0.0,0.0
1.0,9.0,1.0,24.0,82.0,65.0,3.0,3.0,3.0,1.0,12.0,1.0,9.0,1.0,0.0,0.0,0.0,0.0,0.0,0.0,7.0,0.0,0.0,0.0,0.0,0.0,0.0,0.0,0.0,0.0,0.0,0.0,0.0,0.0,171.0,24.0,66.0,11.0,36.0,65.0,0.0,16.0,0.0,0.0,38.0,51.0,10.0,0.0,41.0,0.0,0.0,0.0,0.0,0.0,9.0,9.0,9.0,0.0,0.0,0.0,0.0,0.0,0.98,18.0,18.0,19.0,9.0,71.0,85.0,217.0,179.0,396.0,156.0,1972.0,60.0,30278.0,0.0,0.0,17.0,10.0,0.0,0.0,0.0
1.0,7.0,0.0,16.0,46.0,22.0,2.0,2.0,2.0,1.0,8.0,1.0,7.0,0.0,0.0,0.0,0.0,0.0,0.0,0.0,4.0,0.0,0.0,0.0,0.0,0.0,0.0,0.0,0.0,0.0,0.0,0.0,0.0,0.0,84.0,16.0,35.0,15.0,12.0,22.0,0.0,11.0,0.0,0.0,17.0,23.0,13.0,0.0,10.0,0.0,0.0,0.0,0.0,0.0,2.0,2.0,2.0,0.0,0.0,0.0,0.0,0.0,0.63,6.0,6.0,6.0,4.0,56.0,34.0,105.0,74.0,179.0,90.0,806.0,60.0,12930.0,0.0,0.0,16.0,8.0,0.0,0.0,0.0
6.32,33.89,3.87,655.05,2994.37,702.24,8.34,7.71,9.53,2.0,43.89,6.11,32.24,3.68,0.0,0.0,0.0,0.0,0.0,0.0,80.24,0.0,0.0,0.0,0.0,0.0,0.0,0.0,0.0,0.0,0.0,0.0,0.0,0.0,4339.58,632.74,2757.66,567.39,2064.71,674.71,211.71,78.32,0.0,0.0,1564.68,2056.87,394.34,3.79,1658.74,0.0,0.0,0.0,0.0,0.0,70.16,70.16,73.76,0.0,0.0,0.0,0.0,0.0,0.24,676.71,613.89,762.84,207.08,1445.42,2805.97,8751.92,6771.71,15523.63,4251.39,98503.68,1608.24,3425527.13,3.88,12.7,979.6,200.18,232.03,71.25,0.0
4.0,16.0,1.0,156.0,558.0,164.0,3.0,3.0,3.0,1.0,21.0,4.0,16.0,1.0,0.0,0.0,0.0,0.0,0.0,0.0,29.0,0.0,0.0,0.0,0.0,0.0,0.0,0.0,0.0,0.0,0.0,0.0,0.0,0.0,824.0,156.0,494.0,105.17,341.0,164.0,0.0,64.0,0.0,0.0,289.17,374.17,87.17,0.0,287.0,0.0,0.0,0.0,0.0,0.0,10.0,10.0,10.0,0.0,0.0,0.0,0.0,0.0,0.33,81.0,76.0,84.0,55.0,409.33,530.67,1389.33,1050.17,2439.5,940.0,13690.0,361.83,337385.17,1.0,2.0,73.83,34.0,20.0,9.0,0.0
3.0,10.62,2.0,41.88,113.69,47.81,2.0,2.0,2.0,1.0,14.62,3.0,10.62,2.0,0.0,0.0,0.0,0.0,0.0,0.0,9.31,0.0,0.0,0.0,0.0,0.0,0.0,0.0,0.0,0.0,0.0,0.0,0.0,0.0,203.38,41.88,101.81,24.81,64.25,47.81,0.0,11.88,0.0,0.0,72.0,88.25,24.56,0.0,63.69,0.0,0.0,0.0,0.0,0.0,3.31,3.31,3.31,0.0,0.0,0.0,0.0,0.0,0.47,16.25,16.25,16.25,9.31,124.38,134.69,331.19,262.06,593.25,259.06,2890.94,120.0,42000.12,0.0,0.25,17.31,13.31,3.0,1.0,0.0
0.0,0.0,0.0,6.0,10.0,21.0,0.0,0.0,0.0,0.0,0.0,0.0,0.0,0.0,0.0,0.0,0.0,0.0,0.0,0.0,0.0,0.0,0.0,0.0,0.0,0.0,0.0,0.0,0.0,0.0,0.0,0.0,0.0,0.0,36.0,6.0,1.0,1.0,0.0,21.0,0.0,9.0,0.0,0.0,1.0,2.0,2.0,0.0,0.0,0.0,0.0,0.0,0.0,0.0,0.0,0.0,0.0,0.0,0.0,0.0,0.0,0.0,21.0,0.0,0.0,0.0,0.0,0.0,0.0,0.0,0.0,0.0,0.0,0.0,0.0,0.0,0.0,0.0,0.0,0.0,0.0,0.0,0.0
0.0,0.0,0.0,101.13,438.93,407.0,0.0,0.0,0.0,0.0,0.0,0.0,0.0,0.0,0.0,0.0,0.0,0.0,0.0,0.0,0.0,0.0,0.0,0.0,0.0,0.0,0.0,0.0,0.0,0.0,0.0,0.0,0.0,0.0,742.87,101.13,0.0,0.0,0.0,407.0,0.0,438.93,0.0,0.0,0.0,0.0,0.0,0.0,0.0,0.0,0.0,0.0,0.0,0.0,0.0,0.0,0.0,0.0,0.0,0.0,0.0,0.0,0.0,0.0,0.0,0.0,0.0,0.0,0.0,0.0,0.0,0.0,0.0,0.0,0.0,0.0,0.0,0.0,0.0,0.0,0.0,0.0,0.0
0.0,6.0,0.0,87.0,459.33,97.0,1.0,1.0,1.0,1.0,6.0,0.0,6.0,0.0,0.0,0.0,0.0,0.0,0.0,0.0,12.0,0.0,0.0,0.0,0.0,0.0,0.0,0.0,0.0,0.0,0.0,0.0,0.0,0.0,629.33,86.0,361.33,304.33,25.0,96.0,26.0,77.0,0.0,0.0,252.33,266.33,244.33,0.0,22.0,0.0,0.0,0.0,0.0,0.0,2.0,2.0,2.0,0.0,0.0,0.0,0.0,0.0,0.27,14.0,14.0,14.0,12.0,130.0,95.0,207.0,131.0,338.0,225.0,1452.0,82.0,11724.0,0.0,0.0,10.0,7.0,1.0,1.0,0.0
0.0,0.0,0.0,39.22,95.44,61.89,0.0,0.0,0.0,0.0,0.0,0.0,0.0,0.0,0.0,0.0,0.0,0.0,0.0,0.0,0.0,0.0,0.0,0.0,0.0,0.0,0.0,0.0,0.0,0.0,0.0,0.0,0.0,0.0,190.22,39.22,52.22,50.22,0.0,61.89,0.0,43.22,0.0,0.0,43.89,43.89,43.89,0.0,0.0,0.0,0.0,0.0,0.0,0.0,0.0,0.0,0.0,0.0,0.0,0.0,0.0,0.0,1.18,0.0,0.0,0.0,0.0,0.0,0.0,0.0,0.0,0.0,0.0,0.0,0.0,0.0,0.0,0.0,0.0,0.0,0.0,0.0,0.0
3.0,18.5,2.0,339.06,1615.0,623.12,4.0,4.0,4.38,1.0,22.75,3.0,18.0,2.0,0.0,0.0,0.0,0.0,0.0,0.0,83.06,0.0,0.0,0.0,0.0,0.0,0.0,0.0,0.0,0.0,0.0,0.0,0.0,0.0,2518.62,338.06,1583.75,335.31,1099.12,619.12,16.38,20.88,0.0,0.0,956.56,1206.06,237.69,5.62,962.75,0.0,0.0,0.0,0.0,0.0,20.5,20.5,22.12,0.0,0.0,0.0,0.0,0.0,0.39,336.5,334.94,357.25,140.19,1240.44,1867.19,5140.62,4107.69,9248.31,3107.62,53057.12,1249.19,1367251.25,3.0,4.0,458.75,127.44,159.62,52.0,0.0
2.94,16.17,0.39,30.06,131.28,6.0,4.0,4.0,4.0,1.0,19.56,2.94,16.17,0.39,0.0,0.0,0.0,0.0,0.0,0.0,6.5,0.0,0.0,0.0,0.0,0.0,0.0,0.0,0.0,0.0,0.0,0.0,0.0,0.0,167.33,30.06,120.28,39.39,87.61,6.0,1.0,10.0,0.0,0.0,64.94,86.33,18.72,4.44,63.17,0.0,0.0,0.0,0.0,0.0,7.22,7.22,7.56,0.0,0.0,0.0,0.0,0.0,0.05,25.33,25.33,26.89,7.72,101.89,135.78,370.94,295.11,666.06,237.67,3625.5,100.06,74378.83,0.22,0.44,40.0,12.5,12.39,2.61,0.0
7.89,40.44,11.89,110.11,478.67,180.89,6.78,6.11,6.89,2.0,60.33,7.89,40.44,11.89,0.0,0.0,0.0,0.0,0.0,0.0,11.78,0.0,0.0,0.0,0.0,0.0,0.0,0.0,0.0,0.0,0.0,0.0,0.0,0.0,763.44,110.11,476.67,84.78,368.56,180.89,0.0,2.0,0.0,0.0,295.56,366.67,72.78,0.0,293.89,0.0,0.0,0.0,0.0,0.0,12.33,12.33,13.33,0.0,0.0,0.0,0.0,0.0,0.38,76.44,73.44,82.22,26.11,258.33,549.33,1634.89,1349.11,2984.0,807.67,18863.56,309.22,640802.67,0.0,0.0,167.89,54.33,46.89,19.44,0.0
3.0,13.6,1.0,26.4,86.8,26.8,6.8,6.8,6.8,2.0,17.6,3.0,13.6,1.0,0.0,0.0,0.0,0.0,0.0,0.0,6.0,0.0,0.0,0.0,0.0,0.0,0.0,0.0,0.0,0.0,0.0,0.0,0.0,0.0,140.0,26.4,81.8,14.0,48.4,26.8,0.0,5.0,0.0,0.0,50.0,78.0,11.0,0.0,67.0,0.0,0.0,0.0,0.0,0.0,14.8,14.8,16.6,0.0,0.0,0.0,0.0,0.0,0.33,37.8,37.8,39.6,15.4,80.0,96.8,242.2,180.8,423.0,176.8,2127.6,72.4,29393.8,0.0,0.0,15.4,8.0,5.0,3.0,0.0
0.34,15.5,1.66,18.11,162.61,43.05,3.0,2.0,3.0,1.0,16.79,0.34,15.5,1.66,0.0,0.0,0.0,0.0,0.0,0.0,7.97,0.0,0.0,0.0,0.0,0.0,0.0,0.0,0.0,0.0,0.0,0.0,0.0,0.0,211.45,18.11,125.71,11.37,88.76,43.05,3.95,36.89,0.0,0.0,57.32,90.37,10.71,0.0,79.66,0.0,0.0,0.0,0.0,0.0,4.0,3.0,4.0,0.0,0.0,0.0,0.0,0.0,0.35,26.37,17.61,26.37,12.16,108.68,120.42,305.82,195.42,501.24,229.11,2455.16,83.74,27593.97,0.68,0.0,36.9,11.4,6.78,3.83,0.0
4.78,16.41,2.44,310.15,904.93,257.07,3.0,3.0,3.07,1.0,22.85,4.78,16.41,2.44,0.0,0.0,0.0,0.0,0.0,0.0,47.52,0.0,0.0,0.0,0.0,0.0,0.0,0.0,0.0,0.0,0.0,0.0,0.0,0.0,1429.48,309.7,844.7,229.19,544.74,248.41,26.78,42.93,0.0,0.0,529.3,669.0,175.63,0.0,493.37,0.0,0.0,0.0,0.0,0.0,27.19,26.52,29.78,0.0,0.0,0.0,0.0,0.0,0.31,152.41,147.78,161.0,68.41,615.15,979.89,2517.96,1994.41,4512.37,1595.04,26284.44,538.81,757628.56,0.0,2.67,210.07,53.89,65.19,16.19,0.0
0.0,0.0,0.0,40.0,263.82,57.0,0.0,0.0,0.0,0.0,0.0,0.0,0.0,0.0,0.0,0.0,0.0,0.0,0.0,0.0,0.0,0.0,0.0,0.0,0.0,0.0,0.0,0.0,0.0,0.0,0.0,0.0,0.0,0.0,348.82,40.0,210.88,213.88,0.0,57.0,8.0,48.94,0.0,0.0,77.88,77.88,77.88,0.0,0.0,0.0,0.0,0.0,0.0,0.0,0.0,0.0,0.0,0.0,0.0,0.0,0.0,0.0,0.27,0.0,0.0,0.0,0.0,0.0,0.0,0.0,0.0,0.0,0.0,0.0,0.0,0.0,0.0,0.0,0.0,0.0,0.0,0.0,0.0
1.83,20.33,2.67,20.83,145.0,40.83,5.5,5.5,5.5,1.0,24.0,1.83,19.33,1.83,0.0,0.0,0.0,0.0,0.0,0.0,6.83,0.0,0.0,0.0,0.0,0.0,0.0,0.0,0.0,0.0,0.0,0.0,0.0,0.0,204.67,20.83,138.0,33.83,100.5,39.83,2.33,4.67,0.0,0.0,62.17,87.83,14.17,0.0,73.67,0.0,0.0,0.0,0.0,0.0,15.83,15.83,15.83,0.0,0.0,0.0,0.0,0.0,0.35,35.5,35.5,36.5,7.83,101.33,124.67,353.33,264.83,618.17,226.0,3387.83,92.67,65068.83,0.0,0.0,9.67,2.0,3.0,1.33,0.0
4.0,18.87,3.0,78.95,321.66,104.66,3.79,3.79,4.0,2.0,25.24,4.0,17.87,3.0,0.0,0.0,0.0,0.0,0.0,0.0,10.29,0.0,0.0,0.0,0.0,0.0,0.0,0.0,0.0,0.0,0.0,0.0,0.0,0.0,478.18,72.74,216.63,74.37,141.21,94.87,76.84,41.11,0.0,0.0,138.66,183.11,56.34,0.0,126.76,0.0,0.0,0.0,0.0,0.0,18.53,18.53,22.53,0.0,0.0,0.0,0.0,0.0,0.44,37.82,37.82,41.82,25.82,164.76,244.24,666.24,514.79,1181.03,409.0,7075.37,156.29,215313.13,0.0,0.15,35.9,11.8,13.55,5.0,0.0
6.16,20.11,4.0,275.68,698.05,252.37,3.16,3.16,3.16,1.0,30.26,6.16,19.47,4.0,0.0,0.0,0.0,0.0,0.0,0.0,26.53,0.0,0.0,0.0,0.0,0.0,0.0,0.0,0.0,0.0,0.0,0.0,0.0,0.0,1221.11,265.37,605.53,127.89,384.11,251.37,70.16,34.68,0.0,0.0,379.95,515.21,187.05,0.0,328.16,0.0,0.0,0.0,0.0,0.0,10.26,10.26,10.89,0.0,0.0,0.0,0.0,0.0,0.41,90.42,87.42,92.05,37.84,454.05,602.63,1786.89,1352.53,3139.42,1056.68,17772.84,491.58,474488.79,0.14,0.14,112.71,33.14,30.0,14.29,0.0
0.0,0.0,0.0,3.0,21.0,18.0,0.0,0.0,0.0,0.0,0.0,0.0,0.0,0.0,0.0,0.0,0.0,0.0,0.0,0.0,0.0,0.0,0.0,0.0,0.0,0.0,0.0,0.0,0.0,0.0,0.0,0.0,0.0,0.0,41.0,3.0,18.0,18.0,0.0,18.0,0.0,3.0,0.0,0.0,17.0,18.0,18.0,0.0,0.0,0.0,0.0,0.0,0.0,0.0,0.0,0.0,0.0,0.0,0.0,0.0,0.0,0.0,1.0,0.0,0.0,0.0,0.0,0.0,0.0,0.0,0.0,0.0,0.0,0.0,0.0,0.0,0.0,0.0,0.0,0.0,0.0,0.0,0.0
0.0,0.0,0.0,38.0,115.0,61.0,0.0,0.0,0.0,0.0,0.0,0.0,0.0,0.0,0.0,0.0,0.0,0.0,0.0,0.0,0.0,0.0,0.0,0.0,0.0,0.0,0.0,0.0,0.0,0.0,0.0,0.0,0.0,0.0,213.0,38.0,38.0,35.0,0.0,61.0,0.0,77.0,0.0,0.0,35.0,35.0,35.0,0.0,0.0,0.0,0.0,0.0,0.0,0.0,0.0,0.0,0.0,0.0,0.0,0.0,0.0,0.0,1.61,0.0,0.0,0.0,0.0,0.0,0.0,0.0,0.0,0.0,0.0,0.0,0.0,0.0,0.0,0.0,0.0,0.0,0.0,0.0,0.0
4.46,64.92,2.0,25.46,175.85,74.0,9.0,7.0,9.0,5.0,68.92,4.46,64.92,2.0,0.0,0.0,0.0,0.0,0.0,0.0,2.0,0.0,0.0,0.0,0.0,0.0,0.0,0.0,0.0,0.0,0.0,0.0,0.0,0.0,265.31,25.46,148.85,64.54,103.85,74.0,0.0,27.0,0.0,0.0,83.54,102.54,47.54,0.0,55.0,0.0,0.0,0.0,0.0,0.0,11.0,8.0,12.0,0.0,0.0,0.0,0.0,0.0,0.5,17.0,14.0,18.0,11.0,46.0,99.08,409.46,277.15,686.62,145.08,4257.46,61.0,123285.15,0.0,0.0,36.54,11.54,10.0,2.0,0.0
3.0,16.08,1.08,88.13,280.66,80.55,3.0,3.0,3.0,2.0,20.08,3.0,15.08,1.08,0.0,0.0,0.0,0.0,0.0,0.0,13.84,0.0,0.0,0.0,0.0,0.0,0.0,0.0,0.0,0.0,0.0,0.0,0.0,0.0,435.26,84.03,229.05,51.47,144.55,80.24,16.03,39.84,0.0,0.0,137.84,175.45,47.82,0.0,127.63,0.0,0.0,0.0,0.0,0.0,9.0,9.0,9.0,0.0,0.0,0.0,0.0,0.0,0.35,35.68,34.68,35.68,29.68,212.11,294.68,697.71,507.16,1204.87,506.79,6773.08,166.5,118195.5,0.07,0.07,33.45,14.93,15.07,5.0,0.0
0.0,0.0,0.0,16.0,81.0,52.0,0.0,0.0,0.0,0.0,0.0,0.0,0.0,0.0,0.0,0.0,0.0,0.0,0.0,0.0,0.0,0.0,0.0,0.0,0.0,0.0,0.0,0.0,0.0,0.0,0.0,0.0,0.0,0.0,113.0,16.0,0.0,0.0,0.0,52.0,0.0,81.0,0.0,0.0,0.0,0.0,0.0,0.0,0.0,0.0,0.0,0.0,0.0,0.0,0.0,0.0,0.0,0.0,0.0,0.0,0.0,0.0,0.0,0.0,0.0,0.0,0.0,0.0,0.0,0.0,0.0,0.0,0.0,0.0,0.0,0.0,0.0,0.0,0.0,0.0,0.0,0.0,0.0
0.0,4.75,0.0,44.94,201.69,71.25,1.0,1.0,1.0,1.0,4.75,0.0,4.75,0.0,0.0,0.0,0.0,0.0,0.0,0.0,4.75,0.0,0.0,0.0,0.0,0.0,0.0,0.0,0.0,0.0,0.0,0.0,0.0,0.0,306.88,44.94,104.69,85.19,6.5,71.25,1.5,95.5,0.0,0.0,78.94,83.69,77.94,0.0,5.75,0.0,0.0,0.0,0.0,0.0,2.0,2.0,2.0,0.0,0.0,0.0,0.0,0.0,0.68,5.75,5.75,6.5,4.75,57.25,28.25,71.25,43.5,114.75,85.5,477.75,45.5,4754.5,0.0,0.0,2.75,2.75,0.0,0.0,0.0
4.0,17.9,1.0,156.2,533.1,54.4,3.0,2.9,3.0,2.0,22.4,4.0,17.1,1.0,0.0,0.0,0.0,0.0,0.0,0.0,28.1,0.0,0.0,0.0,0.0,0.0,0.0,0.0,0.0,0.0,0.0,0.0,0.0,0.0,742.9,156.2,516.2,111.0,350.1,54.4,1.2,16.0,0.0,0.0,306.1,379.9,95.7,0.0,284.2,0.0,0.0,0.0,0.0,0.0,9.0,9.0,9.1,0.0,0.0,0.0,0.0,0.0,0.11,72.8,71.8,72.9,61.1,414.5,570.6,1565.4,1154.7,2720.1,985.1,14894.4,390.9,304797.0,0.0,0.9,119.6,48.0,21.0,7.0,0.0
3.0,20.62,1.0,60.23,310.85,29.0,4.0,4.0,4.0,2.0,24.62,3.0,20.62,1.0,0.0,0.0,0.0,0.0,0.0,0.0,13.92,0.0,0.0,0.0,0.0,0.0,0.0,0.0,0.0,0.0,0.0,0.0,0.0,0.0,399.08,60.23,302.0,66.85,230.69,29.0,1.46,7.38,0.0,0.0,165.77,218.69,41.92,0.0,176.77,0.0,0.0,0.0,0.0,0.0,13.0,13.0,14.0,0.0,0.0,0.0,0.0,0.0,0.1,52.92,52.92,53.92,31.92,205.46,368.62,1002.38,772.15,1774.54,574.08,10518.31,187.31,229301.92,2.0,3.0,104.54,21.85,58.0,9.0,0.0
0.0,0.0,0.0,16.0,82.0,25.0,0.0,0.0,0.0,0.0,0.0,0.0,0.0,0.0,0.0,0.0,0.0,0.0,0.0,0.0,0.0,0.0,0.0,0.0,0.0,0.0,0.0,0.0,0.0,0.0,0.0,0.0,0.0,0.0,123.0,16.0,70.0,70.0,0.0,25.0,0.0,12.0,0.0,0.0,62.0,62.0,62.0,0.0,0.0,0.0,0.0,0.0,0.0,0.0,0.0,0.0,0.0,0.0,0.0,0.0,0.0,0.0,0.36,0.0,0.0,0.0,0.0,0.0,0.0,0.0,0.0,0.0,0.0,0.0,0.0,0.0,0.0,0.0,0.0,0.0,0.0,0.0,0.0
0.0,11.0,0.0,9.7,34.5,14.0,3.0,3.0,4.0,3.0,11.0,0.0,11.0,0.0,0.0,0.0,0.0,0.0,0.0,0.0,1.5,0.0,0.0,0.0,0.0,0.0,0.0,0.0,0.0,0.0,0.0,0.0,0.0,0.0,56.2,9.7,22.5,9.5,10.0,14.0,2.0,12.0,0.0,0.0,12.0,15.5,8.0,0.0,7.5,0.0,0.0,0.0,0.0,0.0,3.0,3.0,4.0,0.0,0.0,0.0,0.0,0.0,0.66,4.5,4.5,5.5,4.5,26.5,20.0,56.0,41.0,97.0,46.5,481.0,26.5,8522.0,0.0,0.0,4.0,1.5,0.0,0.0,0.0
7.0,31.31,4.85,726.77,2867.69,597.15,5.15,4.77,5.31,2.0,43.08,6.92,30.23,4.69,0.0,0.0,0.0,0.0,0.0,0.0,81.77,0.0,0.0,0.0,0.0,0.0,0.0,0.0,0.0,0.0,0.0,0.0,0.0,0.0,4149.69,702.85,2586.38,504.38,1906.0,545.46,255.23,80.38,0.0,0.0,1406.62,1811.85,296.69,97.23,1417.92,0.0,0.0,0.0,0.0,0.0,26.31,24.92,29.92,0.0,0.0,0.0,0.0,0.0,0.21,406.23,393.69,445.0,198.23,1429.77,2701.62,8105.62,6264.15,14369.77,4131.38,88516.92,1508.15,2783140.08,0.46,1.54,933.77,237.23,176.69,46.77,0.0
3.0,24.11,1.0,69.78,371.78,35.0,5.0,4.0,5.0,3.0,28.11,3.0,24.11,1.0,0.0,0.0,0.0,0.0,0.0,0.0,12.89,0.0,0.0,0.0,0.0,0.0,0.0,0.0,0.0,0.0,0.0,0.0,0.0,0.0,474.56,69.78,362.22,100.44,266.67,35.0,0.0,9.56,0.0,0.0,215.22,277.78,77.67,0.0,200.11,0.0,0.0,0.0,0.0,0.0,16.89,15.89,21.78,0.0,0.0,0.0,0.0,0.0,0.1,59.67,50.67,66.56,41.78,235.11,353.0,1023.33,743.44,1766.78,588.11,10665.44,224.33,351282.89,0.0,0.0,85.56,27.0,32.89,12.89,0.0
0.0,6.0,0.0,95.47,648.53,165.84,1.0,1.0,1.0,1.0,6.0,0.0,6.0,0.0,0.0,0.0,0.0,0.0,0.0,0.0,12.37,0.0,0.0,0.0,0.0,0.0,0.0,0.0,0.0,0.0,0.0,0.0,0.0,0.0,792.32,95.47,588.0,512.89,26.79,165.84,2.0,60.53,0.0,0.0,403.53,417.58,393.42,0.0,24.16,0.0,0.0,0.0,0.0,0.0,2.47,2.47,3.0,0.0,0.0,0.0,0.0,0.0,0.28,15.0,15.0,15.68,12.37,158.16,99.37,266.47,168.05,434.53,257.53,1963.47,118.68,24245.79,0.0,0.0,24.11,14.53,10.42,2.84,0.0
6.18,29.03,6.13,152.08,588.0,273.66,5.0,5.0,6.0,2.0,39.37,6.18,28.55,6.13,0.0,0.0,0.0,0.0,0.0,0.0,13.66,0.0,0.0,0.0,0.0,0.0,0.0,0.0,0.0,0.0,0.0,0.0,0.0,0.0,952.45,150.0,490.61,148.76,353.08,273.58,26.53,73.03,0.0,0.0,315.71,408.71,146.0,0.0,262.71,0.0,0.0,0.0,0.0,0.0,20.0,20.0,23.0,0.0,0.0,0.0,0.0,0.0,0.56,71.55,71.55,80.32,28.79,256.76,492.63,1409.95,1146.26,2556.21,749.39,16126.45,282.61,535768.66,0.07,0.07,103.38,21.32,31.8,12.32,0.0
3.0,21.33,0.0,164.67,886.33,36.83,4.5,3.5,5.5,2.0,25.0,3.0,21.33,0.0,0.0,0.0,0.0,0.0,0.0,0.0,35.33,0.0,0.0,0.0,0.0,0.0,0.0,0.0,0.0,0.0,0.0,0.0,0.0,0.0,1084.83,164.67,868.33,232.0,676.67,36.83,0.0,18.0,0.0,0.0,389.5,548.0,105.33,0.0,442.67,0.0,0.0,0.0,0.0,0.0,28.0,14.67,31.0,0.0,0.0,0.0,0.0,0.0,0.04,157.5,128.5,189.83,82.67,544.33,822.0,2297.83,1704.33,4002.17,1366.33,22771.33,506.0,490255.33,0.0,0.0,188.5,61.0,94.33,18.17,0.0
9.46,40.54,0.38,132.23,571.31,55.23,5.0,5.0,5.0,2.0,50.38,9.46,39.85,0.38,0.0,0.0,0.0,0.0,0.0,0.0,12.15,0.0,0.0,0.0,0.0,0.0,0.0,0.0,0.0,0.0,0.0,0.0,0.0,0.0,758.77,132.23,557.38,168.46,434.38,55.23,2.77,11.15,0.0,0.0,271.92,326.92,71.85,1.15,253.92,0.0,0.0,0.0,0.0,0.0,13.92,13.92,13.92,0.0,0.0,0.0,0.0,0.0,0.1,56.92,56.92,56.92,27.46,212.46,472.15,1426.92,1174.85,2601.77,684.62,16489.69,235.69,537294.54,0.0,0.0,161.08,50.15,66.31,23.54,0.0
3.75,23.42,3.0,56.58,280.08,51.33,5.33,5.33,5.33,2.75,29.25,3.75,22.42,3.0,0.0,0.0,0.0,0.0,0.0,0.0,11.25,0.0,0.0,0.0,0.0,0.0,0.0,0.0,0.0,0.0,0.0,0.0,0.0,0.0,377.0,56.58,249.08,41.92,183.33,51.33,0.0,31.0,0.0,0.0,151.58,200.5,36.25,0.0,164.25,0.0,0.0,0.0,0.0,0.0,21.92,21.92,21.92,0.0,0.0,0.0,0.0,0.0,0.21,60.17,58.17,61.17,35.92,159.5,251.08,784.58,633.5,1418.08,410.58,7970.92,190.75,231497.5,0.0,0.0,108.33,24.33,10.0,3.0,0.0
1.0,6.0,1.0,22.35,64.7,39.0,1.0,1.0,1.0,1.0,8.0,1.0,6.0,1.0,0.0,0.0,0.0,0.0,0.0,0.0,6.0,0.0,0.0,0.0,0.0,0.0,0.0,0.0,0.0,0.0,0.0,0.0,0.0,0.0,123.04,22.35,54.35,26.35,24.0,39.0,0.0,10.35,0.0,0.0,30.65,36.65,19.35,0.0,17.3,0.0,0.0,0.0,0.0,0.0,1.0,1.0,1.0,0.0,0.0,0.0,0.0,0.0,0.72,6.0,6.0,6.0,6.0,56.61,46.0,90.3,60.7,151.0,102.61,643.7,34.61,4699.35,0.0,0.0,0.0,0.0,0.0,0.0,0.0
0.0,4.4,0.0,34.87,132.27,26.07,1.0,1.0,1.0,1.0,4.4,0.0,4.4,0.0,0.0,0.0,0.0,0.0,0.0,0.0,8.67,0.0,0.0,0.0,0.0,0.0,0.0,0.0,0.0,0.0,0.0,0.0,0.0,0.0,190.87,19.87,46.87,23.93,4.4,15.27,68.53,42.53,0.0,0.0,15.6,23.87,19.47,0.0,4.4,0.0,0.0,0.0,0.0,0.0,1.0,1.0,1.0,0.0,0.0,0.0,0.0,0.0,0.31,8.67,8.67,8.67,8.67,77.87,50.27,94.67,63.07,157.73,128.13,628.73,43.2,3795.4,0.0,0.0,6.4,3.2,0.0,0.0,0.0
6.26,26.58,3.26,353.16,1406.66,327.42,4.26,4.16,4.26,1.26,35.95,6.26,25.47,3.26,0.0,0.0,0.0,0.0,0.0,0.0,47.95,0.0,0.0,0.0,0.0,0.0,0.0,0.0,0.0,0.0,0.0,0.0,0.0,0.0,2078.21,343.63,1247.68,208.63,946.45,309.79,128.13,63.0,0.0,0.0,776.26,968.55,177.29,2.05,789.21,0.0,0.0,0.0,0.0,0.0,23.05,22.0,26.0,0.0,0.0,0.0,0.0,0.0,0.25,194.95,183.84,209.79,94.16,840.84,1429.47,4208.68,3310.97,7519.66,2270.32,45266.82,893.03,1345899.68,0.25,0.25,310.93,79.88,193.47,43.58,0.0
0.0,0.0,0.0,11.0,36.0,43.0,0.0,0.0,0.0,0.0,0.0,0.0,0.0,0.0,0.0,0.0,0.0,0.0,0.0,0.0,0.0,0.0,0.0,0.0,0.0,0.0,0.0,0.0,0.0,0.0,0.0,0.0,0.0,0.0,69.0,11.0,8.0,6.0,0.0,43.0,0.0,28.0,0.0,0.0,6.0,6.0,6.0,0.0,0.0,0.0,0.0,0.0,0.0,0.0,0.0,0.0,0.0,0.0,0.0,0.0,0.0,0.0,5.38,0.0,0.0,0.0,0.0,0.0,0.0,0.0,0.0,0.0,0.0,0.0,0.0,0.0,0.0,0.0,0.0,0.0,0.0,0.0,0.0
0.0,0.0,0.0,32.0,68.0,28.0,0.0,0.0,0.0,0.0,0.0,0.0,0.0,0.0,0.0,0.0,0.0,0.0,0.0,0.0,0.0,0.0,0.0,0.0,0.0,0.0,0.0,0.0,0.0,0.0,0.0,0.0,0.0,0.0,125.0,32.0,20.0,17.4,0.0,28.0,0.0,48.0,0.0,0.0,17.0,17.0,17.0,0.0,0.0,0.0,0.0,0.0,0.0,0.0,0.0,0.0,0.0,0.0,0.0,0.0,0.0,0.0,1.4,0.0,0.0,0.0,0.0,0.0,0.0,0.0,0.0,0.0,0.0,0.0,0.0,0.0,0.0,0.0,0.0,0.0,0.0,0.0,0.0
3.8,30.4,3.4,35.0,209.4,55.0,9.8,9.2,10.2,1.0,37.6,3.8,30.4,3.4,0.0,0.0,0.0,0.0,0.0,0.0,7.0,0.0,0.0,0.0,0.0,0.0,0.0,0.0,0.0,0.0,0.0,0.0,0.0,0.0,299.4,35.0,205.8,12.6,94.2,55.0,0.0,3.6,0.0,0.0,188.0,214.6,10.6,0.0,204.0,0.0,0.0,0.0,0.0,0.0,28.2,28.2,28.4,0.0,0.0,0.0,0.0,0.0,0.28,64.8,61.4,67.4,9.0,92.4,136.6,539.8,418.0,957.8,229.0,5241.2,111.6,139004.2,0.0,0.0,15.0,4.4,65.2,10.0,0.0
0.0,0.0,0.0,58.0,187.62,58.0,0.0,0.0,0.0,0.0,0.0,0.0,0.0,0.0,0.0,0.0,0.0,0.0,0.0,0.0,0.0,0.0,0.0,0.0,0.0,0.0,0.0,0.0,0.0,0.0,0.0,0.0,0.0,0.0,302.62,58.0,106.62,103.62,0.0,58.0,0.0,81.0,0.0,0.0,103.62,103.62,103.62,0.0,0.0,0.0,0.0,0.0,0.0,0.0,0.0,0.0,0.0,0.0,0.0,0.0,0.0,0.0,0.54,0.0,0.0,0.0,0.0,0.0,0.0,0.0,0.0,0.0,0.0,0.0,0.0,0.0,0.0,0.0,0.0,0.0,0.0,0.0,0.0
4.0,17.0,3.0,38.17,144.33,64.0,3.0,3.0,3.0,2.0,24.0,4.0,17.0,3.0,0.0,0.0,0.0,0.0,0.0,0.0,5.0,0.0,0.0,0.0,0.0,0.0,0.0,0.0,0.0,0.0,0.0,0.0,0.0,0.0,244.5,38.17,124.0,56.0,79.0,64.0,1.0,19.33,0.0,0.0,66.0,80.0,32.0,0.0,48.0,0.0,0.0,0.0,0.0,0.0,6.0,6.0,8.0,0.0,0.0,0.0,0.0,0.0,0.52,15.0,15.0,17.0,11.0,66.0,93.0,298.0,222.0,520.0,159.0,2878.0,71.0,71895.0,0.0,0.0,21.33,7.17,6.0,4.0,0.0
0.0,0.0,0.0,3.0,13.0,26.0,0.0,0.0,0.0,0.0,0.0,0.0,0.0,0.0,0.0,0.0,0.0,0.0,0.0,0.0,0.0,0.0,0.0,0.0,0.0,0.0,0.0,0.0,0.0,0.0,0.0,0.0,0.0,0.0,42.0,3.0,9.0,8.0,0.0,26.0,2.0,2.0,0.0,0.0,8.0,8.0,8.0,0.0,0.0,0.0,0.0,0.0,0.0,0.0,0.0,0.0,0.0,0.0,0.0,0.0,0.0,0.0,2.89,0.0,0.0,0.0,0.0,0.0,0.0,0.0,0.0,0.0,0.0,0.0,0.0,0.0,0.0,0.0,0.0,0.0,0.0,0.0,0.0
7.66,28.76,4.03,447.38,1566.0,336.21,4.9,4.83,5.07,1.0,40.52,7.66,28.17,4.03,0.0,0.0,0.0,0.0,0.0,0.0,49.45,0.0,0.0,0.0,0.0,0.0,0.0,0.0,0.0,0.0,0.0,0.0,0.0,0.0,2348.45,428.24,1434.48,277.62,1099.62,326.97,102.52,58.31,0.0,0.0,910.1,1139.69,236.59,0.0,903.1,0.0,0.0,0.0,0.0,0.0,27.31,27.31,28.52,0.0,0.0,0.0,0.0,0.0,0.24,231.97,229.79,255.9,86.9,843.45,1529.52,4926.21,3823.0,8749.21,2372.97,54490.24,937.86,1900067.41,2.26,3.03,640.68,126.87,180.61,42.55,1.0
4.24,19.76,1.83,475.69,1875.31,636.79,3.17,3.14,3.66,1.0,26.07,4.17,19.07,1.83,0.0,0.0,0.0,0.0,0.0,0.0,79.9,0.0,0.0,0.0,0.0,0.0,0.0,0.0,0.0,0.0,0.0,0.0,0.0,0.0,2967.28,467.03,1684.07,451.66,1140.97,611.31,84.93,142.72,0.0,0.0,990.76,1246.17,346.17,0.03,899.97,0.0,0.0,0.0,0.0,0.0,15.66,15.66,17.38,0.0,0.0,0.0,0.0,0.0,0.41,259.41,255.55,278.45,124.79,1290.21,1809.21,5077.45,3910.17,8987.62,3099.41,51975.69,1267.97,1455468.14,2.06,3.06,464.65,121.87,142.26,37.97,1.0
4.32,21.97,1.84,530.84,2358.42,278.74,3.68,3.34,4.08,1.24,27.5,4.32,21.74,1.84,0.0,0.0,0.0,0.0,0.0,0.0,92.66,0.0,0.0,0.0,0.0,0.0,0.0,0.0,0.0,0.0,0.0,0.0,0.0,0.0,3062.45,510.74,2174.66,912.08,1432.16,271.55,117.74,101.42,0.0,0.0,1025.39,1298.66,389.08,0.82,908.76,0.0,0.0,0.0,0.0,0.0,28.03,26.21,29.95,0.0,0.0,0.0,0.0,0.0,0.14,292.71,275.82,326.87,156.68,1404.89,2341.53,5863.24,4421.16,10284.39,3746.42,62068.05,1184.71,1451017.47,0.45,0.97,330.38,109.15,111.62,41.0,1.0
5.0,23.81,2.0,719.33,2902.59,342.7,4.07,4.0,5.0,1.0,31.04,5.0,23.74,2.0,0.0,0.0,0.0,0.0,0.0,0.0,109.59,0.0,0.0,0.0,0.0,0.0,0.0,0.0,0.0,0.0,0.0,0.0,0.0,0.0,3947.04,689.48,2728.93,544.11,2119.3,339.33,159.85,47.11,0.0,0.0,1567.19,2039.89,419.33,1.59,1618.96,0.0,0.0,0.0,0.0,0.0,18.85,17.44,22.44,0.0,0.0,0.0,0.0,0.0,0.12,473.63,445.67,522.81,207.15,1919.04,3374.07,9026.11,7319.07,16345.19,5293.11,99108.11,1904.59,2654971.67,0.22,5.0,709.7,235.04,177.56,52.48,1.0
5.0,19.08,4.0,263.66,781.45,279.95,5.0,5.0,5.0,1.0,26.08,5.0,18.68,4.0,0.0,0.0,0.0,0.0,0.0,0.0,33.63,0.0,0.0,0.0,0.0,0.0,0.0,0.0,0.0,0.0,0.0,0.0,0.0,0.0,1266.47,263.66,689.03,154.66,458.58,277.95,37.55,58.47,0.0,0.0,492.97,584.34,139.03,0.0,445.32,0.0,0.0,0.0,0.0,0.0,10.0,10.0,11.0,0.0,0.0,0.0,0.0,0.0,0.4,154.37,154.37,159.32,58.63,574.89,755.05,2080.0,1631.08,3711.08,1329.95,20951.24,584.71,553253.89,0.0,2.0,150.12,47.17,46.3,18.73,1.0
5.0,37.67,5.42,228.92,1231.88,338.17,7.42,7.0,8.0,2.0,46.92,5.0,36.25,5.42,0.0,0.0,0.0,0.0,0.0,0.0,26.17,0.0,0.0,0.0,0.0,0.0,0.0,0.0,0.0,0.0,0.0,0.0,0.0,0.0,1744.29,221.42,1095.21,284.96,776.75,336.17,76.75,72.42,0.0,0.0,697.04,877.54,212.62,3.0,661.92,0.0,0.0,0.0,0.0,0.0,29.0,29.0,30.0,0.0,0.0,0.0,0.0,0.0,0.31,190.08,185.83,209.08,63.08,575.38,1071.08,3498.42,2781.88,6280.29,1646.46,39772.83,724.83,1639111.46,0.0,0.12,281.58,73.62,172.38,46.0,1.0
4.57,22.33,3.0,563.67,1981.53,864.73,5.87,5.57,6.03,1.47,29.9,4.57,21.67,3.0,0.0,0.0,0.0,0.0,0.0,0.0,74.13,0.0,0.0,0.0,0.0,0.0,0.0,0.0,0.0,0.0,0.0,0.0,0.0,0.0,3401.5,497.27,1668.5,349.93,1218.43,816.4,339.8,89.87,0.0,0.0,1239.93,1583.07,336.87,13.7,1232.5,0.0,0.0,0.0,0.0,0.0,34.3,31.2,34.3,0.0,0.0,0.0,0.0,0.0,0.49,432.3,407.0,447.97,146.67,1333.9,2015.3,5860.23,4427.5,10287.73,3349.2,60135.4,1391.0,1623562.33,1.0,3.41,631.28,181.69,145.44,60.94,1.0
6.0,26.67,3.0,1501.0,6222.13,1094.73,6.0,5.0,6.0,2.0,35.53,6.0,25.4,3.0,0.0,0.0,0.0,0.0,0.0,0.0,193.0,0.0,0.0,0.0,0.0,0.0,0.0,0.0,0.0,0.0,0.0,0.0,0.0,0.0,8661.07,1423.33,5470.27,1459.8,4026.53,1056.33,663.33,207.2,0.0,0.0,2841.4,3690.33,711.2,2.0,2977.13,0.0,0.0,0.0,0.0,0.0,24.07,23.67,28.13,0.0,0.0,0.0,0.0,0.0,0.19,1093.93,1041.27,1177.0,472.4,3581.47,5513.6,16281.0,12320.07,28601.07,9095.07,169119.47,3737.8,5037421.67,4.67,10.53,1290.73,341.73,419.47,147.2,1.0
4.0,24.2,2.0,1739.87,8785.8,1078.27,6.6,5.67,6.67,2.0,30.0,4.0,23.93,2.0,0.0,0.0,0.0,0.0,0.0,0.0,295.13,0.0,0.0,0.0,0.0,0.0,0.0,0.0,0.0,0.0,0.0,0.0,0.0,0.0,11518.4,1550.6,7544.93,1625.73,5414.33,965.07,1351.2,204.53,0.0,0.0,3885.93,5251.53,872.2,5.87,4373.47,0.0,0.0,0.0,0.0,0.0,117.0,91.07,119.93,0.0,0.0,0.0,0.0,0.0,0.13,1879.93,1695.2,2023.87,681.8,4909.2,7543.27,22781.33,17324.07,40105.4,12452.47,239467.87,5085.67,7628731.2,4.27,9.47,2048.6,501.67,615.87,165.8,1.0
