5.14,24.14,3.0,207.86,898.86,188.14,4.29,4.0,4.29,2.0,31.43,5.14,24.14,3.0,0.0,0.0,0.0,0.0,0.0,0.0,27.57,0.0,0.0,0.0,0.0,0.0,0.0,0.0,0.0,0.0,0.0,0.0,0.0,0.0,1205.71,207.86,879.29,332.29,580.14,188.14,2.0,17.57,0.0,0.0,474.43,576.43,168.0,0.0,408.43,0.0,0.0,0.0,0.0,0.0,19.0,19.0,19.0,0.0,0.0,0.0,0.0,0.0,0.21,113.14,106.86,115.71,61.29,469.29,784.29,2215.29,1704.14,3919.43,1253.57,23765.43,456.29,701443.14,3.0,7.11,107.56,39.56,39.11,12.56,0.0
0.0,0.0,0.0,5.0,25.57,42.0,0.0,0.0,0.0,0.0,0.0,0.0,0.0,0.0,0.0,0.0,0.0,0.0,0.0,0.0,0.0,0.0,0.0,0.0,0.0,0.0,0.0,0.0,0.0,0.0,0.0,0.0,0.0,0.0,71.57,5.0,0.0,0.0,0.0,42.0,0.0,25.57,0.0,0.0,0.0,0.0,0.0,0.0,0.0,0.0,0.0,0.0,0.0,0.0,0.0,0.0,0.0,0.0,0.0,0.0,0.0,0.0,0.0,0.0,0.0,0.0,0.0,0.0,0.0,0.0,0.0,0.0,0.0,0.0,0.0,0.0,0.0,0.0,0.0,0.0,0.0,0.0,0.0
0.0,0.0,0.0,17.0,65.83,31.83,0.0,0.0,0.0,0.0,0.0,0.0,0.0,0.0,0.0,0.0,0.0,0.0,0.0,0.0,0.0,0.0,0.0,0.0,0.0,0.0,0.0,0.0,0.0,0.0,0.0,0.0,0.0,0.0,110.83,17.0,50.0,38.0,0.0,31.83,0.0,15.83,0.0,0.0,38.0,38.0,38.0,0.0,0.0,0.0,0.0,0.0,0.0,0.0,0.0,0.0,0.0,0.0,0.0,0.0,0.0,0.0,0.64,0.0,0.0,0.0,0.0,0.0,0.0,0.0,0.0,0.0,0.0,0.0,0.0,0.0,0.0,0.0,0.0,0.0,0.0,0.0,0.0
0.0,0.0,0.0,48.0,320.89,48.56,0.0,0.0,0.0,0.0,0.0,0.0,0.0,0.0,0.0,0.0,0.0,0.0,0.0,0.0,0.0,0.0,0.0,0.0,0.0,0.0,0.0,0.0,0.0,0.0,0.0,0.0,0.0,0.0,409.44,48.0,252.22,239.22,0.0,48.56,3.0,67.67,0.0,0.0,222.67,222.67,222.67,0.0,0.0,0.0,0.0,0.0,0.0,0.0,0.0,0.0,0.0,0.0,0.0,0.0,0.0,0.0,0.19,0.0,0.0,0.0,0.0,0.0,0.0,0.0,0.0,0.0,0.0,0.0,0.0,0.0,0.0,0.0,0.0,0.0,0.0,0.0,0.0
7.0,40.0,4.0,283.0,1380.0,218.0,11.0,11.0,14.0,2.0,51.0,7.0,40.0,4.0,0.0,0.0,0.0,0.0,0.0,0.0,34.0,0.0,0.0,0.0,0.0,0.0,0.0,0.0,0.0,0.0,0.0,0.0,0.0,0.0,1877.0,283.0,1379.0,274.0,1042.0,218.0,0.0,1.0,0.0,0.0,1030.0,1276.0,200.0,0.0,1076.0,0.0,0.0,0.0,0.0,0.0,103.0,101.0,145.0,0.0,0.0,0.0,0.0,0.0,0.16,380.0,364.0,489.0,79.0,653.0,1392.0,4503.0,3611.0,8114.0,2045.0,50886.0,787.0,1615149.0,2.0,9.0,613.0,158.0,135.0,46.0,0.0
2.43,28.38,1.19,213.9,1996.57,156.67,4.52,4.05,4.52,2.0,32.1,2.43,28.33,1.19,0.0,0.0,0.0,0.0,0.0,0.0,66.38,0.0,0.0,0.0,0.0,0.0,0.0,0.0,0.0,0.0,0.0,0.0,0.0,0.0,2345.14,209.05,1919.19,408.43,1380.52,151.71,57.48,29.67,0.0,0.0,1060.1,1375.43,304.33,0.0,1071.1,0.0,0.0,0.0,0.0,0.0,26.52,18.86,27.52,0.0,0.0,0.0,0.0,0.0,0.08,305.62,253.48,319.95,156.38,1152.71,1795.71,5481.29,3996.71,9478.0,2948.43,56923.38,1152.24,2081904.71,1.43,2.43,528.05,200.43,166.43,55.48,0.0
0.0,0.0,0.0,28.0,102.0,81.0,0.0,0.0,0.0,0.0,0.0,0.0,0.0,0.0,0.0,0.0,0.0,0.0,0.0,0.0,0.0,0.0,0.0,0.0,0.0,0.0,0.0,0.0,0.0,0.0,0.0,0.0,0.0,0.0,184.0,28.0,78.0,76.0,0.0,81.0,0.0,24.0,0.0,0.0,25.0,25.0,25.0,0.0,0.0,0.0,0.0,0.0,0.0,0.0,0.0,0.0,0.0,0.0,0.0,0.0,0.0,0.0,1.04,0.0,0.0,0.0,0.0,0.0,0.0,0.0,0.0,0.0,0.0,0.0,0.0,0.0,0.0,0.0,0.0,0.0,0.0,0.0,0.0
3.0,18.0,2.0,81.0,317.0,84.0,3.4,3.0,4.0,1.0,23.0,3.0,18.0,2.0,0.0,0.0,0.0,0.0,0.0,0.0,15.0,0.0,0.0,0.0,0.0,0.0,0.0,0.0,0.0,0.0,0.0,0.0,0.0,0.0,482.0,81.0,299.0,102.0,169.0,84.0,0.0,18.0,0.0,0.0,141.0,193.0,53.0,0.0,140.0,0.0,0.0,0.0,0.0,0.0,11.0,8.0,11.0,0.0,0.0,0.0,0.0,0.0,0.28,52.0,43.0,58.0,20.0,199.2,290.6,743.0,554.0,1297.0,489.8,6951.8,175.6,124706.2,0.0,0.0,112.0,44.4,14.0,9.0,0.0
7.0,33.0,0.0,14.0,85.0,36.0,6.0,6.0,6.0,4.0,40.0,7.0,33.0,0.0,0.0,0.0,0.0,0.0,0.0,0.0,1.0,0.0,0.0,0.0,0.0,0.0,0.0,0.0,0.0,0.0,0.0,0.0,0.0,0.0,121.0,14.0,75.0,51.0,21.0,36.0,0.0,10.0,0.0,0.0,50.0,56.0,41.0,0.0,15.0,0.0,0.0,0.0,0.0,0.0,6.0,6.0,6.0,0.0,0.0,0.0,0.0,0.0,0.48,6.0,6.0,6.0,4.0,26.0,25.0,137.0,92.0,229.0,51.0,1298.0,47.0,61006.0,0.0,0.0,12.0,1.0,2.0,1.0,0.0
0.0,0.0,0.0,9.2,53.8,18.2,0.0,0.0,0.0,0.0,0.0,0.0,0.0,0.0,0.0,0.0,0.0,0.0,0.0,0.0,0.0,0.0,0.0,0.0,0.0,0.0,0.0,0.0,0.0,0.0,0.0,0.0,0.0,0.0,79.0,9.2,36.2,34.2,0.0,18.2,0.0,17.6,0.0,0.0,18.6,18.6,18.6,0.0,0.0,0.0,0.0,0.0,0.0,0.0,0.0,0.0,0.0,0.0,0.0,0.0,0.0,0.0,0.51,0.0,0.0,0.0,0.0,0.0,0.0,0.0,0.0,0.0,0.0,0.0,0.0,0.0,0.0,0.0,0.0,0.0,0.0,0.0,0.0
2.97,17.97,3.95,137.26,679.42,447.58,3.87,3.68,4.0,1.82,24.82,2.97,17.87,3.84,0.0,0.0,0.0,0.0,0.0,0.0,28.79,0.0,0.0,0.0,0.0,0.0,0.0,0.0,0.0,0.0,0.0,0.0,0.0,0.0,1263.5,132.13,571.11,142.11,369.61,413.03,112.92,35.55,0.0,0.0,319.32,416.68,105.21,11.16,300.32,0.0,0.0,0.0,0.0,0.0,11.03,11.03,12.95,0.0,0.0,0.0,0.0,0.0,0.72,104.42,101.68,113.18,60.97,422.05,591.26,1589.76,1165.18,2754.95,1013.32,14896.34,401.45,287747.53,3.8,5.85,179.72,60.15,49.3,17.07,0.0
3.0,26.0,6.0,65.0,357.0,173.0,5.0,5.0,6.0,2.0,36.0,3.0,26.0,6.0,0.0,0.0,0.0,0.0,0.0,0.0,13.0,0.0,0.0,0.0,0.0,0.0,0.0,0.0,0.0,0.0,0.0,0.0,0.0,0.0,594.0,65.0,343.0,42.0,266.0,173.0,0.0,14.0,0.0,0.0,185.0,253.0,35.0,3.0,215.0,0.0,0.0,0.0,0.0,0.0,17.0,17.0,25.0,0.0,0.0,0.0,0.0,0.0,0.5,68.0,63.0,77.0,37.0,235.0,358.0,1147.0,884.0,2031.0,593.0,12135.0,266.0,398664.0,0.0,0.0,146.0,32.0,42.0,15.0,0.0
2.46,20.04,2.0,268.36,1565.29,360.54,3.0,2.96,3.54,1.0,24.43,2.46,20.04,2.0,0.0,0.0,0.0,0.0,0.0,0.0,71.86,0.0,0.0,0.0,0.0,0.0,0.0,0.0,0.0,0.0,0.0,0.0,0.0,0.0,2089.18,268.36,1548.86,530.68,956.57,360.54,0.0,16.43,0.0,0.0,738.21,945.43,198.21,3.61,743.61,0.0,0.0,0.0,0.0,0.0,27.89,24.5,33.39,0.0,0.0,0.0,0.0,0.0,0.23,217.5,212.5,250.75,114.54,965.39,1798.75,4623.0,3562.75,8185.75,2764.14,47180.86,850.75,1048068.14,0.0,1.36,455.64,194.75,69.82,29.54,0.0
0.0,0.0,0.0,10.0,11.4,55.0,0.0,0.0,0.0,0.0,0.0,0.0,0.0,0.0,0.0,0.0,0.0,0.0,0.0,0.0,0.0,0.0,0.0,0.0,0.0,0.0,0.0,0.0,0.0,0.0,0.0,0.0,0.0,0.0,75.4,10.0,8.4,8.4,0.0,55.0,0.0,3.0,0.0,0.0,6.4,6.4,6.4,0.0,0.0,0.0,0.0,0.0,0.0,0.0,0.0,0.0,0.0,0.0,0.0,0.0,0.0,0.0,6.57,0.0,0.0,0.0,0.0,0.0,0.0,0.0,0.0,0.0,0.0,0.0,0.0,0.0,0.0,0.0,0.0,0.0,0.0,0.0,0.0
4.0,22.65,2.0,27.0,121.18,13.0,3.0,3.0,3.0,2.0,28.0,4.0,22.65,2.0,0.0,0.0,0.0,0.0,0.0,0.0,4.0,0.0,0.0,0.0,0.0,0.0,0.0,0.0,0.0,0.0,0.0,0.0,0.0,0.0,160.18,27.0,108.82,33.24,72.82,13.0,0.0,12.35,0.0,0.0,60.06,71.06,19.0,0.0,52.06,0.0,0.0,0.0,0.0,0.0,6.0,6.0,6.0,0.0,0.0,0.0,0.0,0.0,0.12,11.0,11.0,11.0,11.0,55.0,101.06,216.59,162.82,379.41,156.06,2193.53,41.06,35028.76,0.06,2.0,2.59,2.59,9.0,2.0,0.0
0.0,0.0,0.0,9.0,16.0,57.0,0.0,0.0,0.0,0.0,0.0,0.0,0.0,0.0,0.0,0.0,0.0,0.0,0.0,0.0,0.0,0.0,0.0,0.0,0.0,0.0,0.0,0.0,0.0,0.0,0.0,0.0,0.0,0.0,80.0,9.0,8.0,8.0,0.0,57.0,0.0,8.0,0.0,0.0,7.0,7.0,7.0,0.0,0.0,0.0,0.0,0.0,0.0,0.0,0.0,0.0,0.0,0.0,0.0,0.0,0.0,0.0,7.12,0.0,0.0,0.0,0.0,0.0,0.0,0.0,0.0,0.0,0.0,0.0,0.0,0.0,0.0,0.0,0.0,0.0,0.0,0.0,0.0
0.0,0.0,0.0,31.12,184.12,56.0,0.0,0.0,0.0,0.0,0.0,0.0,0.0,0.0,0.0,0.0,0.0,0.0,0.0,0.0,0.0,0.0,0.0,0.0,0.0,0.0,0.0,0.0,0.0,0.0,0.0,0.0,0.0,0.0,251.25,31.12,166.12,163.12,0.0,56.0,0.0,18.0,0.0,0.0,135.38,135.38,135.38,0.0,0.0,0.0,0.0,0.0,0.0,0.0,0.0,0.0,0.0,0.0,0.0,0.0,0.0,0.0,0.34,0.0,0.0,0.0,0.0,0.0,0.0,0.0,0.0,0.0,0.0,0.0,0.0,0.0,0.0,0.0,0.0,0.0,0.0,0.0,0.0
28.0,85.0,51.0,1327.62,3616.62,2425.0,13.0,11.0,14.0,4.0,144.0,27.0,81.0,51.0,0.0,0.0,0.0,0.0,0.0,0.0,41.0,0.0,0.0,0.0,0.0,0.0,0.0,0.0,0.0,0.0,0.0,0.0,0.0,0.0,6517.23,1318.62,3393.0,410.0,2323.0,2420.0,157.0,75.62,0.0,0.0,1538.0,2075.0,284.0,12.0,1779.0,0.0,0.0,0.0,0.0,0.0,53.0,47.0,59.0,0.0,0.0,0.0,0.0,0.0,0.71,532.0,438.0,589.0,192.0,900.0,2129.08,9189.15,7047.15,16236.31,3029.08,110941.31,1363.23,6564250.69,2.0,2.0,1009.0,229.0,468.0,107.0,0.0
0.0,0.0,0.0,5.0,9.0,17.0,0.0,0.0,0.0,0.0,0.0,0.0,0.0,0.0,0.0,0.0,0.0,0.0,0.0,0.0,0.0,0.0,0.0,0.0,0.0,0.0,0.0,0.0,0.0,0.0,0.0,0.0,0.0,0.0,31.0,5.0,0.0,0.0,0.0,17.0,0.0,9.0,0.0,0.0,0.0,0.0,0.0,0.0,0.0,0.0,0.0,0.0,0.0,0.0,0.0,0.0,0.0,0.0,0.0,0.0,0.0,0.0,0.0,0.0,0.0,0.0,0.0,0.0,0.0,0.0,0.0,0.0,0.0,0.0,0.0,0.0,0.0,0.0,0.0,0.0,0.0,0.0,0.0
2.0,18.0,1.0,109.56,635.11,61.0,3.0,3.0,3.0,1.0,22.0,2.0,18.0,1.0,0.0,0.0,0.0,0.0,0.0,0.0,31.56,0.0,0.0,0.0,0.0,0.0,0.0,0.0,0.0,0.0,0.0,0.0,0.0,0.0,804.67,109.56,624.11,151.22,457.22,61.0,0.0,11.0,0.0,0.0,365.44,452.22,92.67,0.0,359.56,0.0,0.0,0.0,0.0,0.0,11.0,11.0,12.0,0.0,0.0,0.0,0.0,0.0,0.1,92.78,92.78,94.78,42.56,504.33,648.67,1813.0,1446.44,3259.44,1153.0,18372.11,517.33,474219.67,0.0,0.0,101.56,37.56,14.0,7.0,0.0
0.0,0.0,0.0,1.0,36.0,17.0,0.0,0.0,0.0,0.0,0.0,0.0,0.0,0.0,0.0,0.0,0.0,0.0,0.0,0.0,0.0,0.0,0.0,0.0,0.0,0.0,0.0,0.0,0.0,0.0,0.0,0.0,0.0,0.0,54.0,1.0,0.0,0.0,0.0,17.0,0.0,36.0,0.0,0.0,0.0,0.0,0.0,0.0,0.0,0.0,0.0,0.0,0.0,0.0,0.0,0.0,0.0,0.0,0.0,0.0,0.0,0.0,0.0,0.0,0.0,0.0,0.0,0.0,0.0,0.0,0.0,0.0,0.0,0.0,0.0,0.0,0.0,0.0,0.0,0.0,0.0,0.0,0.0
0.0,0.0,0.0,21.0,103.0,81.6,0.0,0.0,0.0,0.0,0.0,0.0,0.0,0.0,0.0,0.0,0.0,0.0,0.0,0.0,0.0,0.0,0.0,0.0,0.0,0.0,0.0,0.0,0.0,0.0,0.0,0.0,0.0,0.0,174.0,21.0,66.0,60.0,0.0,81.6,3.0,34.0,0.0,0.0,26.0,26.0,26.0,0.0,0.0,0.0,0.0,0.0,0.0,0.0,0.0,0.0,0.0,0.0,0.0,0.0,0.0,0.0,1.24,0.0,0.0,0.0,0.0,0.0,0.0,0.0,0.0,0.0,0.0,0.0,0.0,0.0,0.0,0.0,0.0,0.0,0.0,0.0,0.0
0.0,0.0,0.0,33.0,144.0,181.0,0.0,0.0,0.0,0.0,0.0,0.0,0.0,0.0,0.0,0.0,0.0,0.0,0.0,0.0,0.0,0.0,0.0,0.0,0.0,0.0,0.0,0.0,0.0,0.0,0.0,0.0,0.0,0.0,301.0,33.0,136.0,122.0,0.0,181.0,0.0,8.0,0.0,0.0,88.0,88.0,88.0,0.0,0.0,0.0,0.0,0.0,0.0,0.0,0.0,0.0,0.0,0.0,0.0,0.0,0.0,0.0,1.33,0.0,0.0,0.0,0.0,0.0,0.0,0.0,0.0,0.0,0.0,0.0,0.0,0.0,0.0,0.0,0.0,0.0,0.0,0.0,0.0
3.38,17.75,3.0,409.12,1861.88,467.62,3.25,3.0,3.38,1.0,23.75,3.38,17.75,3.0,0.0,0.0,0.0,0.0,0.0,0.0,86.12,0.0,0.0,0.0,0.0,0.0,0.0,0.0,0.0,0.0,0.0,0.0,0.0,0.0,2732.0,409.12,1844.5,564.62,1122.88,467.62,0.0,17.38,0.0,0.0,945.5,1216.12,270.75,0.75,944.62,0.0,0.0,0.0,0.0,0.0,14.0,14.0,16.75,0.0,0.0,0.0,0.0,0.0,0.29,285.25,245.12,299.62,130.62,1106.75,1791.88,4918.62,3755.75,8674.38,2898.62,47480.25,1053.0,1022066.38,0.0,0.0,850.62,257.5,131.62,52.12,0.0
0.0,0.0,0.0,11.0,56.0,63.0,0.0,0.0,0.0,0.0,0.0,0.0,0.0,0.0,0.0,0.0,0.0,0.0,0.0,0.0,0.0,0.0,0.0,0.0,0.0,0.0,0.0,0.0,0.0,0.0,0.0,0.0,0.0,0.0,112.0,11.0,43.0,43.0,0.0,63.0,0.0,13.0,0.0,0.0,8.0,8.0,8.0,0.0,0.0,0.0,0.0,0.0,0.0,0.0,0.0,0.0,0.0,0.0,0.0,0.0,0.0,0.0,1.47,0.0,0.0,0.0,0.0,0.0,0.0,0.0,0.0,0.0,0.0,0.0,0.0,0.0,0.0,0.0,0.0,0.0,0.0,0.0,0.0
0.0,0.0,0.0,2.0,4.0,16.0,0.0,0.0,0.0,0.0,0.0,0.0,0.0,0.0,0.0,0.0,0.0,0.0,0.0,0.0,0.0,0.0,0.0,0.0,0.0,0.0,0.0,0.0,0.0,0.0,0.0,0.0,0.0,0.0,22.0,2.0,0.0,0.0,0.0,16.0,0.0,4.0,0.0,0.0,0.0,0.0,0.0,0.0,0.0,0.0,0.0,0.0,0.0,0.0,0.0,0.0,0.0,0.0,0.0,0.0,0.0,0.0,0.0,0.0,0.0,0.0,0.0,0.0,0.0,0.0,0.0,0.0,0.0,0.0,0.0,0.0,0.0,0.0,0.0,0.0,0.0,0.0,0.0
0.0,5.73,0.0,11.36,43.73,46.21,0.82,0.82,0.82,0.82,5.73,0.0,5.73,0.0,0.0,0.0,0.0,0.0,0.0,0.0,3.27,0.0,0.0,0.0,0.0,0.0,0.0,0.0,0.0,0.0,0.0,0.0,0.0,0.0,100.3,11.36,36.42,20.7,9.82,46.21,0.0,7.3,0.0,0.0,20.7,23.15,16.61,0.0,6.55,0.0,0.0,0.0,0.0,0.0,0.82,0.82,0.82,0.0,0.0,0.0,0.0,0.0,1.65,3.27,3.27,3.27,3.27,36.82,31.91,70.36,51.55,121.91,68.73,534.27,30.27,5289.55,0.0,0.0,10.8,6.17,3.09,1.54,0.0
3.0,31.71,0.0,106.76,613.87,238.0,5.79,4.89,5.89,2.89,35.37,3.0,25.47,0.0,0.0,0.0,0.0,0.0,0.0,0.0,12.0,0.0,0.0,0.0,0.0,0.0,0.0,0.0,0.0,0.0,0.0,0.0,0.0,0.0,951.63,82.45,353.92,96.16,256.39,183.47,276.61,86.26,0.0,0.0,215.39,284.61,64.74,1.0,218.87,0.0,0.0,0.0,0.0,0.0,37.21,34.21,38.11,0.0,0.0,0.0,0.0,0.0,0.52,67.21,61.21,70.11,38.42,201.32,373.34,1274.18,986.47,2260.66,574.66,15137.26,222.13,703690.55,0.0,0.0,69.55,14.0,25.35,5.1,0.0
2.53,20.37,8.18,43.79,207.89,160.71,4.53,3.37,4.53,2.0,30.42,2.53,20.37,8.18,0.0,0.0,0.0,0.0,0.0,0.0,9.63,0.0,0.0,0.0,0.0,0.0,0.0,0.0,0.0,0.0,0.0,0.0,0.0,0.0,407.29,43.79,194.16,21.87,137.37,160.71,0.0,13.74,0.0,0.0,109.11,152.24,20.18,2.63,129.42,0.0,0.0,0.0,0.0,0.0,8.82,8.82,8.82,0.0,0.0,0.0,0.0,0.0,0.83,42.16,34.58,42.16,21.37,143.74,227.5,626.5,465.11,1091.61,371.24,6210.82,133.24,132912.13,0.0,0.17,93.53,18.5,14.55,6.6,0.0
5.09,27.18,1.0,63.05,273.0,28.0,5.09,5.09,5.09,3.09,33.27,5.09,26.0,1.0,0.0,0.0,0.0,0.0,0.0,0.0,7.91,0.0,0.0,0.0,0.0,0.0,0.0,0.0,0.0,0.0,0.0,0.0,0.0,0.0,362.05,62.05,232.64,60.45,160.05,28.0,12.0,32.36,0.0,0.0,146.95,185.86,37.41,2.0,146.45,0.0,0.0,0.0,0.0,0.0,27.0,27.0,29.0,0.0,0.0,0.0,0.0,0.0,0.12,39.91,39.91,41.91,28.91,105.68,226.82,792.91,595.91,1388.82,332.5,9175.5,109.82,357517.68,2.0,4.0,76.75,21.0,40.67,16.38,0.0
2.24,15.16,1.63,22.26,116.63,53.55,2.34,2.34,2.34,1.05,18.05,2.0,13.37,1.63,0.0,0.0,0.0,0.0,0.0,0.0,6.18,0.0,0.0,0.0,0.0,0.0,0.0,0.0,0.0,0.0,0.0,0.0,0.0,0.0,186.37,20.84,98.97,40.05,61.26,52.84,11.84,9.39,0.0,0.0,48.05,62.79,20.32,0.0,42.47,0.0,0.0,0.0,0.0,0.0,4.39,4.39,4.39,0.0,0.0,0.0,0.0,0.0,0.54,14.74,14.74,15.53,9.82,78.74,111.42,258.32,199.11,457.42,190.16,2481.08,64.18,44861.74,0.1,0.0,8.3,4.17,5.9,4.6,0.0
0.0,0.0,0.0,46.63,515.95,259.61,0.0,0.0,0.0,0.0,0.0,0.0,0.0,0.0,0.0,0.0,0.0,0.0,0.0,0.0,0.0,0.0,0.0,0.0,0.0,0.0,0.0,0.0,0.0,0.0,0.0,0.0,0.0,0.0,644.18,46.63,350.11,402.34,0.0,225.61,86.0,107.84,0.0,0.0,329.5,329.5,329.5,0.0,0.0,0.0,0.0,0.0,0.0,0.0,0.0,0.0,0.0,0.0,0.0,0.0,0.0,0.0,0.64,0.0,0.0,0.0,0.0,0.0,0.0,0.0,0.0,0.0,0.0,0.0,0.0,0.0,0.0,0.0,0.0,0.0,0.0,0.0,0.0
6.46,48.79,5.96,550.93,3617.89,1075.36,8.11,7.54,10.07,3.25,60.57,6.46,48.79,5.96,0.0,0.0,0.0,0.0,0.0,0.0,74.14,0.0,0.0,0.0,0.0,0.0,0.0,0.0,0.0,0.0,0.0,0.0,0.0,0.0,5210.14,550.79,3600.46,648.43,2535.79,1075.36,1.07,16.5,0.0,0.0,2108.89,2684.61,429.68,18.21,2236.71,0.0,0.0,0.0,0.0,0.0,58.5,39.64,79.25,0.0,0.0,0.0,0.0,0.0,0.27,604.07,552.04,760.04,286.68,1412.39,3628.93,11545.96,8802.82,20348.79,5041.32,130025.07,1619.18,3855200.04,4.18,14.0,1349.32,446.54,272.18,113.93,0.0
9.0,38.15,11.15,403.08,1325.77,501.31,6.0,5.0,6.0,3.0,54.08,8.0,36.31,11.15,0.0,0.0,0.0,0.0,0.0,0.0,28.08,0.0,0.0,0.0,0.0,0.0,0.0,0.0,0.0,0.0,0.0,0.0,0.0,0.0,2085.46,323.38,1058.46,144.62,706.38,455.38,316.46,66.15,0.0,0.0,562.23,723.62,117.62,41.38,564.62,0.0,0.0,0.0,0.0,0.0,32.15,28.15,33.15,0.0,0.0,0.0,0.0,0.0,0.43,161.62,139.62,169.62,94.69,487.77,986.92,3192.77,2501.77,5694.54,1474.69,36206.85,584.69,1141707.77,3.0,7.0,261.93,69.2,113.73,32.07,0.0
0.0,0.0,0.0,12.0,73.0,53.0,0.0,0.0,0.0,0.0,0.0,0.0,0.0,0.0,0.0,0.0,0.0,0.0,0.0,0.0,0.0,0.0,0.0,0.0,0.0,0.0,0.0,0.0,0.0,0.0,0.0,0.0,0.0,0.0,112.0,12.0,58.0,56.0,0.0,53.0,0.0,15.0,0.0,0.0,47.0,47.0,47.0,0.0,0.0,0.0,0.0,0.0,0.0,0.0,0.0,0.0,0.0,0.0,0.0,0.0,0.0,0.0,0.91,0.0,0.0,0.0,0.0,0.0,0.0,0.0,0.0,0.0,0.0,0.0,0.0,0.0,0.0,0.0,0.0,0.0,0.0,0.0,0.0
0.0,0.0,0.0,24.0,130.0,46.0,0.0,0.0,0.0,0.0,0.0,0.0,0.0,0.0,0.0,0.0,0.0,0.0,0.0,0.0,0.0,0.0,0.0,0.0,0.0,0.0,0.0,0.0,0.0,0.0,0.0,0.0,0.0,0.0,191.0,24.0,82.2,78.2,0.0,46.0,0.0,47.8,0.0,0.0,60.2,61.2,61.2,0.0,0.0,0.0,0.0,0.0,0.0,0.0,0.0,0.0,0.0,0.0,0.0,0.0,0.0,0.0,0.56,0.0,0.0,0.0,0.0,0.0,0.0,0.0,0.0,0.0,0.0,0.0,0.0,0.0,0.0,0.0,0.0,0.0,0.0,0.0,0.0
0.95,10.11,1.26,24.11,379.26,178.47,2.53,1.58,2.84,0.63,12.32,0.95,10.11,1.26,0.0,0.0,0.0,0.0,0.0,0.0,4.11,0.0,0.0,0.0,0.0,0.0,0.0,0.0,0.0,0.0,0.0,0.0,0.0,0.0,469.11,24.11,370.11,265.89,321.79,178.47,1.26,9.16,0.0,0.0,68.84,101.37,24.0,0.32,77.05,0.0,0.0,0.0,0.0,0.0,10.74,4.74,10.74,0.0,0.0,0.0,0.0,0.0,0.13,32.21,21.47,38.21,9.47,77.68,91.89,387.16,235.89,623.05,169.58,3486.0,102.95,104463.16,0.0,0.0,19.95,8.05,7.7,3.15,0.0
0.0,4.0,1.0,19.0,68.0,83.0,1.0,1.0,1.0,1.0,4.0,0.0,4.0,1.0,0.0,0.0,0.0,0.0,0.0,0.0,4.0,0.0,0.0,0.0,0.0,0.0,0.0,0.0,0.0,0.0,0.0,0.0,0.0,0.0,138.0,19.0,55.0,42.0,4.0,83.0,0.0,13.0,0.0,0.0,18.0,21.0,17.0,0.0,4.0,0.0,0.0,0.0,0.0,0.0,1.0,1.0,1.0,0.0,0.0,0.0,0.0,0.0,1.51,4.0,4.0,4.0,4.0,38.0,19.0,43.0,22.0,65.0,57.0,247.0,21.0,1295.0,0.0,0.0,0.0,0.0,0.0,0.0,0.0
5.08,38.11,5.63,152.76,834.0,225.42,5.71,4.82,6.71,2.0,44.58,4.71,32.66,5.63,0.0,0.0,0.0,0.0,0.0,0.0,15.13,0.0,0.0,0.0,0.0,0.0,0.0,0.0,0.0,0.0,0.0,0.0,0.0,0.0,1096.76,134.87,550.82,100.71,353.32,217.79,144.84,172.24,0.0,0.0,347.79,438.55,73.42,38.47,326.66,0.0,0.0,0.0,0.0,0.0,20.26,14.55,21.26,0.0,0.0,0.0,0.0,0.0,0.4,88.76,73.76,101.95,39.13,257.47,494.89,1567.92,1187.26,2755.18,752.37,17195.84,281.26,595561.71,0.0,0.0,64.25,13.72,35.35,5.17,0.0
1.0,7.87,0.0,30.63,109.05,70.29,2.0,2.0,2.0,1.0,8.87,1.0,7.87,0.0,0.0,0.0,0.0,0.0,0.0,0.0,9.26,0.0,0.0,0.0,0.0,0.0,0.0,0.0,0.0,0.0,0.0,0.0,0.0,0.0,206.71,30.24,80.26,24.26,41.26,70.16,1.58,28.79,0.0,0.0,38.26,50.53,17.26,0.0,33.26,0.0,0.0,0.0,0.0,0.0,2.0,2.0,2.0,0.0,0.0,0.0,0.0,0.0,0.88,15.26,15.26,15.26,9.26,107.68,60.95,225.95,164.47,390.42,168.63,1664.32,139.16,31314.79,0.0,0.0,14.0,10.0,18.0,13.0,0.0
0.0,5.0,0.0,11.0,129.0,22.0,1.0,1.0,1.0,1.0,5.0,0.0,5.0,0.0,0.0,0.0,0.0,0.0,0.0,0.0,2.0,0.0,0.0,0.0,0.0,0.0,0.0,0.0,0.0,0.0,0.0,0.0,0.0,0.0,161.0,11.0,83.0,74.0,3.0,22.0,0.0,46.0,0.0,0.0,57.0,59.0,56.0,0.0,3.0,0.0,0.0,0.0,0.0,0.0,1.0,1.0,1.0,0.0,0.0,0.0,0.0,0.0,0.27,2.0,2.0,2.0,2.0,22.0,16.0,33.0,26.0,59.0,38.0,249.0,17.0,2108.0,0.0,0.0,0.0,0.0,0.0,0.0,0.0
2.6,11.2,0.0,10.4,34.4,19.0,4.2,3.6,4.2,1.0,13.8,2.6,11.2,0.0,0.0,0.0,0.0,0.0,0.0,0.0,2.4,0.0,0.0,0.0,0.0,0.0,0.0,0.0,0.0,0.0,0.0,0.0,0.0,0.0,63.8,10.4,27.4,6.8,16.8,19.0,0.0,7.0,0.0,0.0,13.4,21.8,4.4,0.0,17.4,0.0,0.0,0.0,0.0,0.0,8.0,6.0,8.0,0.0,0.0,0.0,0.0,0.0,0.7,9.4,7.4,9.4,2.4,24.0,22.6,52.4,34.0,86.4,46.6,393.6,17.2,4104.8,0.0,0.0,4.0,2.0,0.0,0.0,0.0
2.0,13.0,0.0,127.0,538.6,33.0,3.0,3.0,3.0,1.0,16.0,2.0,13.0,0.0,0.0,0.0,0.0,0.0,0.0,0.0,38.0,0.0,0.0,0.0,0.0,0.0,0.0,0.0,0.0,0.0,0.0,0.0,0.0,0.0,690.6,127.0,524.0,154.0,330.0,33.0,0.0,14.6,0.0,0.0,262.0,367.0,122.0,0.0,245.0,0.0,0.0,0.0,0.0,0.0,13.0,8.0,14.0,0.0,0.0,0.0,0.0,0.0,0.06,108.0,97.0,109.0,65.0,499.0,577.1,1607.0,1127.0,2734.0,1076.1,14032.6,454.9,256435.5,0.0,1.0,125.0,36.0,35.0,18.0,0.0
0.0,1.91,0.0,16.45,90.27,99.64,0.45,0.45,0.45,0.45,1.91,0.0,1.91,0.0,0.0,0.0,0.0,0.0,0.0,0.0,1.64,0.0,0.0,0.0,0.0,0.0,0.0,0.0,0.0,0.0,0.0,0.0,0.0,0.0,201.73,16.45,74.36,66.73,2.36,99.64,0.0,15.91,0.0,0.0,57.64,59.27,57.18,0.0,2.09,0.0,0.0,0.0,0.0,0.0,0.55,0.55,0.64,0.0,0.0,0.0,0.0,0.0,1.4,1.82,1.82,2.18,1.64,18.27,9.73,23.45,12.64,36.09,28.0,148.0,11.18,1086.45,0.0,0.0,0.91,0.73,0.0,0.0,0.0
0.0,0.0,0.0,5.0,13.0,17.0,0.0,0.0,0.0,0.0,0.0,0.0,0.0,0.0,0.0,0.0,0.0,0.0,0.0,0.0,0.0,0.0,0.0,0.0,0.0,0.0,0.0,0.0,0.0,0.0,0.0,0.0,0.0,0.0,34.0,2.0,0.0,0.0,0.0,17.0,11.0,13.0,0.0,0.0,0.0,0.0,0.0,0.0,0.0,0.0,0.0,0.0,0.0,0.0,0.0,0.0,0.0,0.0,0.0,0.0,0.0,0.0,0.0,0.0,0.0,0.0,0.0,0.0,0.0,0.0,0.0,0.0,0.0,0.0,0.0,0.0,0.0,0.0,0.0,0.0,0.0,0.0,0.0
0.0,0.0,0.0,12.0,90.0,62.0,0.0,0.0,0.0,0.0,0.0,0.0,0.0,0.0,0.0,0.0,0.0,0.0,0.0,0.0,0.0,0.0,0.0,0.0,0.0,0.0,0.0,0.0,0.0,0.0,0.0,0.0,0.0,0.0,127.0,12.0,34.0,33.0,0.0,62.0,0.0,56.0,0.0,0.0,33.0,33.0,33.0,0.0,0.0,0.0,0.0,0.0,0.0,0.0,0.0,0.0,0.0,0.0,0.0,0.0,0.0,0.0,1.82,0.0,0.0,0.0,0.0,0.0,0.0,0.0,0.0,0.0,0.0,0.0,0.0,0.0,0.0,0.0,0.0,0.0,0.0,0.0,0.0
4.53,21.76,1.37,64.5,257.11,56.18,4.84,4.47,5.11,2.95,27.11,4.53,21.71,1.37,0.0,0.0,0.0,0.0,0.0,0.0,8.21,0.0,0.0,0.0,0.0,0.0,0.0,0.0,0.0,0.0,0.0,0.0,0.0,0.0,371.47,64.5,227.32,77.34,160.95,56.13,3.58,27.08,0.0,0.0,140.61,173.61,41.55,3.63,128.42,0.0,0.0,0.0,0.0,0.0,16.42,16.42,19.53,0.0,0.0,0.0,0.0,0.0,0.25,36.68,34.84,41.79,27.05,127.63,236.16,611.95,488.68,1100.63,363.79,6696.26,118.47,173915.39,0.57,1.0,50.67,14.57,25.5,7.22,0.0
1.0,8.0,0.0,44.0,206.0,32.0,1.0,1.0,1.0,1.0,8.0,1.0,8.0,0.0,0.0,0.0,0.0,0.0,0.0,0.0,25.0,0.0,0.0,0.0,0.0,0.0,0.0,0.0,0.0,0.0,0.0,0.0,0.0,0.0,280.0,44.0,191.0,56.0,102.0,32.0,0.0,15.0,0.0,0.0,80.0,112.0,42.0,0.0,70.0,0.0,0.0,0.0,0.0,0.0,4.0,4.0,4.0,0.0,0.0,0.0,0.0,0.0,0.17,35.0,35.0,36.0,25.0,291.0,274.0,577.0,466.0,1043.0,565.0,4942.0,230.0,64489.0,0.0,0.0,22.0,15.0,0.0,0.0,0.0
0.0,0.0,0.0,21.0,89.27,115.64,0.0,0.0,0.0,0.0,0.0,0.0,0.0,0.0,0.0,0.0,0.0,0.0,0.0,0.0,0.0,0.0,0.0,0.0,0.0,0.0,0.0,0.0,0.0,0.0,0.0,0.0,0.0,0.0,183.36,21.0,81.64,69.27,0.0,115.64,0.0,7.64,0.0,0.0,44.27,44.27,44.27,0.0,0.0,0.0,0.0,0.0,0.0,0.0,0.0,0.0,0.0,0.0,0.0,0.0,0.0,0.0,1.42,0.0,0.0,0.0,0.0,0.0,0.0,0.0,0.0,0.0,0.0,0.0,0.0,0.0,0.0,0.0,0.0,0.0,0.0,0.0,0.0
4.23,22.32,1.0,1009.71,4762.45,1839.42,3.81,3.81,4.19,1.32,27.26,4.23,22.32,1.0,0.0,0.0,0.0,0.0,0.0,0.0,167.39,0.0,0.0,0.0,0.0,0.0,0.0,0.0,0.0,0.0,0.0,0.0,0.0,0.0,7599.1,933.26,4315.84,1302.9,3209.74,1704.84,613.32,44.32,0.0,0.0,2450.19,3125.23,665.42,106.74,2353.06,0.0,0.0,0.0,0.0,0.0,23.52,16.0,25.0,0.0,0.0,0.0,0.0,0.0,0.4,650.55,620.06,704.45,333.19,2841.29,4704.87,12880.32,9900.35,22780.68,7546.16,131505.1,2864.06,3086038.48,3.24,9.48,1482.94,505.09,534.09,183.39,0.0
0.0,0.0,0.0,2.0,16.0,2.0,0.0,0.0,0.0,0.0,0.0,0.0,0.0,0.0,0.0,0.0,0.0,0.0,0.0,0.0,0.0,0.0,0.0,0.0,0.0,0.0,0.0,0.0,0.0,0.0,0.0,0.0,0.0,0.0,19.0,2.0,12.0,12.0,0.0,2.0,0.0,4.0,0.0,0.0,11.0,11.0,11.0,0.0,0.0,0.0,0.0,0.0,0.0,0.0,0.0,0.0,0.0,0.0,0.0,0.0,0.0,0.0,0.17,0.0,0.0,0.0,0.0,0.0,0.0,0.0,0.0,0.0,0.0,0.0,0.0,0.0,0.0,0.0,0.0,0.0,0.0,0.0,0.0
0.0,0.0,0.0,5.0,9.0,17.0,0.0,0.0,0.0,0.0,0.0,0.0,0.0,0.0,0.0,0.0,0.0,0.0,0.0,0.0,0.0,0.0,0.0,0.0,0.0,0.0,0.0,0.0,0.0,0.0,0.0,0.0,0.0,0.0,31.0,5.0,0.0,0.0,0.0,17.0,0.0,9.0,0.0,0.0,0.0,0.0,0.0,0.0,0.0,0.0,0.0,0.0,0.0,0.0,0.0,0.0,0.0,0.0,0.0,0.0,0.0,0.0,0.0,0.0,0.0,0.0,0.0,0.0,0.0,0.0,0.0,0.0,0.0,0.0,0.0,0.0,0.0,0.0,0.0,0.0,0.0,0.0,0.0
4.0,21.9,1.0,167.15,775.8,52.0,4.9,4.0,5.0,1.0,26.8,4.0,21.9,1.0,0.0,0.0,0.0,0.0,0.0,0.0,30.9,0.0,0.0,0.0,0.0,0.0,0.0,0.0,0.0,0.0,0.0,0.0,0.0,0.0,992.95,167.15,746.7,198.2,531.5,52.0,0.0,29.1,0.0,0.0,457.8,581.0,148.9,12.0,420.1,0.0,0.0,0.0,0.0,0.0,16.0,9.0,16.0,0.0,0.0,0.0,0.0,0.0,0.07,141.0,116.0,149.9,52.7,520.2,843.25,2304.45,1672.2,3976.65,1363.45,22809.25,488.45,508962.5,1.0,4.0,168.3,77.1,44.4,16.4,0.0
1.66,23.58,1.76,288.74,2360.76,261.92,4.47,4.0,5.32,2.0,25.92,1.66,23.58,1.76,0.0,0.0,0.0,0.0,0.0,0.0,85.63,0.0,0.0,0.0,0.0,0.0,0.0,0.0,0.0,0.0,0.0,0.0,0.0,0.0,2760.29,288.74,2284.92,536.24,1628.61,261.92,0.0,75.84,0.0,0.0,1327.74,1702.53,382.05,1.74,1318.74,0.0,0.0,0.0,0.0,0.0,67.42,37.68,74.76,0.0,0.0,0.0,0.0,0.0,0.11,389.39,343.68,445.74,213.53,1465.92,2034.42,7208.79,5100.74,12309.53,3500.34,73560.84,1609.39,3082985.71,3.05,10.4,301.05,88.3,271.07,45.9,0.0
3.65,21.18,1.0,83.24,349.0,48.06,3.0,3.0,3.0,1.18,25.82,3.65,20.82,1.0,0.0,0.0,0.0,0.0,0.0,0.0,13.53,0.0,0.0,0.0,0.0,0.0,0.0,0.0,0.0,0.0,0.0,0.0,0.0,0.0,470.29,83.24,331.82,98.0,216.47,48.06,1.0,16.18,0.0,0.0,175.06,215.65,63.12,0.0,152.53,0.0,0.0,0.0,0.0,0.0,7.18,7.18,7.18,0.0,0.0,0.0,0.0,0.0,0.15,38.59,36.59,38.59,26.71,216.94,342.94,918.94,694.12,1613.06,559.88,9367.82,203.18,212466.53,1.0,2.0,83.65,24.94,26.41,12.71,0.0
3.0,15.47,0.0,80.58,313.55,76.45,3.0,3.0,3.0,1.0,18.53,3.0,15.47,0.0,0.0,0.0,0.0,0.0,0.0,0.0,15.0,0.0,0.0,0.0,0.0,0.0,0.0,0.0,0.0,0.0,0.0,0.0,0.0,0.0,468.58,80.58,280.68,103.71,189.66,76.45,0.0,32.87,0.0,0.0,148.18,183.18,60.0,0.0,123.18,0.0,0.0,0.0,0.0,0.0,10.0,10.0,10.0,0.0,0.0,0.0,0.0,0.0,0.27,39.0,39.0,42.0,21.0,209.53,320.21,799.29,627.95,1427.24,529.74,8315.5,180.47,204385.05,0.0,0.0,58.95,27.5,23.18,4.3,0.0
0.92,49.71,16.61,223.21,2508.66,1119.29,11.37,10.08,13.08,4.08,66.76,0.92,49.16,15.84,0.0,0.0,0.0,0.0,0.0,0.0,42.13,0.0,0.0,0.0,0.0,0.0,0.0,0.0,0.0,0.0,0.0,0.0,0.0,0.0,3847.0,196.24,2103.97,262.29,1664.5,983.24,524.79,45.92,0.0,0.0,1169.13,1633.47,210.34,0.0,1423.13,0.0,0.0,0.0,0.0,0.0,68.16,66.16,86.16,0.0,0.0,0.0,0.0,0.0,0.47,480.79,435.55,559.13,197.32,894.24,1766.61,7170.34,5394.53,12564.87,2660.84,83648.95,1246.29,4821982.58,1.0,4.0,657.83,135.47,331.32,70.35,0.0
3.64,18.77,0.0,222.59,935.0,26.91,3.0,3.0,3.0,1.0,22.86,3.64,18.77,0.0,0.0,0.0,0.0,0.0,0.0,0.0,45.14,0.0,0.0,0.0,0.0,0.0,0.0,0.0,0.0,0.0,0.0,0.0,0.0,0.0,1184.5,222.59,915.27,248.23,631.77,26.91,0.0,19.73,0.0,0.0,469.27,602.14,133.91,22.05,446.18,0.0,0.0,0.0,0.0,0.0,19.77,19.77,20.5,0.0,0.0,0.0,0.0,0.0,0.03,134.18,126.82,137.27,77.32,691.41,1031.0,2855.14,2216.64,5071.77,1722.41,29562.23,666.64,805457.73,0.0,0.0,315.41,108.95,90.68,24.86,0.0
1.0,6.0,0.0,17.0,78.0,32.0,1.0,1.0,1.0,1.0,6.0,1.0,5.0,0.0,0.0,0.0,0.0,0.0,0.0,0.0,6.0,0.0,0.0,0.0,0.0,0.0,0.0,0.0,0.0,0.0,0.0,0.0,0.0,0.0,118.0,17.0,58.0,38.0,12.0,32.0,0.0,20.0,0.0,0.0,33.0,39.0,33.0,0.0,6.0,0.0,0.0,0.0,0.0,0.0,3.0,3.0,3.0,0.0,0.0,0.0,0.0,0.0,0.55,8.0,8.0,8.0,6.0,71.0,51.0,107.0,72.0,179.0,122.0,803.0,47.0,8047.0,0.0,0.0,8.0,8.0,0.0,0.0,0.0
0.0,0.0,0.0,5.0,13.0,53.0,0.0,0.0,0.0,0.0,0.0,0.0,0.0,0.0,0.0,0.0,0.0,0.0,0.0,0.0,0.0,0.0,0.0,0.0,0.0,0.0,0.0,0.0,0.0,0.0,0.0,0.0,0.0,0.0,69.0,5.0,8.0,8.0,0.0,53.0,0.0,5.0,0.0,0.0,7.0,7.0,7.0,0.0,0.0,0.0,0.0,0.0,0.0,0.0,0.0,0.0,0.0,0.0,0.0,0.0,0.0,0.0,6.62,0.0,0.0,0.0,0.0,0.0,0.0,0.0,0.0,0.0,0.0,0.0,0.0,0.0,0.0,0.0,0.0,0.0,0.0,0.0,0.0
2.19,17.52,0.29,22.52,110.95,12.19,3.1,3.1,4.1,1.0,19.71,2.19,13.19,0.0,0.0,0.0,0.0,0.0,0.0,0.0,2.9,0.0,0.0,0.0,0.0,0.0,0.0,0.0,0.0,0.0,0.0,0.0,0.0,0.0,142.48,18.9,51.43,21.38,39.33,10.81,39.38,23.76,0.0,0.0,20.71,29.62,8.29,0.0,21.33,0.0,0.0,0.0,0.0,0.0,4.0,4.0,5.0,0.0,0.0,0.0,0.0,0.0,0.21,8.81,8.9,10.81,2.9,43.48,55.52,134.67,102.14,236.81,99.0,1247.95,37.24,24326.76,0.0,0.0,8.35,1.09,1.0,1.0,0.0
0.0,0.0,0.0,114.34,445.61,516.08,0.0,0.0,0.0,0.0,0.0,0.0,0.0,0.0,0.0,0.0,0.0,0.0,0.0,0.0,0.0,0.0,0.0,0.0,0.0,0.0,0.0,0.0,0.0,0.0,0.0,0.0,0.0,0.0,818.53,111.34,136.42,132.16,0.0,515.08,14.0,309.18,0.0,0.0,131.63,131.63,131.63,0.0,0.0,0.0,0.0,0.0,0.0,0.0,0.0,0.0,0.0,0.0,0.0,0.0,0.0,0.0,3.83,0.0,0.0,0.0,0.0,0.0,0.0,0.0,0.0,0.0,0.0,0.0,0.0,0.0,0.0,0.0,0.0,0.0,0.0,0.0,0.0
0.0,0.0,0.0,26.0,50.0,44.0,0.0,0.0,0.0,0.0,0.0,0.0,0.0,0.0,0.0,0.0,0.0,0.0,0.0,0.0,0.0,0.0,0.0,0.0,0.0,0.0,0.0,0.0,0.0,0.0,0.0,0.0,0.0,0.0,119.0,26.0,44.0,36.0,0.0,44.0,0.0,6.0,0.0,0.0,28.0,28.0,28.0,0.0,0.0,0.0,0.0,0.0,0.0,0.0,0.0,0.0,0.0,0.0,0.0,0.0,0.0,0.0,1.0,0.0,0.0,0.0,0.0,0.0,0.0,0.0,0.0,0.0,0.0,0.0,0.0,0.0,0.0,0.0,0.0,0.0,0.0,0.0,0.0
0.0,0.0,0.0,16.0,57.0,29.0,0.0,0.0,0.0,0.0,0.0,0.0,0.0,0.0,0.0,0.0,0.0,0.0,0.0,0.0,0.0,0.0,0.0,0.0,0.0,0.0,0.0,0.0,0.0,0.0,0.0,0.0,0.0,0.0,89.0,16.0,50.0,44.0,0.0,29.0,0.0,7.0,0.0,0.0,32.0,32.0,32.0,0.0,0.0,0.0,0.0,0.0,0.0,0.0,0.0,0.0,0.0,0.0,0.0,0.0,0.0,0.0,0.58,0.0,0.0,0.0,0.0,0.0,0.0,0.0,0.0,0.0,0.0,0.0,0.0,0.0,0.0,0.0,0.0,0.0,0.0,0.0,0.0
0.0,0.0,0.0,9.0,20.0,50.0,0.0,0.0,0.0,0.0,0.0,0.0,0.0,0.0,0.0,0.0,0.0,0.0,0.0,0.0,0.0,0.0,0.0,0.0,0.0,0.0,0.0,0.0,0.0,0.0,0.0,0.0,0.0,0.0,79.0,9.0,0.0,0.0,0.0,50.0,7.0,20.0,0.0,0.0,0.0,0.0,0.0,0.0,0.0,0.0,0.0,0.0,0.0,0.0,0.0,0.0,0.0,0.0,0.0,0.0,0.0,0.0,0.0,0.0,0.0,0.0,0.0,0.0,0.0,0.0,0.0,0.0,0.0,0.0,0.0,0.0,0.0,0.0,0.0,0.0,0.0,0.0,0.0
0.0,0.0,0.0,4.0,15.0,6.0,0.0,0.0,0.0,0.0,0.0,0.0,0.0,0.0,0.0,0.0,0.0,0.0,0.0,0.0,0.0,0.0,0.0,0.0,0.0,0.0,0.0,0.0,0.0,0.0,0.0,0.0,0.0,0.0,24.0,4.0,6.0,6.0,0.0,6.0,0.0,9.0,0.0,0.0,6.0,6.0,6.0,0.0,0.0,0.0,0.0,0.0,0.0,0.0,0.0,0.0,0.0,0.0,0.0,0.0,0.0,0.0,1.0,0.0,0.0,0.0,0.0,0.0,0.0,0.0,0.0,0.0,0.0,0.0,0.0,0.0,0.0,0.0,0.0,0.0,0.0,0.0,0.0
0.0,0.0,0.0,19.0,38.58,29.0,0.0,0.0,0.0,0.0,0.0,0.0,0.0,0.0,0.0,0.0,0.0,0.0,0.0,0.0,0.0,0.0,0.0,0.0,0.0,0.0,0.0,0.0,0.0,0.0,0.0,0.0,0.0,0.0,83.58,19.0,0.0,0.0,0.0,29.0,0.0,38.58,0.0,0.0,0.0,0.0,0.0,0.0,0.0,0.0,0.0,0.0,0.0,0.0,0.0,0.0,0.0,0.0,0.0,0.0,0.0,0.0,0.0,0.0,0.0,0.0,0.0,0.0,0.0,0.0,0.0,0.0,0.0,0.0,0.0,0.0,0.0,0.0,0.0,0.0,0.0,0.0,0.0
0.0,5.0,1.0,17.0,44.96,35.93,1.0,1.0,1.0,1.0,6.0,0.0,5.0,1.0,0.0,0.0,0.0,0.0,0.0,0.0,2.0,0.0,0.0,0.0,0.0,0.0,0.0,0.0,0.0,0.0,0.0,0.0,0.0,0.0,95.89,6.0,10.0,4.0,2.0,32.93,44.0,3.96,0.0,0.0,2.0,3.5,1.5,0.0,2.0,0.0,0.0,0.0,0.0,0.0,1.0,1.0,1.0,0.0,0.0,0.0,0.0,0.0,3.29,2.0,2.0,2.0,2.0,16.0,12.0,28.0,18.0,46.0,28.0,174.0,12.0,1044.0,0.0,0.0,0.0,0.0,0.0,0.0,0.0
3.0,16.8,1.0,308.3,1399.5,184.0,3.0,3.0,4.0,1.0,19.8,3.0,16.8,1.0,0.0,0.0,0.0,0.0,0.0,0.0,79.6,0.0,0.0,0.0,0.0,0.0,0.0,0.0,0.0,0.0,0.0,0.0,0.0,0.0,1876.2,308.3,1372.9,348.2,864.7,184.0,4.0,23.6,0.0,0.0,718.0,939.8,239.0,3.0,697.8,0.0,0.0,0.0,0.0,0.0,56.0,47.0,59.0,0.0,0.0,0.0,0.0,0.0,0.13,270.5,261.5,290.9,153.6,1089.4,1465.9,4387.9,3356.7,7744.6,2555.3,43679.5,1139.2,1315542.1,0.0,2.0,310.6,91.6,172.3,53.2,0.0
0.0,0.0,0.0,17.48,99.72,53.0,0.0,0.0,0.0,0.0,0.0,0.0,0.0,0.0,0.0,0.0,0.0,0.0,0.0,0.0,0.0,0.0,0.0,0.0,0.0,0.0,0.0,0.0,0.0,0.0,0.0,0.0,0.0,0.0,163.21,17.48,93.83,82.17,0.0,53.0,0.0,5.9,0.0,0.0,60.1,60.1,60.1,0.0,0.0,0.0,0.0,0.0,0.0,0.0,0.0,0.0,0.0,0.0,0.0,0.0,0.0,0.0,0.62,0.0,0.0,0.0,0.0,0.0,0.0,0.0,0.0,0.0,0.0,0.0,0.0,0.0,0.0,0.0,0.0,0.0,0.0,0.0,0.0
5.76,33.29,5.67,187.29,936.57,280.71,9.48,9.43,10.38,3.0,44.29,5.76,33.1,5.67,0.0,0.0,0.0,0.0,0.0,0.0,27.76,0.0,0.0,0.0,0.0,0.0,0.0,0.0,0.0,0.0,0.0,0.0,0.0,0.0,1403.38,187.29,930.43,112.76,584.62,280.71,0.0,6.14,0.0,0.0,557.81,752.48,96.86,70.33,585.29,0.0,0.0,0.0,0.0,0.0,40.48,40.48,42.62,0.0,0.0,0.0,0.0,0.0,0.3,270.38,269.38,287.67,90.9,489.14,899.76,2700.57,2137.43,4838.0,1388.9,28596.05,527.38,721814.43,0.0,0.0,304.19,64.19,48.0,24.1,0.0
3.6,26.2,1.9,92.9,527.7,106.6,5.0,5.0,5.3,1.3,32.1,3.6,26.2,1.9,0.0,0.0,0.0,0.0,0.0,0.0,19.4,0.0,0.0,0.0,0.0,0.0,0.0,0.0,0.0,0.0,0.0,0.0,0.0,0.0,726.5,92.9,510.4,139.1,346.9,106.6,0.0,17.3,0.0,0.0,327.2,408.9,100.4,9.4,299.1,0.0,0.0,0.0,0.0,0.0,18.0,18.0,18.0,0.0,0.0,0.0,0.0,0.0,0.21,98.5,95.5,106.5,38.9,316.8,585.5,1782.2,1328.0,3110.2,902.3,18366.6,345.5,455878.6,0.0,0.0,220.4,71.2,28.2,13.3,0.0
3.0,17.0,1.0,14.0,60.81,6.0,4.0,4.0,5.0,2.0,19.0,3.0,17.0,1.0,0.0,0.0,0.0,0.0,0.0,0.0,2.0,0.0,0.0,0.0,0.0,0.0,0.0,0.0,0.0,0.0,0.0,0.0,0.0,0.0,79.81,14.0,46.29,18.29,37.0,6.0,0.0,14.52,0.0,0.0,19.1,27.1,6.1,0.0,21.0,0.0,0.0,0.0,0.0,0.0,4.0,4.0,5.0,0.0,0.0,0.0,0.0,0.0,0.13,8.0,8.0,9.0,5.0,30.38,41.0,94.38,68.0,162.38,71.38,844.43,24.38,10346.48,0.0,0.0,8.0,1.0,1.0,1.0,0.0
6.29,24.71,5.5,580.21,2029.71,877.12,4.25,3.75,4.25,2.0,36.46,6.29,24.71,5.5,0.0,0.0,0.0,0.0,0.0,0.0,74.25,0.0,0.0,0.0,0.0,0.0,0.0,0.0,0.0,0.0,0.0,0.0,0.0,0.0,3485.54,557.58,1913.62,418.5,1338.29,863.38,125.5,26.96,0.0,0.0,1053.08,1355.92,250.83,0.96,1104.12,0.0,0.0,0.0,0.0,0.0,25.46,19.62,25.71,0.0,0.0,0.0,0.0,0.0,0.46,306.58,273.04,325.42,172.17,1152.96,1872.12,5601.25,4266.29,9867.54,3025.08,58285.71,1159.71,1666399.79,3.38,6.83,636.88,171.04,242.67,67.04,0.0
0.0,0.0,0.0,24.0,133.2,82.0,0.0,0.0,0.0,0.0,0.0,0.0,0.0,0.0,0.0,0.0,0.0,0.0,0.0,0.0,0.0,0.0,0.0,0.0,0.0,0.0,0.0,0.0,0.0,0.0,0.0,0.0,0.0,0.0,203.2,24.0,104.2,94.2,0.0,82.0,0.0,29.0,0.0,0.0,60.2,60.2,60.2,0.0,0.0,0.0,0.0,0.0,0.0,0.0,0.0,0.0,0.0,0.0,0.0,0.0,0.0,0.0,0.79,0.0,0.0,0.0,0.0,0.0,0.0,0.0,0.0,0.0,0.0,0.0,0.0,0.0,0.0,0.0,0.0,0.0,0.0,0.0,0.0
2.27,25.09,1.0,10.36,79.18,35.91,5.0,3.64,5.0,1.0,28.0,2.27,25.09,1.0,0.0,0.0,0.0,0.0,0.0,0.0,2.73,0.0,0.0,0.0,0.0,0.0,0.0,0.0,0.0,0.0,0.0,0.0,0.0,0.0,125.45,10.36,73.18,15.91,47.09,35.91,0.0,6.0,0.0,0.0,34.45,51.36,10.55,0.0,40.82,0.0,0.0,0.0,0.0,0.0,9.09,5.64,9.36,0.0,0.0,0.0,0.0,0.0,0.56,13.27,9.82,14.27,2.73,47.27,64.18,202.73,118.82,321.55,111.45,1808.0,41.82,33038.18,0.0,0.0,6.0,4.36,1.0,1.0,0.0
3.0,14.8,0.0,76.9,290.15,23.0,3.0,3.0,3.0,1.0,17.9,3.0,14.8,0.0,0.0,0.0,0.0,0.0,0.0,0.0,16.8,0.0,0.0,0.0,0.0,0.0,0.0,0.0,0.0,0.0,0.0,0.0,0.0,0.0,390.05,76.9,272.65,75.15,172.25,23.0,0.95,17.5,0.0,0.0,164.1,206.3,54.4,4.8,147.1,0.0,0.0,0.0,0.0,0.0,5.0,5.0,5.0,0.0,0.0,0.0,0.0,0.0,0.08,49.0,47.2,49.0,28.8,262.8,302.9,899.4,667.5,1566.9,565.7,8221.7,266.3,157377.9,1.0,1.0,48.05,21.0,6.0,5.0,0.0
2.0,15.0,2.0,43.0,220.0,38.0,2.0,2.0,2.0,1.0,19.0,2.0,13.0,2.0,0.0,0.0,0.0,0.0,0.0,0.0,11.0,0.0,0.0,0.0,0.0,0.0,0.0,0.0,0.0,0.0,0.0,0.0,0.0,0.0,299.0,43.0,181.0,57.0,117.0,38.0,6.0,33.0,0.0,0.0,99.0,122.0,35.0,0.0,87.0,0.0,0.0,0.0,0.0,0.0,8.0,8.0,9.0,0.0,0.0,0.0,0.0,0.0,0.21,23.0,23.0,24.0,19.0,138.0,203.0,486.0,380.0,866.0,341.0,4740.0,115.0,91252.0,0.0,0.0,53.0,17.0,10.0,5.0,0.0
1.33,13.67,0.0,39.67,249.67,149.0,5.0,5.0,5.0,1.0,14.67,1.33,13.67,0.0,0.0,0.0,0.0,0.0,0.0,0.0,2.0,0.0,0.0,0.0,0.0,0.0,0.0,0.0,0.0,0.0,0.0,0.0,0.0,0.0,370.33,39.67,202.67,176.67,20.0,149.0,0.0,47.0,0.0,0.0,166.67,175.67,153.33,0.0,22.33,0.0,0.0,0.0,0.0,0.0,8.0,8.0,8.0,0.0,0.0,0.0,0.0,0.0,0.73,10.0,10.0,10.0,2.0,27.33,23.33,79.33,64.0,143.33,50.67,678.67,36.67,16264.0,0.0,0.0,1.0,1.0,0.0,0.0,0.0
2.61,18.11,0.57,205.25,1092.07,38.14,3.39,3.25,4.25,1.36,21.25,2.61,18.11,0.57,0.0,0.0,0.0,0.0,0.0,0.0,48.75,0.0,0.0,0.0,0.0,0.0,0.0,0.0,0.0,0.0,0.0,0.0,0.0,0.0,1335.32,205.25,1088.64,444.82,743.61,38.14,0.0,3.43,0.0,0.0,467.36,640.68,192.46,0.25,447.96,0.0,0.0,0.0,0.0,0.0,22.29,19.64,26.32,0.0,0.0,0.0,0.0,0.0,0.04,178.86,164.0,220.36,103.79,715.82,1215.96,2892.86,2264.71,5157.57,1931.79,29207.61,620.32,625160.68,2.32,2.96,345.89,116.89,78.39,32.25,0.0
7.0,75.0,5.0,35.0,244.16,58.0,5.0,5.0,5.0,2.0,85.0,4.0,31.0,2.0,0.0,0.0,0.0,0.0,0.0,0.0,3.0,0.0,0.0,0.0,0.0,0.0,0.0,0.0,0.0,0.0,0.0,0.0,0.0,0.0,328.16,27.0,94.0,15.0,73.0,49.0,135.0,34.16,0.0,0.0,63.0,78.0,12.0,0.0,66.0,0.0,0.0,0.0,0.0,0.0,10.0,10.0,11.0,0.0,0.0,0.0,0.0,0.0,0.52,14.0,14.0,15.0,8.0,79.63,171.0,704.05,560.0,1264.05,250.63,8427.21,120.63,505437.05,2.0,2.0,17.0,5.0,11.05,5.35,0.0
2.0,12.2,1.0,46.8,149.2,34.0,3.0,3.0,3.0,1.0,15.2,2.0,12.2,1.0,0.0,0.0,0.0,0.0,0.0,0.0,11.8,0.0,0.0,0.0,0.0,0.0,0.0,0.0,0.0,0.0,0.0,0.0,0.0,0.0,230.0,46.8,148.2,54.6,83.0,34.0,0.0,1.0,0.0,0.0,104.8,133.6,36.6,2.0,95.0,0.0,0.0,0.0,0.0,0.0,8.0,8.0,8.0,0.0,0.0,0.0,0.0,0.0,0.23,36.8,36.8,37.8,11.8,127.2,160.4,490.2,365.4,855.6,287.6,4555.2,132.6,103781.4,0.0,0.0,68.0,21.0,24.0,10.0,0.0
0.0,0.0,0.0,44.47,260.0,113.0,0.0,0.0,0.0,0.0,0.0,0.0,0.0,0.0,0.0,0.0,0.0,0.0,0.0,0.0,0.0,0.0,0.0,0.0,0.0,0.0,0.0,0.0,0.0,0.0,0.0,0.0,0.0,0.0,379.47,44.47,29.47,27.47,0.0,113.0,47.0,230.53,0.0,0.0,27.0,27.0,27.0,0.0,0.0,0.0,0.0,0.0,0.0,0.0,0.0,0.0,0.0,0.0,0.0,0.0,0.0,0.0,3.84,0.0,0.0,0.0,0.0,0.0,0.0,0.0,0.0,0.0,0.0,0.0,0.0,0.0,0.0,0.0,0.0,0.0,0.0,0.0,0.0
0.0,22.0,0.0,6.0,72.0,19.0,1.0,1.0,1.0,1.0,22.0,0.0,22.0,0.0,0.0,0.0,0.0,0.0,0.0,0.0,2.0,0.0,0.0,0.0,0.0,0.0,0.0,0.0,0.0,0.0,0.0,0.0,0.0,0.0,96.0,6.0,50.0,14.0,31.0,19.0,0.0,22.0,0.0,0.0,22.0,23.0,7.0,0.0,16.0,0.0,0.0,0.0,0.0,0.0,1.0,1.0,1.0,0.0,0.0,0.0,0.0,0.0,0.38,2.0,2.0,2.0,2.0,27.0,66.0,187.0,158.0,345.0,93.0,1908.0,31.0,30189.0,0.0,0.0,11.0,1.0,16.0,12.0,0.0
0.0,0.0,0.0,20.71,64.12,38.0,0.0,0.0,0.0,0.0,0.0,0.0,0.0,0.0,0.0,0.0,0.0,0.0,0.0,0.0,0.0,0.0,0.0,0.0,0.0,0.0,0.0,0.0,0.0,0.0,0.0,0.0,0.0,0.0,117.82,20.71,38.12,35.12,0.0,38.0,0.0,26.0,0.0,0.0,34.12,34.12,34.12,0.0,0.0,0.0,0.0,0.0,0.0,0.0,0.0,0.0,0.0,0.0,0.0,0.0,0.0,0.0,1.0,0.0,0.0,0.0,0.0,0.0,0.0,0.0,0.0,0.0,0.0,0.0,0.0,0.0,0.0,0.0,0.0,0.0,0.0,0.0,0.0
0.0,0.0,0.0,5.0,40.0,26.0,0.0,0.0,0.0,0.0,0.0,0.0,0.0,0.0,0.0,0.0,0.0,0.0,0.0,0.0,0.0,0.0,0.0,0.0,0.0,0.0,0.0,0.0,0.0,0.0,0.0,0.0,0.0,0.0,49.0,5.0,0.0,0.0,0.0,26.0,0.0,40.0,0.0,0.0,0.0,0.0,0.0,0.0,0.0,0.0,0.0,0.0,0.0,0.0,0.0,0.0,0.0,0.0,0.0,0.0,0.0,0.0,0.0,0.0,0.0,0.0,0.0,0.0,0.0,0.0,0.0,0.0,0.0,0.0,0.0,0.0,0.0,0.0,0.0,0.0,0.0,0.0,0.0
0.0,0.0,0.0,8.2,70.95,25.0,0.0,0.0,0.0,0.0,0.0,0.0,0.0,0.0,0.0,0.0,0.0,0.0,0.0,0.0,0.0,0.0,0.0,0.0,0.0,0.0,0.0,0.0,0.0,0.0,0.0,0.0,0.0,0.0,104.15,8.2,60.2,58.2,0.0,25.0,0.0,10.75,0.0,0.0,50.6,50.6,50.6,0.0,0.0,0.0,0.0,0.0,0.0,0.0,0.0,0.0,0.0,0.0,0.0,0.0,0.0,0.0,0.42,0.0,0.0,0.0,0.0,0.0,0.0,0.0,0.0,0.0,0.0,0.0,0.0,0.0,0.0,0.0,0.0,0.0,0.0,0.0,0.0
0.0,4.0,0.0,18.0,59.35,0.0,2.0,2.0,2.0,1.0,4.0,0.0,4.0,0.0,0.0,0.0,0.0,0.0,0.0,0.0,2.0,0.0,0.0,0.0,0.0,0.0,0.0,0.0,0.0,0.0,0.0,0.0,0.0,0.0,77.35,18.0,52.0,43.0,2.0,0.0,0.0,7.35,0.0,0.0,34.0,35.0,33.0,0.0,2.0,0.0,0.0,0.0,0.0,0.0,2.0,2.0,2.0,0.0,0.0,0.0,0.0,0.0,0.0,3.0,3.0,3.0,2.0,22.0,12.0,28.0,15.0,43.0,34.0,174.0,13.0,1139.0,0.0,0.0,2.0,2.0,0.0,0.0,0.0
6.38,37.29,4.62,135.57,665.76,172.86,7.81,7.76,7.9,2.0,48.19,6.38,37.29,4.62,0.0,0.0,0.0,0.0,0.0,0.0,17.57,0.0,0.0,0.0,0.0,0.0,0.0,0.0,0.0,0.0,0.0,0.0,0.0,0.0,972.38,134.52,655.38,106.62,457.19,171.67,8.9,3.71,0.0,0.0,421.0,529.86,74.48,27.43,427.95,0.0,0.0,0.0,0.0,0.0,30.48,28.48,32.86,0.0,0.0,0.0,0.0,0.0,0.26,135.29,133.29,139.33,46.57,315.67,664.67,2299.62,1811.24,4110.86,980.33,24848.95,408.14,815596.71,0.0,0.0,265.05,68.24,103.9,32.48,0.0
10.0,59.84,23.92,338.08,1578.39,1126.05,9.0,8.45,10.45,3.0,92.71,9.92,45.84,21.92,0.0,0.0,0.0,0.0,0.0,0.0,23.08,0.0,0.0,0.0,0.0,0.0,0.0,0.0,0.0,0.0,0.0,0.0,0.0,0.0,3010.53,296.08,1091.32,158.37,786.68,1013.05,465.55,199.53,0.0,0.0,704.5,887.53,107.76,74.95,704.82,0.0,0.0,0.0,0.0,0.0,47.42,31.42,55.84,0.0,0.0,0.0,0.0,0.0,0.93,211.61,195.61,242.03,73.08,523.87,1056.42,4099.82,3168.89,7268.71,1580.29,48482.05,712.42,2624485.21,1.0,1.0,298.45,70.72,107.3,38.6,0.0
0.0,0.0,0.0,18.2,77.2,64.0,0.0,0.0,0.0,0.0,0.0,0.0,0.0,0.0,0.0,0.0,0.0,0.0,0.0,0.0,0.0,0.0,0.0,0.0,0.0,0.0,0.0,0.0,0.0,0.0,0.0,0.0,0.0,0.0,144.4,18.2,65.8,58.8,0.0,64.0,0.0,11.4,0.0,0.0,42.6,42.6,42.6,0.0,0.0,0.0,0.0,0.0,0.0,0.0,0.0,0.0,0.0,0.0,0.0,0.0,0.0,0.0,0.96,0.0,0.0,0.0,0.0,0.0,0.0,0.0,0.0,0.0,0.0,0.0,0.0,0.0,0.0,0.0,0.0,0.0,0.0,0.0,0.0
5.0,28.76,4.1,204.43,906.19,315.24,4.0,4.0,4.0,2.0,37.86,5.0,28.76,4.1,0.0,0.0,0.0,0.0,0.0,0.0,30.14,0.0,0.0,0.0,0.0,0.0,0.0,0.0,0.0,0.0,0.0,0.0,0.0,0.0,1418.86,196.43,865.9,124.14,664.48,314.24,33.0,16.29,0.0,0.0,633.62,741.38,107.24,13.0,621.14,0.0,0.0,0.0,0.0,0.0,10.0,10.0,12.0,0.0,0.0,0.0,0.0,0.0,0.36,114.76,114.76,119.76,82.05,490.38,924.9,3111.67,2727.48,5839.14,1415.29,35801.71,595.81,1136044.33,0.0,0.0,69.9,27.9,4.0,4.0,0.0
0.0,0.0,0.0,72.34,305.84,85.63,0.0,0.0,0.0,0.0,0.0,0.0,0.0,0.0,0.0,0.0,0.0,0.0,0.0,0.0,0.0,0.0,0.0,0.0,0.0,0.0,0.0,0.0,0.0,0.0,0.0,0.0,0.0,0.0,452.18,3.0,0.0,0.0,0.0,18.0,429.18,241.95,0.0,0.0,0.0,0.0,0.0,0.0,0.0,0.0,0.0,0.0,0.0,0.0,0.0,0.0,0.0,0.0,0.0,0.0,0.0,0.0,0.0,0.0,0.0,0.0,0.0,0.0,0.0,0.0,0.0,0.0,0.0,0.0,0.0,0.0,0.0,0.0,0.0,0.0,0.0,0.0,0.0
0.0,0.0,0.0,39.2,221.4,185.8,0.0,0.0,0.0,0.0,0.0,0.0,0.0,0.0,0.0,0.0,0.0,0.0,0.0,0.0,0.0,0.0,0.0,0.0,0.0,0.0,0.0,0.0,0.0,0.0,0.0,0.0,0.0,0.0,315.6,39.2,208.2,190.2,0.0,185.8,0.0,13.2,0.0,0.0,190.2,190.2,190.2,0.0,0.0,0.0,0.0,0.0,0.0,0.0,0.0,0.0,0.0,0.0,0.0,0.0,0.0,0.0,0.9,0.0,0.0,0.0,0.0,0.0,0.0,0.0,0.0,0.0,0.0,0.0,0.0,0.0,0.0,0.0,0.0,0.0,0.0,0.0,0.0
1.0,7.0,1.0,78.0,407.0,473.0,1.0,1.0,1.0,1.0,8.0,1.0,7.0,1.0,0.0,0.0,0.0,0.0,0.0,0.0,8.0,0.0,0.0,0.0,0.0,0.0,0.0,0.0,0.0,0.0,0.0,0.0,0.0,0.0,780.0,78.0,366.0,299.0,21.0,473.0,0.0,41.0,0.0,0.0,236.0,245.0,227.0,0.0,18.0,0.0,0.0,0.0,0.0,0.0,2.0,2.0,2.0,0.0,0.0,0.0,0.0,0.0,1.29,9.0,9.0,9.0,8.0,84.0,65.0,155.0,122.0,277.0,149.0,1171.0,74.0,12038.0,0.0,0.0,7.0,4.0,14.0,10.0,0.0
3.0,16.81,0.0,59.29,221.62,31.81,3.0,3.0,3.9,1.0,19.76,3.0,16.81,0.0,0.0,0.0,0.0,0.0,0.0,0.0,11.9,0.0,0.0,0.0,0.0,0.0,0.0,0.0,0.0,0.0,0.0,0.0,0.0,0.0,311.71,59.29,211.33,67.57,141.1,31.81,0.0,10.29,0.0,0.0,114.71,151.33,55.0,0.0,96.33,0.0,0.0,0.0,0.0,0.0,8.0,8.0,10.0,0.0,0.0,0.0,0.0,0.0,0.15,36.62,36.62,41.62,14.9,161.05,228.86,591.38,448.71,1040.1,389.9,5620.05,148.24,99958.19,1.0,1.0,69.19,30.19,14.71,5.9,0.0
0.91,17.41,7.74,19.65,120.47,107.59,3.5,3.24,3.56,1.65,25.88,0.91,17.41,7.74,0.0,0.0,0.0,0.0,0.0,0.0,5.09,0.0,0.0,0.0,0.0,0.0,0.0,0.0,0.0,0.0,0.0,0.0,0.0,0.0,247.21,19.65,112.44,14.06,76.62,107.59,0.0,8.03,0.0,0.0,62.65,85.74,12.79,0.47,72.47,0.0,0.0,0.0,0.0,0.0,5.85,5.85,5.94,0.0,0.0,0.0,0.0,0.0,1.5,23.0,19.65,23.32,12.29,85.03,127.59,383.91,292.53,676.44,212.62,3925.74,90.24,107499.03,0.11,0.31,63.31,12.17,12.75,6.0,1.0
1.5,25.05,8.16,43.66,331.24,188.95,5.24,4.47,5.82,2.24,34.76,1.5,25.05,8.16,0.0,0.0,0.0,0.0,0.0,0.0,12.92,0.0,0.0,0.0,0.0,0.0,0.0,0.0,0.0,0.0,0.0,0.0,0.0,0.0,561.24,43.66,317.42,42.13,228.76,188.95,0.0,13.82,0.0,0.0,180.24,245.84,38.13,2.68,205.03,0.0,0.0,0.0,0.0,0.0,13.05,13.05,17.79,0.0,0.0,0.0,0.0,0.0,0.63,66.08,58.0,75.5,34.45,229.71,359.39,1134.0,862.95,1996.95,589.11,11842.92,255.42,364143.39,0.1,0.28,167.43,34.62,25.02,11.62,1.0
5.32,29.61,6.03,270.39,1280.76,445.18,6.0,5.89,7.74,2.95,40.42,5.32,29.29,6.03,0.0,0.0,0.0,0.0,0.0,0.0,40.45,0.0,0.0,0.0,0.0,0.0,0.0,0.0,0.0,0.0,0.0,0.0,0.0,0.0,1977.18,266.71,1223.03,247.68,897.26,435.61,33.11,38.79,0.0,0.0,684.63,900.24,194.95,27.16,678.13,0.0,0.0,0.0,0.0,0.0,31.13,31.13,40.76,0.0,0.0,0.0,0.0,0.0,0.37,249.92,240.58,309.53,130.47,721.34,1228.45,3944.11,2874.87,6818.97,1949.79,42494.42,749.58,1738867.37,2.1,4.4,291.05,89.47,156.6,29.38,1.0
2.97,20.11,3.03,290.05,1522.0,435.58,4.45,4.0,4.61,2.0,25.71,2.97,18.79,2.74,0.0,0.0,0.0,0.0,0.0,0.0,59.92,0.0,0.0,0.0,0.0,0.0,0.0,0.0,0.0,0.0,0.0,0.0,0.0,0.0,2227.58,286.89,1350.92,359.89,860.71,419.71,84.74,113.76,0.0,0.0,777.87,1093.45,354.03,7.0,732.42,0.0,0.0,0.0,0.0,0.0,45.0,35.0,46.0,0.0,0.0,0.0,0.0,0.0,0.31,263.29,233.34,285.89,142.34,969.55,1316.37,3947.05,2897.89,6844.95,2285.92,39197.18,1005.53,1234822.26,0.0,0.38,339.4,126.62,104.28,38.8,1.0
