0.0,0.0,0.0,7.0,31.14,31.0,0.0,0.0,0.0,0.0,0.0,0.0,0.0,0.0,0.0,0.0,0.0,0.0,0.0,0.0,0.0,0.0,0.0,0.0,0.0,0.0,0.0,0.0,0.0,0.0,0.0,0.0,0.0,0.0,69.14,6.0,17.0,16.0,0.0,31.0,6.24,8.9,0.0,0.0,16.0,16.0,16.0,0.0,0.0,0.0,0.0,0.0,0.0,0.0,0.0,0.0,0.0,0.0,0.0,0.0,0.0,0.0,1.82,0.0,0.0,0.0,0.0,0.0,0.0,0.0,0.0,0.0,0.0,0.0,0.0,0.0,0.0,0.0,0.0,0.0,0.0,0.0,0.0
6.0,35.24,3.0,384.71,1951.37,482.55,7.26,6.87,7.34,3.26,44.13,6.0,35.24,3.0,0.0,0.0,0.0,0.0,0.0,0.0,52.66,0.0,0.0,0.0,0.0,0.0,0.0,0.0,0.0,0.0,0.0,0.0,0.0,0.0,2737.42,384.71,1925.08,263.18,1439.0,482.55,1.89,24.66,0.0,0.0,1209.18,1521.32,221.37,0.0,1299.95,0.0,0.0,0.0,0.0,0.0,54.0,46.53,54.26,0.0,0.0,0.0,0.0,0.0,0.26,388.84,362.18,402.16,187.74,911.84,1930.16,6112.66,4895.89,11008.55,2842.0,69306.61,1060.37,2670582.32,0.25,2.25,647.88,189.68,348.32,104.47,0.0
1.0,17.0,1.26,171.58,1131.21,121.66,3.74,3.21,3.74,1.0,18.89,1.0,13.47,1.26,0.0,0.0,0.0,0.0,0.0,0.0,14.58,0.0,0.0,0.0,0.0,0.0,0.0,0.0,0.0,0.0,0.0,0.0,0.0,0.0,1359.97,39.95,207.45,45.16,130.08,43.45,1034.29,51.42,0.0,0.0,108.21,155.11,35.0,0.0,120.11,0.0,0.0,0.0,0.0,0.0,15.74,15.47,16.26,0.0,0.0,0.0,0.0,0.0,0.22,51.37,46.68,51.89,16.79,211.68,252.16,779.92,563.87,1343.79,463.84,7373.0,225.11,224380.74,0.0,0.0,50.9,14.7,0.0,0.0,0.0
0.0,0.0,0.0,194.2,970.8,727.5,0.0,0.0,0.0,0.0,0.0,0.0,0.0,0.0,0.0,0.0,0.0,0.0,0.0,0.0,0.0,0.0,0.0,0.0,0.0,0.0,0.0,0.0,0.0,0.0,0.0,0.0,0.0,0.0,1421.2,194.2,677.1,677.1,0.0,727.5,0.0,293.7,0.0,0.0,518.2,518.2,518.2,0.0,0.0,0.0,0.0,0.0,0.0,0.0,0.0,0.0,0.0,0.0,0.0,0.0,0.0,0.0,1.07,0.0,0.0,0.0,0.0,0.0,0.0,0.0,0.0,0.0,0.0,0.0,0.0,0.0,0.0,0.0,0.0,0.0,0.0,0.0,0.0
0.0,0.0,0.0,10.0,77.4,38.0,0.0,0.0,0.0,0.0,0.0,0.0,0.0,0.0,0.0,0.0,0.0,0.0,0.0,0.0,0.0,0.0,0.0,0.0,0.0,0.0,0.0,0.0,0.0,0.0,0.0,0.0,0.0,0.0,112.4,10.0,42.8,40.8,0.0,38.0,0.0,34.6,0.0,0.0,36.8,36.8,36.8,0.0,0.0,0.0,0.0,0.0,0.0,0.0,0.0,0.0,0.0,0.0,0.0,0.0,0.0,0.0,0.88,0.0,0.0,0.0,0.0,0.0,0.0,0.0,0.0,0.0,0.0,0.0,0.0,0.0,0.0,0.0,0.0,0.0,0.0,0.0,0.0
0.33,2.33,0.0,7.67,35.0,12.0,0.67,0.67,0.67,0.33,2.33,0.33,2.33,0.0,0.0,0.0,0.0,0.0,0.0,0.0,0.67,0.0,0.0,0.0,0.0,0.0,0.0,0.0,0.0,0.0,0.0,0.0,0.0,0.0,54.67,7.67,23.33,18.67,2.0,12.0,0.0,11.67,0.0,0.0,18.67,19.67,18.0,0.0,1.67,0.0,0.0,0.0,0.0,0.0,1.0,1.0,1.0,0.0,0.0,0.0,0.0,0.0,0.55,1.33,1.33,1.33,0.67,9.33,7.33,17.67,11.0,28.67,16.67,136.67,6.33,1548.0,0.0,0.0,0.67,0.67,0.67,0.33,0.0
0.0,6.0,0.0,9.0,34.0,25.0,1.0,1.0,1.0,1.0,6.0,0.0,6.0,0.0,0.0,0.0,0.0,0.0,0.0,0.0,4.0,0.0,0.0,0.0,0.0,0.0,0.0,0.0,0.0,0.0,0.0,0.0,0.0,0.0,68.0,9.0,31.0,13.0,9.0,25.0,0.0,3.0,0.0,0.0,13.0,17.0,8.0,0.0,9.0,0.0,0.0,0.0,0.0,0.0,2.0,2.0,2.0,0.0,0.0,0.0,0.0,0.0,0.81,5.0,5.0,5.0,4.0,30.0,24.0,47.0,39.0,86.0,54.0,333.0,22.0,2222.0,0.0,0.0,5.0,2.0,3.0,1.0,0.0
2.0,10.0,0.0,7.0,29.0,14.0,3.0,3.0,3.0,2.0,12.0,2.0,10.0,0.0,0.0,0.0,0.0,0.0,0.0,0.0,2.0,0.0,0.0,0.0,0.0,0.0,0.0,0.0,0.0,0.0,0.0,0.0,0.0,0.0,50.0,7.0,22.0,7.24,12.0,14.0,0.0,7.0,0.0,0.0,9.0,14.0,7.0,0.0,7.0,0.0,0.0,0.0,0.0,0.0,3.0,3.0,3.0,0.0,0.0,0.0,0.0,0.0,0.64,5.0,5.0,5.0,4.0,24.18,27.18,62.18,46.18,108.35,51.35,508.24,19.59,5119.53,0.0,0.0,8.71,6.0,0.0,0.0,0.0
2.0,10.75,0.0,20.62,77.0,30.0,2.0,2.0,2.0,1.0,12.75,2.0,10.75,0.0,0.0,0.0,0.0,0.0,0.0,0.0,4.88,0.0,0.0,0.0,0.0,0.0,0.0,0.0,0.0,0.0,0.0,0.0,0.0,0.0,127.62,20.62,73.0,27.5,44.38,30.0,0.0,4.0,0.0,0.0,40.0,52.38,19.62,0.0,32.75,0.0,0.0,0.0,0.0,0.0,4.0,4.0,4.0,0.0,0.0,0.0,0.0,0.0,0.42,11.5,10.62,11.5,7.88,54.5,49.12,125.0,79.38,204.38,103.62,923.62,44.25,11009.88,0.0,0.0,0.0,0.0,0.0,0.0,0.0
12.93,38.45,7.03,860.17,2345.0,979.28,6.76,6.03,7.03,2.07,58.28,12.93,38.45,7.03,0.0,0.0,0.0,0.0,0.0,0.0,55.38,0.0,0.0,0.0,0.0,0.0,0.0,0.0,0.0,0.0,0.0,0.0,0.0,0.0,4166.14,860.17,2343.79,549.55,1534.79,979.28,0.0,1.21,0.0,0.0,1458.0,1815.62,352.9,96.86,1365.86,0.0,0.0,0.0,0.0,0.0,46.17,35.17,49.17,0.0,0.0,0.0,0.0,0.0,0.42,363.17,348.76,406.59,163.28,914.21,2005.52,6313.79,5015.1,11328.9,2919.72,70646.17,1055.21,2419591.07,3.68,9.87,741.94,187.58,344.29,89.97,0.0
1.46,11.86,0.0,352.36,1917.21,705.71,4.0,3.43,4.86,1.39,13.82,1.46,11.86,0.0,0.0,0.0,0.0,0.0,0.0,0.0,126.07,0.0,0.0,0.0,0.0,0.0,0.0,0.0,0.0,0.0,0.0,0.0,0.0,0.0,2972.25,352.36,1712.79,626.82,1214.71,705.71,0.0,204.43,0.0,0.0,1257.64,1714.14,577.54,10.86,1125.75,0.0,0.0,0.0,0.0,0.0,54.43,18.32,63.89,0.0,0.0,0.0,0.0,0.0,0.35,498.36,429.5,631.43,245.96,1122.43,1991.54,5147.36,3826.36,8973.71,3113.96,50733.29,991.46,1314879.25,0.0,0.0,629.07,341.29,200.54,81.0,0.0
0.0,6.45,0.0,9.0,39.89,4.0,2.0,2.0,2.0,1.0,6.45,0.0,6.45,0.0,0.0,0.0,0.0,0.0,0.0,0.0,1.55,0.0,0.0,0.0,0.0,0.0,0.0,0.0,0.0,0.0,0.0,0.0,0.0,0.0,52.89,9.0,34.45,25.45,27.0,4.0,0.0,5.45,0.0,0.0,8.0,13.68,9.13,0.0,4.55,0.0,0.0,0.0,0.0,0.0,2.0,2.0,2.0,0.0,0.0,0.0,0.0,0.0,0.11,2.55,2.55,2.55,1.55,12.71,9.16,18.82,10.16,28.97,21.87,113.82,6.61,580.63,0.0,0.0,0.0,0.0,0.0,0.0,0.0
2.0,18.29,0.57,184.5,936.71,301.43,4.29,3.29,4.71,1.0,20.29,2.0,17.43,0.57,0.0,0.0,0.0,0.0,0.0,0.0,38.5,0.0,0.0,0.0,0.0,0.0,0.0,0.0,0.0,0.0,0.0,0.0,0.0,0.0,1401.64,172.5,701.43,184.5,459.71,293.57,90.36,177.29,0.0,0.0,394.93,543.93,132.71,1.0,410.21,0.0,0.0,0.0,0.0,0.0,33.0,10.0,37.0,0.0,0.0,0.0,0.0,0.0,0.4,148.79,116.29,165.93,65.07,579.36,658.14,2064.07,1464.64,3528.71,1237.5,18856.64,654.14,472841.57,1.0,1.5,113.62,47.81,58.75,32.12,0.0
0.0,0.0,0.0,523.0,1571.9,388.0,0.0,0.0,0.0,0.0,0.0,0.0,0.0,0.0,0.0,0.0,0.0,0.0,0.0,0.0,0.0,0.0,0.0,0.0,0.0,0.0,0.0,0.0,0.0,0.0,0.0,0.0,0.0,0.0,2398.9,523.0,0.0,0.0,0.0,388.0,0.0,1571.9,0.0,0.0,0.0,0.0,0.0,0.0,0.0,0.0,0.0,0.0,0.0,0.0,0.0,0.0,0.0,0.0,0.0,0.0,0.0,0.0,0.0,0.0,0.0,0.0,0.0,0.0,0.0,0.0,0.0,0.0,0.0,0.0,0.0,0.0,0.0,0.0,0.0,0.0,0.0,0.0,0.0
4.0,20.29,2.0,109.11,451.24,117.45,4.0,4.0,4.0,1.0,26.03,4.0,20.29,2.0,0.0,0.0,0.0,0.0,0.0,0.0,18.0,0.0,0.0,0.0,0.0,0.0,0.0,0.0,0.0,0.0,0.0,0.0,0.0,0.0,674.79,109.11,419.37,126.53,298.05,117.45,0.0,31.87,0.0,0.0,242.32,299.32,81.26,0.0,218.05,0.0,0.0,0.0,0.0,0.0,11.0,11.0,11.0,0.0,0.0,0.0,0.0,0.0,0.28,63.0,63.0,69.0,34.0,298.29,415.66,1286.47,957.58,2244.05,713.95,13098.37,333.24,445151.53,0.0,0.0,81.95,35.1,29.4,4.3,0.0
3.0,22.0,0.0,41.0,226.0,17.0,4.0,2.0,4.0,1.0,25.0,3.0,22.0,0.0,0.0,0.0,0.0,0.0,0.0,0.0,10.0,0.0,0.0,0.0,0.0,0.0,0.0,0.0,0.0,0.0,0.0,0.0,0.0,0.0,284.0,41.0,221.0,39.0,173.0,17.0,0.0,5.0,0.0,0.0,128.0,170.0,28.0,0.0,142.0,0.0,0.0,0.0,0.0,0.0,17.0,3.0,17.0,0.0,0.0,0.0,0.0,0.0,0.08,38.0,16.0,38.0,16.0,193.0,271.0,803.0,566.0,1369.0,464.0,7840.0,190.0,179629.0,0.0,0.0,88.0,17.0,0.0,0.0,0.0
0.0,0.0,0.0,3.0,14.6,3.0,0.0,0.0,0.0,0.0,0.0,0.0,0.0,0.0,0.0,0.0,0.0,0.0,0.0,0.0,0.0,0.0,0.0,0.0,0.0,0.0,0.0,0.0,0.0,0.0,0.0,0.0,0.0,0.0,20.6,3.0,13.6,13.6,0.0,3.0,0.0,1.0,0.0,0.0,11.6,11.6,11.6,0.0,0.0,0.0,0.0,0.0,0.0,0.0,0.0,0.0,0.0,0.0,0.0,0.0,0.0,0.0,0.22,0.0,0.0,0.0,0.0,0.0,0.0,0.0,0.0,0.0,0.0,0.0,0.0,0.0,0.0,0.0,0.0,0.0,0.0,0.0,0.0
0.0,0.0,0.0,26.42,77.82,33.0,0.0,0.0,0.0,0.0,0.0,0.0,0.0,0.0,0.0,0.0,0.0,0.0,0.0,0.0,0.0,0.0,0.0,0.0,0.0,0.0,0.0,0.0,0.0,0.0,0.0,0.0,0.0,0.0,134.24,22.0,6.58,6.58,0.0,32.0,24.66,71.24,0.0,0.0,6.58,6.58,6.58,0.0,0.0,0.0,0.0,0.0,0.0,0.0,0.0,0.0,0.0,0.0,0.0,0.0,0.0,0.0,4.95,0.0,0.0,0.0,0.0,0.0,0.0,0.0,0.0,0.0,0.0,0.0,0.0,0.0,0.0,0.0,0.0,0.0,0.0,0.0,0.0
0.0,0.0,0.0,10.61,36.26,17.87,0.0,0.0,0.0,0.0,0.0,0.0,0.0,0.0,0.0,0.0,0.0,0.0,0.0,0.0,0.0,0.0,0.0,0.0,0.0,0.0,0.0,0.0,0.0,0.0,0.0,0.0,0.0,0.0,59.87,10.61,20.53,20.39,0.0,17.87,0.0,15.74,0.0,0.0,19.53,19.53,19.53,0.0,0.0,0.0,0.0,0.0,0.0,0.0,0.0,0.0,0.0,0.0,0.0,0.0,0.0,0.0,0.88,0.0,0.0,0.0,0.0,0.0,0.0,0.0,0.0,0.0,0.0,0.0,0.0,0.0,0.0,0.0,0.0,0.0,0.0,0.0,0.0
7.03,42.74,8.39,249.0,1251.18,342.47,8.71,7.71,10.03,5.03,56.74,6.39,33.82,7.32,0.0,0.0,0.0,0.0,0.0,0.0,23.87,0.0,0.0,0.0,0.0,0.0,0.0,0.0,0.0,0.0,0.0,0.0,0.0,0.0,1796.03,210.58,852.61,212.76,611.34,259.47,412.89,107.11,0.0,0.0,646.18,850.47,161.5,43.58,645.39,0.0,0.0,0.0,0.0,0.0,32.89,32.89,37.89,0.0,0.0,0.0,0.0,0.0,0.3,206.76,181.76,242.18,136.61,480.11,921.21,3312.18,2549.55,5861.74,1401.32,38342.24,599.55,1932071.29,1.0,6.0,283.52,67.2,134.35,56.9,0.0
0.0,0.0,0.0,21.0,254.67,30.0,0.0,0.0,0.0,0.0,0.0,0.0,0.0,0.0,0.0,0.0,0.0,0.0,0.0,0.0,0.0,0.0,0.0,0.0,0.0,0.0,0.0,0.0,0.0,0.0,0.0,0.0,0.0,0.0,304.67,21.0,25.0,25.0,0.0,30.0,0.0,229.67,0.0,0.0,1.0,1.0,1.0,0.0,0.0,0.0,0.0,0.0,0.0,0.0,0.0,0.0,0.0,0.0,0.0,0.0,0.0,0.0,1.2,0.0,0.0,0.0,0.0,0.0,0.0,0.0,0.0,0.0,0.0,0.0,0.0,0.0,0.0,0.0,0.0,0.0,0.0,0.0,0.0
4.0,22.0,3.0,114.0,545.6,98.2,4.0,3.4,4.0,1.0,28.0,4.0,22.0,3.0,0.0,0.0,0.0,0.0,0.0,0.0,22.0,0.0,0.0,0.0,0.0,0.0,0.0,0.0,0.0,0.0,0.0,0.0,0.0,0.0,757.8,114.0,537.6,162.0,331.6,98.2,0.0,8.0,0.0,0.0,275.8,359.2,77.0,0.0,282.2,0.0,0.0,0.0,0.0,0.0,7.0,7.0,7.0,0.0,0.0,0.0,0.0,0.0,0.18,85.4,70.4,85.4,37.0,331.2,543.4,1410.8,1075.2,2486.0,874.6,13808.0,312.8,252516.2,0.0,0.0,263.0,77.0,40.0,20.0,0.0
4.0,24.2,2.2,198.8,927.6,215.6,7.0,5.0,7.0,1.0,30.6,4.0,24.2,2.0,0.0,0.0,0.0,0.0,0.0,0.0,36.0,0.0,0.0,0.0,0.0,0.0,0.0,0.0,0.0,0.0,0.0,0.0,0.0,0.0,1324.0,197.8,910.6,186.8,625.0,212.6,16.0,5.0,0.0,0.0,676.4,861.8,107.2,2.0,752.6,0.0,0.0,0.0,0.0,0.0,24.4,20.0,26.4,0.0,0.0,0.0,0.0,0.0,0.24,246.6,190.6,254.6,62.0,473.4,872.6,2629.0,2036.6,4665.6,1346.0,26298.8,500.8,598940.0,0.0,0.0,470.0,132.0,154.2,34.2,0.0
4.0,30.37,5.0,30.05,176.26,114.0,12.0,12.0,12.0,1.0,39.05,4.0,28.37,5.0,0.0,0.0,0.0,0.0,0.0,0.0,5.0,0.0,0.0,0.0,0.0,0.0,0.0,0.0,0.0,0.0,0.0,0.0,0.0,0.0,318.32,30.05,152.26,35.05,106.21,114.0,12.0,16.0,0.0,0.0,180.84,222.21,27.74,34.0,160.47,0.0,0.0,0.0,0.0,0.0,24.37,24.37,24.37,0.0,0.0,0.0,0.0,0.0,0.75,59.37,59.37,60.37,6.37,106.42,114.26,511.68,424.37,936.05,220.68,5343.16,186.37,267967.68,0.0,0.0,68.95,9.0,1.0,1.0,0.0
7.63,45.97,19.47,303.16,1454.42,1171.97,8.0,7.0,9.39,3.0,72.18,6.97,36.34,17.39,0.0,0.0,0.0,0.0,0.0,0.0,28.13,0.0,0.0,0.0,0.0,0.0,0.0,0.0,0.0,0.0,0.0,0.0,0.0,0.0,2898.97,272.16,1039.95,144.71,811.45,1073.97,410.0,144.47,0.0,0.0,694.32,906.45,123.5,19.47,763.47,0.0,0.0,0.0,0.0,0.0,43.84,28.84,56.26,0.0,0.0,0.0,0.0,0.0,1.03,230.13,200.13,262.79,88.84,573.08,1171.71,4660.18,3437.53,8097.71,1744.79,54295.32,739.61,3146968.5,0.0,0.0,343.2,66.62,99.8,33.02,0.0
0.0,0.0,0.0,4.0,12.0,15.0,0.0,0.0,0.0,0.0,0.0,0.0,0.0,0.0,0.0,0.0,0.0,0.0,0.0,0.0,0.0,0.0,0.0,0.0,0.0,0.0,0.0,0.0,0.0,0.0,0.0,0.0,0.0,0.0,30.0,4.0,0.0,0.0,0.0,15.0,2.0,12.0,0.0,0.0,0.0,0.0,0.0,0.0,0.0,0.0,0.0,0.0,0.0,0.0,0.0,0.0,0.0,0.0,0.0,0.0,0.0,0.0,0.0,0.0,0.0,0.0,0.0,0.0,0.0,0.0,0.0,0.0,0.0,0.0,0.0,0.0,0.0,0.0,0.0,0.0,0.0,0.0,0.0
0.0,0.0,0.0,7.0,20.0,22.0,0.0,0.0,0.0,0.0,0.0,0.0,0.0,0.0,0.0,0.0,0.0,0.0,0.0,0.0,0.0,0.0,0.0,0.0,0.0,0.0,0.0,0.0,0.0,0.0,0.0,0.0,0.0,0.0,49.0,7.0,0.0,0.0,0.0,22.0,0.0,20.0,0.0,0.0,0.0,0.0,0.0,0.0,0.0,0.0,0.0,0.0,0.0,0.0,0.0,0.0,0.0,0.0,0.0,0.0,0.0,0.0,0.0,0.0,0.0,0.0,0.0,0.0,0.0,0.0,0.0,0.0,0.0,0.0,0.0,0.0,0.0,0.0,0.0,0.0,0.0,0.0,0.0
0.0,0.0,0.0,6.06,2095.22,27.0,0.0,0.0,0.0,0.0,0.0,0.0,0.0,0.0,0.0,0.0,0.0,0.0,0.0,0.0,0.0,0.0,0.0,0.0,0.0,0.0,0.0,0.0,0.0,0.0,0.0,0.0,0.0,0.0,2128.28,6.06,2094.22,2094.22,2094.22,27.0,0.0,1.0,0.0,0.0,4.0,4.0,4.0,0.0,0.0,0.0,0.0,0.0,0.0,0.0,0.0,0.0,0.0,0.0,0.0,0.0,0.0,0.0,0.01,0.0,0.0,0.0,0.0,0.0,0.0,0.0,0.0,0.0,0.0,0.0,0.0,0.0,0.0,0.0,0.0,0.0,0.0,0.0,0.0
0.0,0.0,0.0,9.0,46.44,24.0,0.0,0.0,0.0,0.0,0.0,0.0,0.0,0.0,0.0,0.0,0.0,0.0,0.0,0.0,0.0,0.0,0.0,0.0,0.0,0.0,0.0,0.0,0.0,0.0,0.0,0.0,0.0,0.0,68.44,9.0,42.44,40.69,0.0,24.0,0.0,4.0,0.0,0.0,33.81,33.81,33.81,0.0,0.0,0.0,0.0,0.0,0.0,0.0,0.0,0.0,0.0,0.0,0.0,0.0,0.0,0.0,0.58,0.0,0.0,0.0,0.0,0.0,0.0,0.0,0.0,0.0,0.0,0.0,0.0,0.0,0.0,0.0,0.0,0.0,0.0,0.0,0.0
2.0,13.0,0.0,127.0,538.6,33.0,3.0,3.0,3.0,1.0,16.0,2.0,13.0,0.0,0.0,0.0,0.0,0.0,0.0,0.0,38.0,0.0,0.0,0.0,0.0,0.0,0.0,0.0,0.0,0.0,0.0,0.0,0.0,0.0,690.6,127.0,524.0,154.0,330.0,33.0,0.0,14.6,0.0,0.0,262.0,367.0,122.0,0.0,245.0,0.0,0.0,0.0,0.0,0.0,13.0,8.0,14.0,0.0,0.0,0.0,0.0,0.0,0.06,108.0,97.0,109.0,65.0,499.0,577.1,1607.0,1127.0,2734.0,1076.1,14032.6,454.9,256435.5,0.0,1.0,125.0,36.0,35.0,18.0,0.0
0.0,0.0,0.0,67.3,341.1,341.3,0.0,0.0,0.0,0.0,0.0,0.0,0.0,0.0,0.0,0.0,0.0,0.0,0.0,0.0,0.0,0.0,0.0,0.0,0.0,0.0,0.0,0.0,0.0,0.0,0.0,0.0,0.0,0.0,534.4,67.3,155.1,155.1,0.0,341.3,3.0,186.0,0.0,0.0,144.0,144.0,144.0,0.0,0.0,0.0,0.0,0.0,0.0,0.0,0.0,0.0,0.0,0.0,0.0,0.0,0.0,0.0,2.2,0.0,0.0,0.0,0.0,0.0,0.0,0.0,0.0,0.0,0.0,0.0,0.0,0.0,0.0,0.0,0.0,0.0,0.0,0.0,0.0
2.0,18.0,2.0,67.0,344.5,110.0,3.0,3.0,4.0,1.0,22.0,2.0,18.0,2.0,0.0,0.0,0.0,0.0,0.0,0.0,18.0,0.0,0.0,0.0,0.0,0.0,0.0,0.0,0.0,0.0,0.0,0.0,0.0,0.0,515.5,67.0,319.0,80.0,199.0,110.0,0.0,25.5,0.0,0.0,167.0,219.0,58.0,0.0,161.0,0.0,0.0,0.0,0.0,0.0,14.0,14.0,17.0,0.0,0.0,0.0,0.0,0.0,0.34,57.0,57.0,68.0,34.0,264.0,352.0,1004.0,860.0,1864.0,616.0,10690.0,280.0,353427.0,0.0,0.0,102.0,41.0,26.0,11.0,0.0
3.55,22.24,5.82,211.42,1048.37,696.74,4.87,3.79,5.79,2.39,31.55,3.55,22.24,5.82,0.0,0.0,0.0,0.0,0.0,0.0,44.16,0.0,0.0,0.0,0.0,0.0,0.0,0.0,0.0,0.0,0.0,0.0,0.0,0.0,1949.74,208.42,988.32,138.89,621.97,691.74,42.84,25.42,0.0,0.0,494.37,721.92,117.92,65.47,538.53,0.0,0.0,0.0,0.0,0.0,30.74,13.08,34.37,0.0,0.0,0.0,0.0,0.0,0.71,225.24,173.92,256.87,127.82,700.68,1046.21,2873.32,2099.16,4972.47,1746.89,27696.74,683.53,573141.68,0.53,0.5,288.68,92.97,87.53,23.7,0.0
0.0,0.0,0.0,28.0,102.0,81.0,0.0,0.0,0.0,0.0,0.0,0.0,0.0,0.0,0.0,0.0,0.0,0.0,0.0,0.0,0.0,0.0,0.0,0.0,0.0,0.0,0.0,0.0,0.0,0.0,0.0,0.0,0.0,0.0,184.0,28.0,78.0,76.0,0.0,81.0,0.0,24.0,0.0,0.0,25.0,25.0,25.0,0.0,0.0,0.0,0.0,0.0,0.0,0.0,0.0,0.0,0.0,0.0,0.0,0.0,0.0,0.0,1.04,0.0,0.0,0.0,0.0,0.0,0.0,0.0,0.0,0.0,0.0,0.0,0.0,0.0,0.0,0.0,0.0,0.0,0.0,0.0,0.0
0.0,0.0,0.0,9.0,30.0,10.0,0.0,0.0,0.0,0.0,0.0,0.0,0.0,0.0,0.0,0.0,0.0,0.0,0.0,0.0,0.0,0.0,0.0,0.0,0.0,0.0,0.0,0.0,0.0,0.0,0.0,0.0,0.0,0.0,48.0,9.0,8.0,8.0,0.0,10.0,0.0,22.0,0.0,0.0,8.0,8.0,8.0,0.0,0.0,0.0,0.0,0.0,0.0,0.0,0.0,0.0,0.0,0.0,0.0,0.0,0.0,0.0,1.25,0.0,0.0,0.0,0.0,0.0,0.0,0.0,0.0,0.0,0.0,0.0,0.0,0.0,0.0,0.0,0.0,0.0,0.0,0.0,0.0
6.61,40.94,2.67,367.89,2026.92,603.97,9.53,9.39,10.92,1.0,49.92,6.61,40.31,2.67,0.0,0.0,0.0,0.0,0.0,0.0,48.03,0.0,0.0,0.0,0.0,0.0,0.0,0.0,0.0,0.0,0.0,0.0,0.0,0.0,2991.08,360.31,1942.86,314.86,1336.78,589.81,95.08,10.72,0.0,0.0,1243.94,1532.22,235.44,10.14,1286.64,0.0,0.0,0.0,0.0,0.0,54.75,54.75,67.39,0.0,0.0,0.0,0.0,0.0,0.33,473.19,462.69,530.17,73.69,865.89,2432.08,6729.86,6017.08,12746.94,3297.97,80330.42,1017.89,2205860.06,0.03,0.0,557.89,154.05,736.24,126.05,0.0
0.0,0.0,0.0,33.0,144.0,181.0,0.0,0.0,0.0,0.0,0.0,0.0,0.0,0.0,0.0,0.0,0.0,0.0,0.0,0.0,0.0,0.0,0.0,0.0,0.0,0.0,0.0,0.0,0.0,0.0,0.0,0.0,0.0,0.0,301.0,33.0,136.0,122.0,0.0,181.0,0.0,8.0,0.0,0.0,88.0,88.0,88.0,0.0,0.0,0.0,0.0,0.0,0.0,0.0,0.0,0.0,0.0,0.0,0.0,0.0,0.0,0.0,1.33,0.0,0.0,0.0,0.0,0.0,0.0,0.0,0.0,0.0,0.0,0.0,0.0,0.0,0.0,0.0,0.0,0.0,0.0,0.0,0.0
0.0,0.0,0.0,106.39,980.0,291.24,0.0,0.0,0.0,0.0,0.0,0.0,0.0,0.0,0.0,0.0,0.0,0.0,0.0,0.0,0.0,0.0,0.0,0.0,0.0,0.0,0.0,0.0,0.0,0.0,0.0,0.0,0.0,0.0,1280.66,106.34,626.16,626.16,0.0,291.24,10.55,351.89,0.0,0.0,567.16,567.16,567.16,0.0,0.0,0.0,0.0,0.0,0.0,0.0,0.0,0.0,0.0,0.0,0.0,0.0,0.0,0.0,0.46,0.0,0.0,0.0,0.0,0.0,0.0,0.0,0.0,0.0,0.0,0.0,0.0,0.0,0.0,0.0,0.0,0.0,0.0,0.0,0.0
2.0,9.0,0.0,28.0,84.0,59.0,2.0,2.0,2.0,1.0,11.0,2.0,9.0,0.0,0.0,0.0,0.0,0.0,0.0,0.0,8.0,0.0,0.0,0.0,0.0,0.0,0.0,0.0,0.0,0.0,0.0,0.0,0.0,0.0,171.0,28.0,79.0,27.0,36.0,59.0,0.0,5.0,0.0,0.0,54.0,71.0,27.0,1.0,43.0,0.0,0.0,0.0,0.0,0.0,4.0,4.0,4.0,0.0,0.0,0.0,0.0,0.0,0.75,18.0,18.0,19.0,8.0,101.0,81.0,234.0,176.0,410.0,182.0,1941.0,105.0,35323.0,0.0,0.0,19.0,13.0,16.0,9.0,0.0
0.0,0.0,0.0,1.0,16.0,19.0,0.0,0.0,0.0,0.0,0.0,0.0,0.0,0.0,0.0,0.0,0.0,0.0,0.0,0.0,0.0,0.0,0.0,0.0,0.0,0.0,0.0,0.0,0.0,0.0,0.0,0.0,0.0,0.0,36.0,1.0,0.0,0.0,0.0,19.0,0.0,16.0,0.0,0.0,0.0,0.0,0.0,0.0,0.0,0.0,0.0,0.0,0.0,0.0,0.0,0.0,0.0,0.0,0.0,0.0,0.0,0.0,0.0,0.0,0.0,0.0,0.0,0.0,0.0,0.0,0.0,0.0,0.0,0.0,0.0,0.0,0.0,0.0,0.0,0.0,0.0,0.0,0.0
3.0,25.0,1.0,5.0,29.0,2.0,5.0,5.0,5.0,1.0,29.0,3.0,25.0,1.0,0.0,0.0,0.0,0.0,0.0,0.0,1.0,0.0,0.0,0.0,0.0,0.0,0.0,0.0,0.0,0.0,0.0,0.0,0.0,0.0,36.0,5.0,26.0,4.0,20.0,2.0,0.0,3.0,0.0,0.0,10.0,15.0,3.0,0.0,12.0,0.0,0.0,0.0,0.0,0.0,5.0,5.0,5.0,0.0,0.0,0.0,0.0,0.0,0.08,5.0,5.0,5.0,1.0,16.0,35.0,81.0,66.0,147.0,51.0,833.0,15.0,12495.0,0.0,0.0,16.0,6.0,6.0,1.0,0.0
4.0,33.2,1.0,302.3,2018.6,480.3,5.2,5.0,6.2,3.3,38.1,4.0,33.0,1.0,0.0,0.0,0.0,0.0,0.0,0.0,52.4,0.0,0.0,0.0,0.0,0.0,0.0,0.0,0.0,0.0,0.0,0.0,0.0,0.0,2794.8,283.5,1805.3,417.1,1208.2,451.5,232.9,28.0,0.0,0.0,889.6,1170.4,263.2,30.5,876.7,0.0,0.0,0.0,0.0,0.0,46.8,42.8,60.8,0.0,0.0,0.0,0.0,0.0,0.25,279.2,260.5,330.1,207.1,881.9,1828.3,5309.8,4184.7,9494.5,2710.2,61095.7,875.6,2325172.4,0.0,1.4,414.1,115.5,93.5,37.3,0.0
0.0,0.0,0.0,5.8,54.0,53.6,0.0,0.0,0.0,0.0,0.0,0.0,0.0,0.0,0.0,0.0,0.0,0.0,0.0,0.0,0.0,0.0,0.0,0.0,0.0,0.0,0.0,0.0,0.0,0.0,0.0,0.0,0.0,0.0,91.2,5.8,47.0,45.4,0.0,53.6,0.0,7.0,0.0,0.0,43.4,43.4,43.4,0.0,0.0,0.0,0.0,0.0,0.0,0.0,0.0,0.0,0.0,0.0,0.0,0.0,0.0,0.0,1.14,0.0,0.0,0.0,0.0,0.0,0.0,0.0,0.0,0.0,0.0,0.0,0.0,0.0,0.0,0.0,0.0,0.0,0.0,0.0,0.0
0.0,1.91,0.0,16.45,90.27,99.64,0.45,0.45,0.45,0.45,1.91,0.0,1.91,0.0,0.0,0.0,0.0,0.0,0.0,0.0,1.64,0.0,0.0,0.0,0.0,0.0,0.0,0.0,0.0,0.0,0.0,0.0,0.0,0.0,201.73,16.45,74.36,66.73,2.36,99.64,0.0,15.91,0.0,0.0,57.64,59.27,57.18,0.0,2.09,0.0,0.0,0.0,0.0,0.0,0.55,0.55,0.64,0.0,0.0,0.0,0.0,0.0,1.4,1.82,1.82,2.18,1.64,18.27,9.73,23.45,12.64,36.09,28.0,148.0,11.18,1086.45,0.0,0.0,0.91,0.73,0.0,0.0,0.0
4.0,24.0,3.0,143.82,767.55,270.45,5.82,5.0,5.82,3.0,30.82,4.0,24.0,3.0,0.0,0.0,0.0,0.0,0.0,0.0,30.0,0.0,0.0,0.0,0.0,0.0,0.0,0.0,0.0,0.0,0.0,0.0,0.0,0.0,1180.82,143.82,744.09,198.18,484.91,270.45,0.09,23.45,0.0,0.0,432.73,578.09,122.73,25.45,429.91,0.0,0.0,0.0,0.0,0.0,28.64,19.64,29.64,0.0,0.0,0.0,0.0,0.0,0.37,168.09,159.09,175.73,93.0,461.45,756.18,2297.55,1706.55,4004.09,1217.64,22976.0,475.73,557413.64,0.0,1.0,334.82,111.55,57.09,23.0,0.0
3.0,26.0,0.0,223.0,1320.67,65.0,6.0,5.0,6.0,2.0,30.0,3.0,26.0,0.0,0.0,0.0,0.0,0.0,0.0,0.0,45.0,0.0,0.0,0.0,0.0,0.0,0.0,0.0,0.0,0.0,0.0,0.0,0.0,0.0,1606.67,223.0,1296.67,357.33,910.67,65.0,0.0,24.0,0.0,0.0,762.33,961.33,213.0,0.0,748.33,0.0,0.0,0.0,0.0,0.0,20.0,20.0,21.0,0.0,0.0,0.0,0.0,0.0,0.05,248.0,236.0,262.0,90.0,814.0,1607.0,4316.0,3376.0,7692.0,2421.0,46880.0,789.0,1152598.0,0.0,0.0,376.0,136.0,164.33,37.0,0.0
2.92,14.08,0.0,89.0,352.69,63.62,3.15,2.92,3.23,1.0,16.31,2.92,14.08,0.0,0.0,0.0,0.0,0.0,0.0,0.0,21.23,0.0,0.0,0.0,0.0,0.0,0.0,0.0,0.0,0.0,0.0,0.0,0.0,0.0,504.31,89.0,339.69,107.46,222.77,63.62,0.0,13.0,0.0,0.0,174.0,238.69,84.92,0.0,153.77,0.0,0.0,0.0,0.0,0.0,12.31,10.92,16.46,0.0,0.0,0.0,0.0,0.0,0.19,59.77,57.77,68.77,36.0,329.0,370.54,1044.92,771.77,1816.69,699.54,10081.46,308.62,237805.46,0.0,0.0,99.46,27.15,21.85,8.92,0.0
0.0,0.0,0.0,22.0,123.6,78.0,0.0,0.0,0.0,0.0,0.0,0.0,0.0,0.0,0.0,0.0,0.0,0.0,0.0,0.0,0.0,0.0,0.0,0.0,0.0,0.0,0.0,0.0,0.0,0.0,0.0,0.0,0.0,0.0,185.6,22.0,85.0,79.0,0.0,70.0,10.0,28.6,0.0,0.0,44.0,44.0,44.0,0.0,0.0,0.0,0.0,0.0,0.0,0.0,0.0,0.0,0.0,0.0,0.0,0.0,0.0,0.0,0.82,0.0,0.0,0.0,0.0,0.0,0.0,0.0,0.0,0.0,0.0,0.0,0.0,0.0,0.0,0.0,0.0,0.0,0.0,0.0,0.0
0.0,0.0,0.0,8.67,22.33,14.0,0.0,0.0,0.0,0.0,0.0,0.0,0.0,0.0,0.0,0.0,0.0,0.0,0.0,0.0,0.0,0.0,0.0,0.0,0.0,0.0,0.0,0.0,0.0,0.0,0.0,0.0,0.0,0.0,44.0,8.67,6.11,6.11,0.0,14.0,4.0,16.11,0.0,0.0,5.22,5.22,5.22,0.0,0.0,0.0,0.0,0.0,0.0,0.0,0.0,0.0,0.0,0.0,0.0,0.0,0.0,0.0,1.81,0.0,0.0,0.0,0.0,0.0,0.0,0.0,0.0,0.0,0.0,0.0,0.0,0.0,0.0,0.0,0.0,0.0,0.0,0.0,0.0
1.47,9.0,0.53,49.79,206.55,24.84,1.47,1.47,1.47,1.0,11.0,1.47,8.47,0.53,0.0,0.0,0.0,0.0,0.0,0.0,17.58,0.0,0.0,0.0,0.0,0.0,0.0,0.0,0.0,0.0,0.0,0.0,0.0,0.0,280.66,49.79,185.13,63.26,109.79,24.84,1.05,20.37,0.0,0.0,91.82,118.34,39.97,0.0,78.37,0.0,0.0,0.0,0.0,0.0,5.89,5.89,6.42,0.0,0.0,0.0,0.0,0.0,0.13,26.53,26.53,27.05,20.89,205.05,207.92,540.87,376.76,917.63,412.97,4721.11,157.5,72621.0,0.0,0.0,39.5,18.65,27.65,5.0,0.0
2.0,9.0,2.0,24.0,78.0,28.0,2.0,2.0,2.0,1.0,12.0,2.0,9.0,2.0,0.0,0.0,0.0,0.0,0.0,0.0,6.0,0.0,0.0,0.0,0.0,0.0,0.0,0.0,0.0,0.0,0.0,0.0,0.0,0.0,128.0,24.0,71.0,31.0,28.0,28.0,0.0,7.0,0.0,0.0,34.0,45.0,23.0,0.0,22.0,0.0,0.0,0.0,0.0,0.0,6.0,6.0,7.0,0.0,0.0,0.0,0.0,0.0,0.39,13.0,13.0,14.0,9.0,105.0,61.0,207.0,133.0,340.0,166.0,1703.0,110.0,45681.0,0.0,0.0,28.0,9.0,3.0,3.0,0.0
0.0,0.0,0.0,40.0,146.0,85.0,0.0,0.0,0.0,0.0,0.0,0.0,0.0,0.0,0.0,0.0,0.0,0.0,0.0,0.0,0.0,0.0,0.0,0.0,0.0,0.0,0.0,0.0,0.0,0.0,0.0,0.0,0.0,0.0,224.0,40.0,140.0,130.0,0.0,85.0,0.0,6.0,0.0,0.0,52.0,52.0,52.0,0.0,0.0,0.0,0.0,0.0,0.0,0.0,0.0,0.0,0.0,0.0,0.0,0.0,0.0,0.0,0.61,0.0,0.0,0.0,0.0,0.0,0.0,0.0,0.0,0.0,0.0,0.0,0.0,0.0,0.0,0.0,0.0,0.0,0.0,0.0,0.0
0.0,0.0,0.0,5.08,7.03,21.44,0.0,0.0,0.0,0.0,0.0,0.0,0.0,0.0,0.0,0.0,0.0,0.0,0.0,0.0,0.0,0.0,0.0,0.0,0.0,0.0,0.0,0.0,0.0,0.0,0.0,0.0,0.0,0.0,30.92,5.08,0.0,0.0,0.0,21.44,0.0,7.03,0.0,0.0,0.0,0.0,0.0,0.0,0.0,0.0,0.0,0.0,0.0,0.0,0.0,0.0,0.0,0.0,0.0,0.0,0.0,0.0,0.0,0.0,0.0,0.0,0.0,0.0,0.0,0.0,0.0,0.0,0.0,0.0,0.0,0.0,0.0,0.0,0.0,0.0,0.0,0.0,0.0
0.0,0.0,0.0,17.48,99.72,53.0,0.0,0.0,0.0,0.0,0.0,0.0,0.0,0.0,0.0,0.0,0.0,0.0,0.0,0.0,0.0,0.0,0.0,0.0,0.0,0.0,0.0,0.0,0.0,0.0,0.0,0.0,0.0,0.0,163.21,17.48,93.83,82.17,0.0,53.0,0.0,5.9,0.0,0.0,60.1,60.1,60.1,0.0,0.0,0.0,0.0,0.0,0.0,0.0,0.0,0.0,0.0,0.0,0.0,0.0,0.0,0.0,0.62,0.0,0.0,0.0,0.0,0.0,0.0,0.0,0.0,0.0,0.0,0.0,0.0,0.0,0.0,0.0,0.0,0.0,0.0,0.0,0.0
0.0,0.0,0.0,52.18,261.84,65.87,0.0,0.0,0.0,0.0,0.0,0.0,0.0,0.0,0.0,0.0,0.0,0.0,0.0,0.0,0.0,0.0,0.0,0.0,0.0,0.0,0.0,0.0,0.0,0.0,0.0,0.0,0.0,0.0,346.92,52.18,120.16,117.16,0.0,64.87,8.82,136.87,0.0,0.0,112.79,112.79,112.79,0.0,0.0,0.0,0.0,0.0,0.0,0.0,0.0,0.0,0.0,0.0,0.0,0.0,0.0,0.0,0.54,0.0,0.0,0.0,0.0,0.0,0.0,0.0,0.0,0.0,0.0,0.0,0.0,0.0,0.0,0.0,0.0,0.0,0.0,0.0,0.0
4.0,22.65,2.0,27.0,121.18,13.0,3.0,3.0,3.0,2.0,28.0,4.0,22.65,2.0,0.0,0.0,0.0,0.0,0.0,0.0,4.0,0.0,0.0,0.0,0.0,0.0,0.0,0.0,0.0,0.0,0.0,0.0,0.0,0.0,160.18,27.0,108.82,33.24,72.82,13.0,0.0,12.35,0.0,0.0,60.06,71.06,19.0,0.0,52.06,0.0,0.0,0.0,0.0,0.0,6.0,6.0,6.0,0.0,0.0,0.0,0.0,0.0,0.12,11.0,11.0,11.0,11.0,55.0,101.06,216.59,162.82,379.41,156.06,2193.53,41.06,35028.76,0.06,2.0,2.59,2.59,9.0,2.0,0.0
8.0,38.0,3.0,353.5,1545.5,358.0,5.0,4.0,5.0,2.0,49.0,8.0,38.0,3.0,0.0,0.0,0.0,0.0,0.0,0.0,39.0,0.0,0.0,0.0,0.0,0.0,0.0,0.0,0.0,0.0,0.0,0.0,0.0,0.0,2250.0,353.5,1523.0,317.0,1115.0,358.0,0.0,22.5,0.0,0.0,866.0,1049.0,194.5,0.0,854.5,0.0,0.0,0.0,0.0,0.0,22.0,22.0,23.0,0.0,0.0,0.0,0.0,0.0,0.23,183.0,173.0,195.5,103.0,646.5,1472.5,4458.5,3594.5,8053.0,2119.0,51135.5,700.5,1659617.5,2.0,4.0,555.0,161.0,251.0,61.0,0.0
0.0,0.0,0.0,5.0,26.0,54.0,0.0,0.0,0.0,0.0,0.0,0.0,0.0,0.0,0.0,0.0,0.0,0.0,0.0,0.0,0.0,0.0,0.0,0.0,0.0,0.0,0.0,0.0,0.0,0.0,0.0,0.0,0.0,0.0,68.0,5.0,21.0,20.0,0.0,54.0,0.0,5.0,0.0,0.0,7.0,7.0,7.0,0.0,0.0,0.0,0.0,0.0,0.0,0.0,0.0,0.0,0.0,0.0,0.0,0.0,0.0,0.0,2.57,0.0,0.0,0.0,0.0,0.0,0.0,0.0,0.0,0.0,0.0,0.0,0.0,0.0,0.0,0.0,0.0,0.0,0.0,0.0,0.0
0.0,0.0,0.0,49.0,391.63,183.63,0.0,0.0,0.0,0.0,0.0,0.0,0.0,0.0,0.0,0.0,0.0,0.0,0.0,0.0,0.0,0.0,0.0,0.0,0.0,0.0,0.0,0.0,0.0,0.0,0.0,0.0,0.0,0.0,507.63,49.0,120.45,109.45,0.0,183.63,12.0,259.18,0.0,0.0,106.87,106.87,106.87,0.0,0.0,0.0,0.0,0.0,0.0,0.0,0.0,0.0,0.0,0.0,0.0,0.0,0.0,0.0,1.52,0.0,0.0,0.0,0.0,0.0,0.0,0.0,0.0,0.0,0.0,0.0,0.0,0.0,0.0,0.0,0.0,0.0,0.0,0.0,0.0
0.0,0.0,0.0,4.5,21.5,0.0,0.0,0.0,0.0,0.0,0.0,0.0,0.0,0.0,0.0,0.0,0.0,0.0,0.0,0.0,0.0,0.0,0.0,0.0,0.0,0.0,0.0,0.0,0.0,0.0,0.0,0.0,0.0,0.0,26.0,4.5,1.0,1.0,0.0,0.0,0.5,20.5,0.0,0.0,1.0,1.0,1.0,0.0,0.0,0.0,0.0,0.0,0.0,0.0,0.0,0.0,0.0,0.0,0.0,0.0,0.0,0.0,0.0,0.0,0.0,0.0,0.0,0.0,0.0,0.0,0.0,0.0,0.0,0.0,0.0,0.0,0.0,0.0,0.0,0.0,0.0,0.0,0.0
3.39,25.89,4.0,414.04,2209.89,693.14,5.0,5.0,5.39,3.0,30.39,3.39,24.89,4.0,0.0,0.0,0.0,0.0,0.0,0.0,77.39,0.0,0.0,0.0,0.0,0.0,0.0,0.0,0.0,0.0,0.0,0.0,0.0,0.0,3076.0,402.43,2059.46,325.82,1514.07,686.46,85.04,82.61,0.0,0.0,1213.75,1636.43,248.46,31.54,1356.43,0.0,0.0,0.0,0.0,0.0,25.0,25.0,25.0,0.0,0.0,0.0,0.0,0.0,0.34,417.07,383.07,425.11,272.75,1361.57,2063.25,6813.93,5127.89,11941.82,3424.82,69231.54,1604.14,2143245.64,0.43,0.57,731.27,163.2,304.27,97.23,0.0
0.0,0.0,0.0,5.0,19.0,2.0,0.0,0.0,0.0,0.0,0.0,0.0,0.0,0.0,0.0,0.0,0.0,0.0,0.0,0.0,0.0,0.0,0.0,0.0,0.0,0.0,0.0,0.0,0.0,0.0,0.0,0.0,0.0,0.0,25.0,5.0,14.0,14.0,0.0,2.0,0.0,5.0,0.0,0.0,12.0,12.0,12.0,0.0,0.0,0.0,0.0,0.0,0.0,0.0,0.0,0.0,0.0,0.0,0.0,0.0,0.0,0.0,0.14,0.0,0.0,0.0,0.0,0.0,0.0,0.0,0.0,0.0,0.0,0.0,0.0,0.0,0.0,0.0,0.0,0.0,0.0,0.0,0.0
1.0,10.17,0.14,16.86,80.42,63.14,2.0,2.0,2.61,1.0,11.94,1.0,10.17,0.14,0.0,0.0,0.0,0.0,0.0,0.0,7.14,0.0,0.0,0.0,0.0,0.0,0.0,0.0,0.0,0.0,0.0,0.0,0.0,0.0,160.42,16.86,80.42,29.36,37.94,63.14,0.0,0.0,0.0,0.0,38.89,50.97,19.11,0.75,31.11,0.0,0.0,0.0,0.0,0.0,4.08,4.08,5.83,0.0,0.0,0.0,0.0,0.0,0.7,14.19,14.19,17.31,10.42,77.36,73.56,199.72,140.31,340.03,150.92,1524.5,73.06,18298.89,0.0,0.13,13.82,7.53,3.47,2.92,0.0
0.0,0.0,0.0,1.62,1.19,6.0,0.0,0.0,0.0,0.0,0.0,0.0,0.0,0.0,0.0,0.0,0.0,0.0,0.0,0.0,0.0,0.0,0.0,0.0,0.0,0.0,0.0,0.0,0.0,0.0,0.0,0.0,0.0,0.0,8.81,1.62,0.0,0.0,0.0,6.0,0.0,1.19,0.0,0.0,0.0,0.0,0.0,0.0,0.0,0.0,0.0,0.0,0.0,0.0,0.0,0.0,0.0,0.0,0.0,0.0,0.0,0.0,0.0,0.0,0.0,0.0,0.0,0.0,0.0,0.0,0.0,0.0,0.0,0.0,0.0,0.0,0.0,0.0,0.0,0.0,0.0,0.0,0.0
2.0,10.79,0.61,71.13,273.32,24.29,2.39,2.39,2.39,1.0,13.39,2.0,10.79,0.61,0.0,0.0,0.0,0.0,0.0,0.0,20.45,0.0,0.0,0.0,0.0,0.0,0.0,0.0,0.0,0.0,0.0,0.0,0.0,0.0,367.16,71.13,249.82,88.16,154.29,24.29,1.89,23.18,0.0,0.0,130.63,167.39,58.34,0.0,109.05,0.0,0.0,0.0,0.0,0.0,6.18,6.18,8.18,0.0,0.0,0.0,0.0,0.0,0.09,40.32,40.32,44.74,25.18,281.97,282.79,735.89,513.18,1249.08,564.76,6532.55,230.13,108550.21,0.1,0.1,56.25,33.83,41.2,11.32,0.0
4.0,25.62,3.0,91.54,497.77,132.54,4.54,4.0,5.54,2.0,32.62,4.0,25.62,3.0,0.0,0.0,0.0,0.0,0.0,0.0,16.62,0.0,0.0,0.0,0.0,0.0,0.0,0.0,0.0,0.0,0.0,0.0,0.0,0.0,712.85,91.54,478.31,114.15,352.08,132.54,0.0,19.46,0.0,0.0,234.46,309.15,70.08,1.23,237.85,0.0,0.0,0.0,0.0,0.0,8.85,8.85,11.85,0.0,0.0,0.0,0.0,0.0,0.28,72.69,67.69,88.62,47.69,309.85,451.31,1250.85,923.08,2173.92,761.15,12458.15,304.31,286656.46,0.0,2.0,86.92,31.62,30.54,11.62,0.0
0.0,0.0,0.0,11.5,126.18,49.05,0.0,0.0,0.0,0.0,0.0,0.0,0.0,0.0,0.0,0.0,0.0,0.0,0.0,0.0,0.0,0.0,0.0,0.0,0.0,0.0,0.0,0.0,0.0,0.0,0.0,0.0,0.0,0.0,186.74,11.5,52.42,45.53,0.0,49.05,32.63,46.03,0.0,0.0,23.68,24.32,24.32,0.0,0.0,0.0,0.0,0.0,0.0,0.0,0.0,0.0,0.0,0.0,0.0,0.0,0.0,0.0,0.98,0.0,0.0,0.0,0.0,0.0,0.0,0.0,0.0,0.0,0.0,0.0,0.0,0.0,0.0,0.0,0.0,0.0,0.0,0.0,0.0
5.0,31.82,3.58,213.21,1171.39,214.26,6.0,5.0,6.84,2.0,40.16,5.0,31.42,3.58,0.0,0.0,0.0,0.0,0.0,0.0,32.34,0.0,0.0,0.0,0.0,0.0,0.0,0.0,0.0,0.0,0.0,0.0,0.0,0.0,1523.87,213.21,1117.76,226.92,900.29,214.26,4.16,49.47,0.0,0.0,620.58,812.82,119.74,1.0,692.08,0.0,0.0,0.0,0.0,0.0,29.0,16.45,29.0,0.0,0.0,0.0,0.0,0.0,0.19,192.24,156.24,219.24,85.63,612.66,1060.11,3535.58,2798.39,6333.97,1672.76,39103.34,740.63,1550085.29,0.0,0.0,397.0,93.25,200.35,47.33,0.0
0.0,0.0,0.0,6.0,18.0,1.0,0.0,0.0,0.0,0.0,0.0,0.0,0.0,0.0,0.0,0.0,0.0,0.0,0.0,0.0,0.0,0.0,0.0,0.0,0.0,0.0,0.0,0.0,0.0,0.0,0.0,0.0,0.0,0.0,24.0,6.0,7.0,7.0,0.0,1.0,0.0,11.0,0.0,0.0,7.0,7.0,7.0,0.0,0.0,0.0,0.0,0.0,0.0,0.0,0.0,0.0,0.0,0.0,0.0,0.0,0.0,0.0,0.14,0.0,0.0,0.0,0.0,0.0,0.0,0.0,0.0,0.0,0.0,0.0,0.0,0.0,0.0,0.0,0.0,0.0,0.0,0.0,0.0
0.0,0.0,0.0,5.0,16.0,30.0,0.0,0.0,0.0,0.0,0.0,0.0,0.0,0.0,0.0,0.0,0.0,0.0,0.0,0.0,0.0,0.0,0.0,0.0,0.0,0.0,0.0,0.0,0.0,0.0,0.0,0.0,0.0,0.0,43.0,5.0,11.0,10.0,0.0,30.0,0.0,5.0,0.0,0.0,4.0,4.0,4.0,0.0,0.0,0.0,0.0,0.0,0.0,0.0,0.0,0.0,0.0,0.0,0.0,0.0,0.0,0.0,2.73,0.0,0.0,0.0,0.0,0.0,0.0,0.0,0.0,0.0,0.0,0.0,0.0,0.0,0.0,0.0,0.0,0.0,0.0,0.0,0.0
0.0,0.0,0.0,10.0,11.4,55.0,0.0,0.0,0.0,0.0,0.0,0.0,0.0,0.0,0.0,0.0,0.0,0.0,0.0,0.0,0.0,0.0,0.0,0.0,0.0,0.0,0.0,0.0,0.0,0.0,0.0,0.0,0.0,0.0,75.4,10.0,8.4,8.4,0.0,55.0,0.0,3.0,0.0,0.0,6.4,6.4,6.4,0.0,0.0,0.0,0.0,0.0,0.0,0.0,0.0,0.0,0.0,0.0,0.0,0.0,0.0,0.0,6.57,0.0,0.0,0.0,0.0,0.0,0.0,0.0,0.0,0.0,0.0,0.0,0.0,0.0,0.0,0.0,0.0,0.0,0.0,0.0,0.0
5.0,25.73,0.0,32.73,138.67,8.0,4.0,4.0,4.73,2.0,30.73,5.0,25.73,0.0,0.0,0.0,0.0,0.0,0.0,0.0,5.0,0.0,0.0,0.0,0.0,0.0,0.0,0.0,0.0,0.0,0.0,0.0,0.0,0.0,179.4,32.73,135.67,29.67,95.67,8.0,0.0,3.0,0.0,0.0,71.67,92.67,19.67,0.0,73.0,0.0,0.0,0.0,0.0,0.0,8.0,8.0,8.73,0.0,0.0,0.0,0.0,0.0,0.06,21.0,21.0,22.73,12.0,80.2,138.73,394.53,301.13,695.67,218.93,3849.07,84.53,72666.8,0.0,0.0,62.4,15.67,7.0,4.0,0.0
0.0,5.0,0.0,13.5,105.0,6.0,1.0,1.0,1.0,1.0,5.0,0.0,5.0,0.0,0.0,0.0,0.0,0.0,0.0,0.0,4.0,0.0,0.0,0.0,0.0,0.0,0.0,0.0,0.0,0.0,0.0,0.0,0.0,0.0,124.5,13.5,101.0,89.0,71.0,6.0,0.0,4.0,0.0,0.0,23.0,27.0,23.0,0.0,4.0,0.0,0.0,0.0,0.0,0.0,1.0,1.0,1.0,0.0,0.0,0.0,0.0,0.0,0.06,4.0,4.0,4.0,4.0,25.0,18.0,35.0,21.0,56.0,43.0,198.0,13.0,779.0,0.0,0.0,1.0,1.0,0.0,0.0,0.0
7.0,41.97,10.05,125.24,737.37,188.84,8.0,8.0,9.0,2.32,56.92,7.0,40.97,10.05,0.0,0.0,0.0,0.0,0.0,0.0,12.03,0.0,0.0,0.0,0.0,0.0,0.0,0.0,0.0,0.0,0.0,0.0,0.0,0.0,1010.0,123.45,655.68,242.05,514.68,184.89,24.26,63.79,0.0,0.0,308.32,391.74,80.92,1.0,309.82,0.0,0.0,0.0,0.0,0.0,22.0,22.0,29.0,0.0,0.0,0.0,0.0,0.0,0.28,94.42,94.42,107.42,35.34,343.95,1855.76,7815.76,6542.05,14357.82,2199.71,118993.55,566.18,8992900.34,0.0,0.1,57.77,22.05,23.98,14.97,0.0
4.0,16.0,0.0,40.0,136.6,20.0,3.0,3.0,3.0,2.0,20.0,4.0,16.0,0.0,0.0,0.0,0.0,0.0,0.0,0.0,8.0,0.0,0.0,0.0,0.0,0.0,0.0,0.0,0.0,0.0,0.0,0.0,0.0,0.0,196.6,40.0,130.0,25.0,82.0,20.0,0.0,6.6,0.0,0.0,83.0,104.0,20.0,0.0,84.0,0.0,0.0,0.0,0.0,0.0,7.0,7.0,7.0,0.0,0.0,0.0,0.0,0.0,0.15,21.0,21.0,21.0,18.0,126.0,155.0,474.0,355.0,829.0,281.0,4477.0,132.0,103679.0,0.0,1.0,65.0,19.0,23.0,8.0,0.0
1.0,18.0,1.0,46.0,357.0,78.0,4.0,4.0,4.0,3.0,20.0,1.0,18.0,1.0,0.0,0.0,0.0,0.0,0.0,0.0,13.0,0.0,0.0,0.0,0.0,0.0,0.0,0.0,0.0,0.0,0.0,0.0,0.0,0.0,481.0,46.0,346.0,161.0,264.0,78.0,0.0,11.0,0.0,0.0,140.0,192.0,78.0,0.0,114.0,0.0,0.0,0.0,0.0,0.0,13.0,13.0,13.0,0.0,0.0,0.0,0.0,0.0,0.23,52.0,52.0,52.0,49.0,169.0,249.0,839.0,560.0,1399.0,418.0,7412.0,169.0,134550.0,0.0,5.0,85.0,11.0,7.0,2.0,0.0
2.0,12.75,1.88,402.5,1595.88,450.12,3.0,2.75,3.25,1.0,16.5,2.0,12.75,1.88,0.0,0.0,0.0,0.0,0.0,0.0,112.62,0.0,0.0,0.0,0.0,0.0,0.0,0.0,0.0,0.0,0.0,0.0,0.0,0.0,2425.62,401.0,1538.0,438.62,893.0,450.12,6.75,53.38,0.0,0.0,924.62,1202.5,265.62,5.0,931.88,0.0,0.0,0.0,0.0,0.0,13.0,10.38,14.5,0.0,0.0,0.0,0.0,0.0,0.29,339.5,290.5,369.38,161.5,1254.0,1533.62,3784.25,2932.25,6716.5,2787.62,33520.88,1109.25,524782.12,0.0,0.0,434.0,168.12,145.25,51.75,0.0
0.0,0.0,0.0,1.0,15.6,17.0,0.0,0.0,0.0,0.0,0.0,0.0,0.0,0.0,0.0,0.0,0.0,0.0,0.0,0.0,0.0,0.0,0.0,0.0,0.0,0.0,0.0,0.0,0.0,0.0,0.0,0.0,0.0,0.0,33.6,1.0,0.0,0.0,0.0,17.0,0.0,15.6,0.0,0.0,0.0,0.0,0.0,0.0,0.0,0.0,0.0,0.0,0.0,0.0,0.0,0.0,0.0,0.0,0.0,0.0,0.0,0.0,0.0,0.0,0.0,0.0,0.0,0.0,0.0,0.0,0.0,0.0,0.0,0.0,0.0,0.0,0.0,0.0,0.0,0.0,0.0,0.0,0.0
2.0,11.0,2.0,29.2,93.6,58.2,2.0,2.0,2.0,1.0,15.2,2.0,11.0,2.0,0.0,0.0,0.0,0.0,0.0,0.0,8.0,0.0,0.0,0.0,0.0,0.0,0.0,0.0,0.0,0.0,0.0,0.0,0.0,0.0,181.0,29.2,87.6,29.2,42.4,58.2,0.0,6.0,0.0,0.0,37.4,51.6,14.2,0.0,37.4,0.0,0.0,0.0,0.0,0.0,3.2,3.2,4.0,0.0,0.0,0.0,0.0,0.0,0.67,14.2,14.2,15.0,8.0,84.0,102.6,232.2,188.2,420.4,186.6,2069.8,65.8,26450.6,0.0,0.0,29.2,11.2,16.0,3.0,0.0
0.0,5.0,0.0,3.0,22.0,0.0,1.0,1.0,1.0,1.0,5.0,0.0,5.0,0.0,0.0,0.0,0.0,0.0,0.0,0.0,2.0,0.0,0.0,0.0,0.0,0.0,0.0,0.0,0.0,0.0,0.0,0.0,0.0,0.0,25.0,1.0,9.0,3.0,2.0,0.0,11.0,4.0,0.0,0.0,2.0,3.0,1.0,0.0,2.0,0.0,0.0,0.0,0.0,0.0,1.0,1.0,1.0,0.0,0.0,0.0,0.0,0.0,0.0,2.0,2.0,2.0,2.0,21.0,13.0,23.0,13.0,36.0,34.0,147.0,10.0,735.0,0.0,0.0,0.0,0.0,0.0,0.0,0.0
7.0,45.0,7.0,254.0,1350.0,258.0,16.0,16.0,21.0,3.0,59.0,7.0,45.0,7.0,0.0,0.0,0.0,0.0,0.0,0.0,30.0,0.0,0.0,0.0,0.0,0.0,0.0,0.0,0.0,0.0,0.0,0.0,0.0,0.0,1856.0,254.0,1348.0,271.0,988.0,258.0,0.0,2.0,0.0,0.0,1082.0,1377.0,216.0,0.0,1161.0,0.0,0.0,0.0,0.0,0.0,114.0,113.0,151.0,0.0,0.0,0.0,0.0,0.0,0.19,489.0,485.0,621.0,90.0,560.0,1355.0,4128.0,3218.0,7346.0,1915.0,46278.0,628.0,1284004.0,2.0,6.0,636.0,190.0,135.0,54.0,0.0
4.0,20.26,0.0,86.84,372.66,99.24,3.0,3.0,4.0,2.0,24.26,4.0,19.26,0.0,0.0,0.0,0.0,0.0,0.0,0.0,14.0,0.0,0.0,0.0,0.0,0.0,0.0,0.0,0.0,0.0,0.0,0.0,0.0,0.0,553.95,83.84,315.79,104.05,217.68,99.24,15.0,44.87,0.0,0.0,165.0,208.0,59.79,0.0,148.21,0.0,0.0,0.0,0.0,0.0,10.0,10.0,11.0,0.0,0.0,0.0,0.0,0.0,0.31,45.0,45.0,50.0,28.0,217.21,328.55,925.68,706.32,1632.0,545.76,9683.05,213.03,279605.5,0.0,0.0,66.25,28.8,25.3,4.3,0.0
0.0,7.0,0.0,104.0,592.0,78.0,2.0,2.0,2.0,1.0,8.0,0.0,7.0,0.0,0.0,0.0,0.0,0.0,0.0,0.0,31.0,0.0,0.0,0.0,0.0,0.0,0.0,0.0,0.0,0.0,0.0,0.0,0.0,0.0,744.0,104.0,521.0,346.0,105.0,78.0,0.0,71.0,0.0,0.0,307.0,360.0,268.0,0.0,92.0,0.0,0.0,0.0,0.0,0.0,4.0,4.0,4.0,0.0,0.0,0.0,0.0,0.0,0.15,59.0,59.0,62.0,31.0,419.0,274.0,720.0,493.0,1213.0,693.0,5583.0,371.0,93367.0,2.0,3.0,41.0,30.0,11.0,8.0,0.0
6.0,44.45,6.0,151.87,793.24,292.0,6.0,5.58,6.92,3.0,56.37,6.0,33.84,6.0,0.0,0.0,0.0,0.0,0.0,0.0,15.08,0.0,0.0,0.0,0.0,0.0,0.0,0.0,0.0,0.0,0.0,0.0,0.0,0.0,1205.11,151.87,596.21,158.76,396.63,292.0,62.0,142.03,0.0,0.0,382.84,469.5,125.24,3.0,341.26,0.0,0.0,0.0,0.0,0.0,18.0,14.0,19.0,0.0,0.0,0.0,0.0,0.0,0.49,90.66,82.66,102.66,48.08,332.84,580.63,2028.79,1600.55,3629.34,913.47,23537.68,422.42,1071192.39,0.0,0.0,89.15,34.77,66.0,19.0,0.0
0.0,0.0,0.0,15.24,62.95,83.24,0.0,0.0,0.0,0.0,0.0,0.0,0.0,0.0,0.0,0.0,0.0,0.0,0.0,0.0,0.0,0.0,0.0,0.0,0.0,0.0,0.0,0.0,0.0,0.0,0.0,0.0,0.0,0.0,145.26,15.24,12.11,13.11,11.08,83.24,2.16,49.84,0.0,0.0,3.03,3.03,3.03,0.0,0.0,0.0,0.0,0.0,0.0,0.0,0.0,0.0,0.0,0.0,0.0,0.0,0.0,0.0,7.23,0.0,0.0,0.0,0.0,0.0,0.0,0.0,0.0,0.0,0.0,0.0,0.0,0.0,0.0,0.0,0.0,0.0,0.0,0.0,0.0
0.0,0.0,0.0,43.96,252.04,281.82,0.0,0.0,0.0,0.0,0.0,0.0,0.0,0.0,0.0,0.0,0.0,0.0,0.0,0.0,0.0,0.0,0.0,0.0,0.0,0.0,0.0,0.0,0.0,0.0,0.0,0.0,0.0,0.0,388.68,43.96,120.75,117.11,0.0,281.82,3.0,131.29,0.0,0.0,114.75,114.75,114.75,0.0,0.0,0.0,0.0,0.0,0.0,0.0,0.0,0.0,0.0,0.0,0.0,0.0,0.0,0.0,2.34,0.0,0.0,0.0,0.0,0.0,0.0,0.0,0.0,0.0,0.0,0.0,0.0,0.0,0.0,0.0,0.0,0.0,0.0,0.0,0.0
3.0,19.58,2.58,67.0,290.0,61.58,3.0,3.0,3.25,1.0,24.92,3.0,19.58,2.58,0.0,0.0,0.0,0.0,0.0,0.0,10.0,0.0,0.0,0.0,0.0,0.0,0.0,0.0,0.0,0.0,0.0,0.0,0.0,0.0,418.5,67.0,258.0,91.83,189.67,61.58,0.0,32.0,0.0,0.0,138.42,169.33,38.67,0.0,130.67,0.0,0.0,0.0,0.0,0.0,9.58,9.58,9.58,0.0,0.0,0.0,0.0,0.0,0.24,31.08,31.08,34.08,17.0,161.17,266.08,722.92,565.58,1288.5,427.25,7597.17,151.17,179064.25,1.0,2.0,63.29,14.0,37.29,4.0,0.0
0.0,0.0,0.0,7.0,19.0,16.0,0.0,0.0,0.0,0.0,0.0,0.0,0.0,0.0,0.0,0.0,0.0,0.0,0.0,0.0,0.0,0.0,0.0,0.0,0.0,0.0,0.0,0.0,0.0,0.0,0.0,0.0,0.0,0.0,42.0,7.0,0.0,0.0,0.0,16.0,0.0,19.0,0.0,0.0,0.0,0.0,0.0,0.0,0.0,0.0,0.0,0.0,0.0,0.0,0.0,0.0,0.0,0.0,0.0,0.0,0.0,0.0,0.0,0.0,0.0,0.0,0.0,0.0,0.0,0.0,0.0,0.0,0.0,0.0,0.0,0.0,0.0,0.0,0.0,0.0,0.0,0.0,0.0
0.0,0.0,0.0,0.0,25.66,27.29,0.0,0.0,0.0,0.0,0.0,0.0,0.0,0.0,0.0,0.0,0.0,0.0,0.0,0.0,0.0,0.0,0.0,0.0,0.0,0.0,0.0,0.0,0.0,0.0,0.0,0.0,0.0,0.0,30.29,0.0,0.0,0.0,0.0,27.29,0.0,25.66,0.0,0.0,0.0,0.0,0.0,0.0,0.0,0.0,0.0,0.0,0.0,0.0,0.0,0.0,0.0,0.0,0.0,0.0,0.0,0.0,0.0,0.0,0.0,0.0,0.0,0.0,0.0,0.0,0.0,0.0,0.0,0.0,0.0,0.0,0.0,0.0,0.0,0.0,0.0,0.0,0.0
3.25,17.75,2.25,168.0,790.75,209.5,3.0,3.0,3.0,1.5,22.75,3.25,17.75,2.25,0.0,0.0,0.0,0.0,0.0,0.0,28.25,0.0,0.0,0.0,0.0,0.0,0.0,0.0,0.0,0.0,0.0,0.0,0.0,0.0,1082.75,168.0,774.75,371.5,460.75,209.5,0.0,16.0,0.0,0.0,362.5,453.25,161.75,0.0,291.5,0.0,0.0,0.0,0.0,0.0,18.0,18.0,18.0,0.0,0.0,0.0,0.0,0.0,0.27,90.25,85.0,93.0,54.75,434.0,641.0,1639.75,1255.75,2895.5,1075.0,17024.25,379.0,436151.25,1.0,6.0,114.75,52.25,33.0,10.5,0.0
4.06,20.0,1.0,31.94,137.65,14.0,3.0,3.0,3.0,2.0,25.0,4.06,20.0,1.0,0.0,0.0,0.0,0.0,0.0,0.0,4.0,0.0,0.0,0.0,0.0,0.0,0.0,0.0,0.0,0.0,0.0,0.0,0.0,0.0,182.59,31.94,128.35,63.35,64.12,14.0,0.0,9.29,0.0,0.0,56.35,67.35,22.29,0.0,45.06,0.0,0.0,0.0,0.0,0.0,8.0,8.0,8.0,0.0,0.0,0.0,0.0,0.0,0.11,11.0,11.0,11.0,8.0,50.06,88.12,211.47,159.35,370.82,138.18,2237.18,39.12,49949.53,0.06,2.0,10.0,6.0,8.0,2.0,0.0
0.0,0.0,0.0,7.0,38.0,29.0,0.0,0.0,0.0,0.0,0.0,0.0,0.0,0.0,0.0,0.0,0.0,0.0,0.0,0.0,0.0,0.0,0.0,0.0,0.0,0.0,0.0,0.0,0.0,0.0,0.0,0.0,0.0,0.0,70.0,7.0,32.0,28.0,0.0,29.0,0.0,6.0,0.0,0.0,24.0,24.0,24.0,0.0,0.0,0.0,0.0,0.0,0.0,0.0,0.0,0.0,0.0,0.0,0.0,0.0,0.0,0.0,0.91,0.0,0.0,0.0,0.0,0.0,0.0,0.0,0.0,0.0,0.0,0.0,0.0,0.0,0.0,0.0,0.0,0.0,0.0,0.0,0.0
0.0,0.0,0.0,19.0,62.7,21.7,0.0,0.0,0.0,0.0,0.0,0.0,0.0,0.0,0.0,0.0,0.0,0.0,0.0,0.0,0.0,0.0,0.0,0.0,0.0,0.0,0.0,0.0,0.0,0.0,0.0,0.0,0.0,0.0,99.7,19.0,22.0,21.0,0.0,21.7,0.0,40.7,0.0,0.0,21.0,21.0,21.0,0.0,0.0,0.0,0.0,0.0,0.0,0.0,0.0,0.0,0.0,0.0,0.0,0.0,0.0,0.0,0.98,0.0,0.0,0.0,0.0,0.0,0.0,0.0,0.0,0.0,0.0,0.0,0.0,0.0,0.0,0.0,0.0,0.0,0.0,0.0,0.0
2.0,14.97,2.0,17.84,76.63,26.76,2.0,2.0,2.0,1.0,19.21,2.0,14.21,2.0,0.0,0.0,0.0,0.0,0.0,0.0,5.0,0.0,0.0,0.0,0.0,0.0,0.0,0.0,0.0,0.0,0.0,0.0,0.0,0.0,120.24,17.84,69.95,13.39,48.97,26.76,1.82,4.87,0.0,0.0,37.08,46.29,10.18,0.0,36.11,0.0,0.0,0.0,0.0,0.0,4.21,4.21,4.82,0.0,0.0,0.0,0.0,0.0,0.38,10.21,10.21,10.82,5.0,86.97,82.76,261.45,199.63,461.08,169.74,2498.61,97.61,72857.92,0.0,0.0,29.57,8.0,15.72,4.03,0.0
0.0,0.0,0.0,9.0,51.0,37.0,0.0,0.0,0.0,0.0,0.0,0.0,0.0,0.0,0.0,0.0,0.0,0.0,0.0,0.0,0.0,0.0,0.0,0.0,0.0,0.0,0.0,0.0,0.0,0.0,0.0,0.0,0.0,0.0,82.0,9.0,40.0,39.0,0.0,37.0,0.0,11.0,0.0,0.0,32.0,32.0,32.0,0.0,0.0,0.0,0.0,0.0,0.0,0.0,0.0,0.0,0.0,0.0,0.0,0.0,0.0,0.0,0.93,0.0,0.0,0.0,0.0,0.0,0.0,0.0,0.0,0.0,0.0,0.0,0.0,0.0,0.0,0.0,0.0,0.0,0.0,0.0,0.0
5.08,29.82,10.95,192.55,916.32,588.03,6.32,6.08,7.39,2.16,45.71,5.08,29.82,10.95,0.0,0.0,0.0,0.0,0.0,0.0,28.13,0.0,0.0,0.0,0.0,0.0,0.0,0.0,0.0,0.0,0.0,0.0,0.0,0.0,1690.74,187.92,850.24,140.24,595.63,565.32,59.16,34.42,0.0,0.0,475.76,646.58,114.21,20.13,512.24,0.0,0.0,0.0,0.0,0.0,35.66,24.08,41.63,0.0,0.0,0.0,0.0,0.0,0.68,173.58,162.0,204.34,81.37,515.74,881.5,2722.47,1989.37,4711.84,1397.24,29168.11,555.55,924866.24,4.28,6.28,242.1,63.3,85.08,19.38,0.0
0.91,17.41,7.74,19.65,120.47,107.59,3.5,3.24,3.56,1.65,25.88,0.91,17.41,7.74,0.0,0.0,0.0,0.0,0.0,0.0,5.09,0.0,0.0,0.0,0.0,0.0,0.0,0.0,0.0,0.0,0.0,0.0,0.0,0.0,247.21,19.65,112.44,14.06,76.62,107.59,0.0,8.03,0.0,0.0,62.65,85.74,12.79,0.47,72.47,0.0,0.0,0.0,0.0,0.0,5.85,5.85,5.94,0.0,0.0,0.0,0.0,0.0,1.5,23.0,19.65,23.32,12.29,85.03,127.59,383.91,292.53,676.44,212.62,3925.74,90.24,107499.03,0.11,0.31,63.31,12.17,12.75,6.0,1.0
1.5,25.05,8.16,43.66,331.24,188.95,5.24,4.47,5.82,2.24,34.76,1.5,25.05,8.16,0.0,0.0,0.0,0.0,0.0,0.0,12.92,0.0,0.0,0.0,0.0,0.0,0.0,0.0,0.0,0.0,0.0,0.0,0.0,0.0,561.24,43.66,317.42,42.13,228.76,188.95,0.0,13.82,0.0,0.0,180.24,245.84,38.13,2.68,205.03,0.0,0.0,0.0,0.0,0.0,13.05,13.05,17.79,0.0,0.0,0.0,0.0,0.0,0.63,66.08,58.0,75.5,34.45,229.71,359.39,1134.0,862.95,1996.95,589.11,11842.92,255.42,364143.39,0.1,0.28,167.43,34.62,25.02,11.62,1.0
5.32,29.61,6.03,270.39,1280.76,445.18,6.0,5.89,7.74,2.95,40.42,5.32,29.29,6.03,0.0,0.0,0.0,0.0,0.0,0.0,40.45,0.0,0.0,0.0,0.0,0.0,0.0,0.0,0.0,0.0,0.0,0.0,0.0,0.0,1977.18,266.71,1223.03,247.68,897.26,435.61,33.11,38.79,0.0,0.0,684.63,900.24,194.95,27.16,678.13,0.0,0.0,0.0,0.0,0.0,31.13,31.13,40.76,0.0,0.0,0.0,0.0,0.0,0.37,249.92,240.58,309.53,130.47,721.34,1228.45,3944.11,2874.87,6818.97,1949.79,42494.42,749.58,1738867.37,2.1,4.4,291.05,89.47,156.6,29.38,1.0
2.97,20.11,3.03,290.05,1522.0,435.58,4.45,4.0,4.61,2.0,25.71,2.97,18.79,2.74,0.0,0.0,0.0,0.0,0.0,0.0,59.92,0.0,0.0,0.0,0.0,0.0,0.0,0.0,0.0,0.0,0.0,0.0,0.0,0.0,2227.58,286.89,1350.92,359.89,860.71,419.71,84.74,113.76,0.0,0.0,777.87,1093.45,354.03,7.0,732.42,0.0,0.0,0.0,0.0,0.0,45.0,35.0,46.0,0.0,0.0,0.0,0.0,0.0,0.31,263.29,233.34,285.89,142.34,969.55,1316.37,3947.05,2897.89,6844.95,2285.92,39197.18,1005.53,1234822.26,0.0,0.38,339.4,126.62,104.28,38.8,1.0
