0.0,6.45,0.0,9.0,39.89,4.0,2.0,2.0,2.0,1.0,6.45,0.0,6.45,0.0,0.0,0.0,0.0,0.0,0.0,0.0,1.55,0.0,0.0,0.0,0.0,0.0,0.0,0.0,0.0,0.0,0.0,0.0,0.0,0.0,52.89,9.0,34.45,25.45,27.0,4.0,0.0,5.45,0.0,0.0,8.0,13.68,9.13,0.0,4.55,0.0,0.0,0.0,0.0,0.0,2.0,2.0,2.0,0.0,0.0,0.0,0.0,0.0,0.11,2.55,2.55,2.55,1.55,12.71,9.16,18.82,10.16,28.97,21.87,113.82,6.61,580.63,0.0,0.0,0.0,0.0,0.0,0.0,0.0
0.12,9.97,0.0,66.55,318.94,211.61,1.97,1.61,2.12,0.79,10.15,0.12,9.97,0.0,0.0,0.0,0.0,0.0,0.0,0.0,2.7,0.0,0.0,0.0,0.0,0.0,0.0,0.0,0.0,0.0,0.0,0.0,0.0,0.0,580.88,66.55,218.48,182.33,23.21,211.61,0.0,100.45,0.0,0.0,153.42,160.52,142.0,0.0,18.52,0.0,0.0,0.0,0.0,0.0,4.06,3.3,4.06,0.0,0.0,0.0,0.0,0.0,1.12,6.48,5.73,7.0,2.7,35.15,44.82,111.48,87.24,198.73,79.97,980.27,32.76,12425.03,0.0,0.0,8.8,1.94,5.77,1.09,0.0
1.0,10.25,1.0,27.0,113.12,31.0,2.0,2.0,2.25,1.0,12.25,1.0,10.25,1.0,0.0,0.0,0.0,0.0,0.0,0.0,10.25,0.0,0.0,0.0,0.0,0.0,0.0,0.0,0.0,0.0,0.0,0.0,0.0,0.0,171.12,27.0,110.25,37.25,61.5,31.0,0.0,2.88,0.0,0.0,60.75,81.5,21.0,1.0,59.5,0.0,0.0,0.0,0.0,0.0,7.5,7.5,7.5,0.0,0.0,0.0,0.0,0.0,0.28,22.25,22.25,23.25,12.25,122.75,140.25,359.25,291.5,650.75,263.0,3308.25,116.5,61804.5,0.0,0.0,19.75,10.25,35.0,18.0,0.0
1.86,20.29,2.29,20.57,115.71,60.0,3.0,3.0,3.86,2.29,24.43,1.86,20.29,2.29,0.0,0.0,0.0,0.0,0.0,0.0,5.0,0.0,0.0,0.0,0.0,0.0,0.0,0.0,0.0,0.0,0.0,0.0,0.0,0.0,195.71,20.57,109.14,33.43,68.86,60.0,0.0,6.57,0.0,0.0,69.43,84.43,23.86,0.0,60.57,0.0,0.0,0.0,0.0,0.0,5.0,5.0,6.0,0.0,0.0,0.0,0.0,0.0,0.58,15.71,15.71,16.86,11.0,74.29,95.57,297.71,220.29,518.0,169.86,2869.57,84.29,82900.43,0.0,0.0,22.71,9.29,10.29,2.86,0.0
3.0,20.24,0.0,161.52,829.38,48.86,3.71,3.71,3.71,2.0,23.24,3.0,20.24,0.0,0.0,0.0,0.0,0.0,0.0,0.0,34.24,0.0,0.0,0.0,0.0,0.0,0.0,0.0,0.0,0.0,0.0,0.0,0.0,0.0,1038.33,161.52,814.52,219.24,548.24,48.86,0.0,14.86,0.0,0.0,415.05,533.24,115.05,7.24,410.95,0.0,0.0,0.0,0.0,0.0,18.1,18.1,20.1,0.0,0.0,0.0,0.0,0.0,0.06,119.19,119.19,126.33,79.0,503.52,705.38,2097.29,1585.19,3682.48,1208.9,20993.86,518.52,593854.57,3.62,15.71,181.52,57.81,69.29,20.43,0.0
0.0,0.29,0.0,8.9,43.9,23.95,0.05,0.05,0.05,0.05,0.29,0.0,0.29,0.0,0.0,0.0,0.0,0.0,0.0,0.0,0.19,0.0,0.0,0.0,0.0,0.0,0.0,0.0,0.0,0.0,0.0,0.0,0.0,0.0,75.81,2.24,1.95,0.95,1.38,23.95,45.71,2.9,0.0,0.0,0.62,1.76,1.29,0.0,0.48,0.0,0.0,0.0,0.0,0.0,0.05,0.05,0.05,0.0,0.0,0.0,0.0,0.0,0.03,0.19,0.19,0.19,0.19,1.62,2.1,4.05,3.67,7.71,3.71,34.71,1.19,266.71,0.0,0.0,0.0,0.0,0.0,0.0,0.0
5.0,37.0,2.0,67.0,413.0,36.0,7.0,7.0,8.0,2.0,44.0,5.0,37.0,2.0,0.0,0.0,0.0,0.0,0.0,0.0,11.0,0.0,0.0,0.0,0.0,0.0,0.0,0.0,0.0,0.0,0.0,0.0,0.0,0.0,515.0,67.0,412.0,107.0,279.0,36.0,0.0,1.0,0.0,0.0,284.0,346.0,84.0,0.0,262.0,0.0,0.0,0.0,0.0,0.0,14.0,14.0,14.0,0.0,0.0,0.0,0.0,0.0,0.09,81.0,79.0,85.0,32.0,192.0,483.0,1303.0,998.0,2301.0,675.0,14155.0,188.0,338432.0,0.0,7.0,107.0,50.0,25.0,12.0,0.0
0.0,0.0,0.0,2.64,24.86,34.5,0.0,0.0,0.0,0.0,0.0,0.0,0.0,0.0,0.0,0.0,0.0,0.0,0.0,0.0,0.0,0.0,0.0,0.0,0.0,0.0,0.0,0.0,0.0,0.0,0.0,0.0,0.0,0.0,46.61,2.64,0.0,0.0,0.0,34.5,0.0,24.86,0.0,0.0,0.0,0.0,0.0,0.0,0.0,0.0,0.0,0.0,0.0,0.0,0.0,0.0,0.0,0.0,0.0,0.0,0.0,0.0,0.0,0.0,0.0,0.0,0.0,0.0,0.0,0.0,0.0,0.0,0.0,0.0,0.0,0.0,0.0,0.0,0.0,0.0,0.0,0.0,0.0
0.0,0.0,0.0,6.0,25.0,4.0,0.0,0.0,0.0,0.0,0.0,0.0,0.0,0.0,0.0,0.0,0.0,0.0,0.0,0.0,0.0,0.0,0.0,0.0,0.0,0.0,0.0,0.0,0.0,0.0,0.0,0.0,0.0,0.0,31.0,6.0,1.0,1.0,0.0,4.0,0.0,24.0,0.0,0.0,1.0,1.0,1.0,0.0,0.0,0.0,0.0,0.0,0.0,0.0,0.0,0.0,0.0,0.0,0.0,0.0,0.0,0.0,4.0,0.0,0.0,0.0,0.0,0.0,0.0,0.0,0.0,0.0,0.0,0.0,0.0,0.0,0.0,0.0,0.0,0.0,0.0,0.0,0.0
0.0,4.58,0.0,18.0,90.82,88.0,0.76,0.76,0.76,0.76,4.58,0.0,4.58,0.0,0.0,0.0,0.0,0.0,0.0,0.0,0.76,0.0,0.0,0.0,0.0,0.0,0.0,0.0,0.0,0.0,0.0,0.0,0.0,0.0,149.82,18.0,33.87,27.05,2.29,88.0,2.0,54.95,0.0,0.0,27.58,28.34,26.05,0.0,2.29,0.0,0.0,0.0,0.0,0.0,0.76,0.76,0.76,0.0,0.0,0.0,0.0,0.0,2.61,0.76,0.76,0.76,0.76,8.39,7.63,13.74,12.21,25.95,16.03,113.71,6.11,909.68,0.0,0.0,0.0,0.0,2.33,0.78,0.0
3.0,19.1,1.0,42.28,200.83,93.9,3.0,3.0,3.86,1.0,22.83,3.0,19.1,1.0,0.0,0.0,0.0,0.0,0.0,0.0,9.9,0.0,0.0,0.0,0.0,0.0,0.0,0.0,0.0,0.0,0.0,0.0,0.0,0.0,337.0,42.28,193.45,43.97,134.93,93.9,0.0,7.38,0.0,0.0,97.41,125.34,31.52,0.0,93.83,0.0,0.0,0.0,0.0,0.0,9.0,9.0,10.0,0.0,0.0,0.0,0.0,0.0,0.49,31.76,31.76,36.41,15.9,165.1,224.55,620.97,432.93,1053.9,389.66,5865.97,149.07,123622.69,1.0,2.0,65.1,21.48,10.65,4.87,0.0
7.04,53.64,4.07,191.46,1269.71,140.25,8.46,7.54,9.89,2.0,64.46,7.04,53.64,4.07,0.0,0.0,0.0,0.0,0.0,0.0,23.36,0.0,0.0,0.0,0.0,0.0,0.0,0.0,0.0,0.0,0.0,0.0,0.0,0.0,1589.61,191.46,1243.11,237.96,900.89,140.25,0.0,26.61,0.0,0.0,726.25,904.75,135.71,6.14,762.89,0.0,0.0,0.0,0.0,0.0,34.82,29.5,37.89,0.0,0.0,0.0,0.0,0.0,0.12,199.46,181.25,237.46,60.07,423.07,1144.25,4371.57,3437.14,7808.71,1567.32,53498.75,545.32,3075163.86,5.0,11.36,421.93,122.0,154.18,27.0,0.0
0.0,0.0,0.0,16.0,72.0,43.0,0.0,0.0,0.0,0.0,0.0,0.0,0.0,0.0,0.0,0.0,0.0,0.0,0.0,0.0,0.0,0.0,0.0,0.0,0.0,0.0,0.0,0.0,0.0,0.0,0.0,0.0,0.0,0.0,104.0,16.0,66.0,58.0,0.0,43.0,0.0,6.0,0.0,0.0,48.0,48.0,48.0,0.0,0.0,0.0,0.0,0.0,0.0,0.0,0.0,0.0,0.0,0.0,0.0,0.0,0.0,0.0,0.65,0.0,0.0,0.0,0.0,0.0,0.0,0.0,0.0,0.0,0.0,0.0,0.0,0.0,0.0,0.0,0.0,0.0,0.0,0.0,0.0
0.0,0.0,0.0,5.0,11.0,23.0,0.0,0.0,0.0,0.0,0.0,0.0,0.0,0.0,0.0,0.0,0.0,0.0,0.0,0.0,0.0,0.0,0.0,0.0,0.0,0.0,0.0,0.0,0.0,0.0,0.0,0.0,0.0,0.0,38.0,5.0,7.0,6.0,0.0,23.0,0.0,4.0,0.0,0.0,3.0,3.0,3.0,0.0,0.0,0.0,0.0,0.0,0.0,0.0,0.0,0.0,0.0,0.0,0.0,0.0,0.0,0.0,3.29,0.0,0.0,0.0,0.0,0.0,0.0,0.0,0.0,0.0,0.0,0.0,0.0,0.0,0.0,0.0,0.0,0.0,0.0,0.0,0.0
2.0,12.0,0.0,24.0,69.0,49.22,2.0,2.0,3.0,1.0,14.0,2.0,12.0,0.0,0.0,0.0,0.0,0.0,0.0,0.0,5.0,0.0,0.0,0.0,0.0,0.0,0.0,0.0,0.0,0.0,0.0,0.0,0.0,0.0,142.22,24.0,68.0,29.0,35.0,49.22,0.0,1.0,0.0,0.0,26.0,38.0,16.0,0.0,22.0,0.0,0.0,0.0,0.0,0.0,5.0,5.0,7.0,0.0,0.0,0.0,0.0,0.0,0.72,12.0,12.0,15.0,5.0,72.0,91.0,174.0,126.0,300.0,163.0,1567.0,46.0,19376.0,0.0,0.0,5.0,4.0,2.0,2.0,0.0
5.1,44.2,5.4,28.7,187.0,111.1,10.1,10.1,14.2,1.9,55.3,5.1,42.2,5.4,0.0,0.0,0.0,0.0,0.0,0.0,2.8,0.0,0.0,0.0,0.0,0.0,0.0,0.0,0.0,0.0,0.0,0.0,0.0,0.0,323.9,21.7,116.6,11.2,88.5,82.1,90.8,16.6,0.0,0.0,51.6,80.5,9.4,0.0,71.1,0.0,0.0,0.0,0.0,0.0,11.0,11.0,16.0,0.0,0.0,0.0,0.0,0.0,0.73,29.0,27.2,39.4,6.4,68.5,103.1,399.8,328.0,727.8,171.6,4340.4,108.3,171495.9,0.0,0.0,46.75,7.5,11.67,2.5,0.0
4.0,24.0,3.0,143.82,767.55,270.45,5.82,5.0,5.82,3.0,30.82,4.0,24.0,3.0,0.0,0.0,0.0,0.0,0.0,0.0,30.0,0.0,0.0,0.0,0.0,0.0,0.0,0.0,0.0,0.0,0.0,0.0,0.0,0.0,1180.82,143.82,744.09,198.18,484.91,270.45,0.09,23.45,0.0,0.0,432.73,578.09,122.73,25.45,429.91,0.0,0.0,0.0,0.0,0.0,28.64,19.64,29.64,0.0,0.0,0.0,0.0,0.0,0.37,168.09,159.09,175.73,93.0,461.45,756.18,2297.55,1706.55,4004.09,1217.64,22976.0,475.73,557413.64,0.0,1.0,334.82,111.55,57.09,23.0,0.0
1.0,8.0,0.0,7.0,9.0,22.0,2.0,2.0,3.0,1.0,9.0,1.0,8.0,0.0,0.0,0.0,0.0,0.0,0.0,0.0,1.0,0.0,0.0,0.0,0.0,0.0,0.0,0.0,0.0,0.0,0.0,0.0,0.0,0.0,38.0,7.0,8.0,3.0,4.0,22.0,0.0,1.0,0.0,0.0,3.0,5.0,2.0,0.0,3.0,0.0,0.0,0.0,0.0,0.0,2.0,2.0,3.0,0.0,0.0,0.0,0.0,0.0,2.75,2.0,2.0,3.0,1.0,15.0,8.0,22.0,18.0,40.0,23.0,180.0,16.0,2880.0,0.0,0.0,3.0,1.0,0.0,0.0,0.0
0.0,4.0,0.0,10.18,28.12,24.0,1.0,1.0,1.0,1.0,4.0,0.0,4.0,0.0,0.0,0.0,0.0,0.0,0.0,0.0,3.18,0.0,0.0,0.0,0.0,0.0,0.0,0.0,0.0,0.0,0.0,0.0,0.0,0.0,61.29,6.18,12.82,4.35,2.12,24.0,11.29,8.0,0.0,0.0,2.12,4.29,2.18,0.0,2.12,0.0,0.0,0.0,0.0,0.0,1.0,1.0,1.0,0.0,0.0,0.0,0.0,0.0,1.94,3.18,3.18,3.18,3.18,26.94,14.06,29.47,14.12,43.59,41.0,162.47,12.41,682.82,0.0,0.0,0.0,0.0,0.0,0.0,0.0
0.0,0.0,0.0,19.0,83.12,58.88,0.0,0.0,0.0,0.0,0.0,0.0,0.0,0.0,0.0,0.0,0.0,0.0,0.0,0.0,0.0,0.0,0.0,0.0,0.0,0.0,0.0,0.0,0.0,0.0,0.0,0.0,0.0,0.0,161.0,19.0,56.25,51.25,0.0,58.88,0.0,26.88,0.0,0.0,50.25,50.25,50.25,0.0,0.0,0.0,0.0,0.0,0.0,0.0,0.0,0.0,0.0,0.0,0.0,0.0,0.0,0.0,1.04,0.0,0.0,0.0,0.0,0.0,0.0,0.0,0.0,0.0,0.0,0.0,0.0,0.0,0.0,0.0,0.0,0.0,0.0,0.0,0.0
3.65,21.18,1.0,83.24,349.0,48.06,3.0,3.0,3.0,1.18,25.82,3.65,20.82,1.0,0.0,0.0,0.0,0.0,0.0,0.0,13.53,0.0,0.0,0.0,0.0,0.0,0.0,0.0,0.0,0.0,0.0,0.0,0.0,0.0,470.29,83.24,331.82,98.0,216.47,48.06,1.0,16.18,0.0,0.0,175.06,215.65,63.12,0.0,152.53,0.0,0.0,0.0,0.0,0.0,7.18,7.18,7.18,0.0,0.0,0.0,0.0,0.0,0.15,38.59,36.59,38.59,26.71,216.94,342.94,918.94,694.12,1613.06,559.88,9367.82,203.18,212466.53,1.0,2.0,83.65,24.94,26.41,12.71,0.0
2.92,21.92,6.0,151.21,909.53,284.82,4.08,3.58,5.0,2.08,29.05,2.92,20.82,6.0,0.0,0.0,0.0,0.0,0.0,0.0,38.32,0.0,0.0,0.0,0.0,0.0,0.0,0.0,0.0,0.0,0.0,0.0,0.0,0.0,1286.0,151.21,840.74,141.05,622.97,284.74,39.08,31.71,0.0,0.0,516.13,665.89,116.0,0.0,549.89,0.0,0.0,0.0,0.0,0.0,33.0,25.0,37.0,0.0,0.0,0.0,0.0,0.0,0.34,154.68,136.37,178.61,92.11,634.84,802.68,2591.95,1847.5,4439.45,1437.53,25633.21,672.03,833570.82,0.5,1.85,153.25,54.92,57.4,21.77,0.0
4.94,24.12,3.76,250.0,884.59,576.06,4.47,3.53,5.0,1.82,31.18,4.82,23.88,3.76,0.0,0.0,0.0,0.0,0.0,0.0,35.71,0.0,0.0,0.0,0.0,0.0,0.0,0.0,0.0,0.0,0.0,0.0,0.0,0.0,1649.0,249.35,862.59,171.53,652.59,575.53,7.59,15.59,0.0,0.0,464.35,632.12,98.06,0.29,533.76,0.0,0.0,0.0,0.0,0.0,26.35,17.65,28.12,0.0,0.0,0.0,0.0,0.0,0.67,164.35,133.76,184.18,80.0,588.53,925.76,2851.29,2110.76,4962.06,1514.29,28869.82,617.06,809277.06,0.21,0.21,210.11,64.11,139.37,29.42,0.0
0.0,0.0,0.0,45.0,190.9,128.7,0.0,0.0,0.0,0.0,0.0,0.0,0.0,0.0,0.0,0.0,0.0,0.0,0.0,0.0,0.0,0.0,0.0,0.0,0.0,0.0,0.0,0.0,0.0,0.0,0.0,0.0,0.0,0.0,299.6,45.0,136.0,136.0,0.0,128.7,0.0,54.9,0.0,0.0,89.0,89.0,89.0,0.0,0.0,0.0,0.0,0.0,0.0,0.0,0.0,0.0,0.0,0.0,0.0,0.0,0.0,0.0,0.95,0.0,0.0,0.0,0.0,0.0,0.0,0.0,0.0,0.0,0.0,0.0,0.0,0.0,0.0,0.0,0.0,0.0,0.0,0.0,0.0
0.0,0.0,0.0,7.0,19.0,16.0,0.0,0.0,0.0,0.0,0.0,0.0,0.0,0.0,0.0,0.0,0.0,0.0,0.0,0.0,0.0,0.0,0.0,0.0,0.0,0.0,0.0,0.0,0.0,0.0,0.0,0.0,0.0,0.0,42.0,7.0,0.0,0.0,0.0,16.0,0.0,19.0,0.0,0.0,0.0,0.0,0.0,0.0,0.0,0.0,0.0,0.0,0.0,0.0,0.0,0.0,0.0,0.0,0.0,0.0,0.0,0.0,0.0,0.0,0.0,0.0,0.0,0.0,0.0,0.0,0.0,0.0,0.0,0.0,0.0,0.0,0.0,0.0,0.0,0.0,0.0,0.0,0.0
3.0,47.26,10.03,187.82,1881.74,541.16,10.76,9.11,12.39,2.29,58.0,3.0,43.26,10.03,0.0,0.0,0.0,0.0,0.0,0.0,31.5,0.0,0.0,0.0,0.0,0.0,0.0,0.0,0.0,0.0,0.0,0.0,0.0,0.0,2445.13,183.58,1529.42,525.84,1122.79,529.37,137.68,229.53,0.0,0.0,1059.58,1380.05,251.92,8.76,1119.37,0.0,0.0,0.0,0.0,0.0,62.26,43.55,71.82,0.0,0.0,0.0,0.0,0.0,0.35,332.16,290.16,398.55,91.71,689.42,1277.03,5665.45,4261.95,9927.39,1966.45,66708.61,974.13,4264748.03,0.0,0.0,698.05,108.17,392.07,81.3,0.0
3.0,26.0,0.0,223.0,1320.67,65.0,6.0,5.0,6.0,2.0,30.0,3.0,26.0,0.0,0.0,0.0,0.0,0.0,0.0,0.0,45.0,0.0,0.0,0.0,0.0,0.0,0.0,0.0,0.0,0.0,0.0,0.0,0.0,0.0,1606.67,223.0,1296.67,357.33,910.67,65.0,0.0,24.0,0.0,0.0,762.33,961.33,213.0,0.0,748.33,0.0,0.0,0.0,0.0,0.0,20.0,20.0,21.0,0.0,0.0,0.0,0.0,0.0,0.05,248.0,236.0,262.0,90.0,814.0,1607.0,4316.0,3376.0,7692.0,2421.0,46880.0,789.0,1152598.0,0.0,0.0,376.0,136.0,164.33,37.0,0.0
3.55,22.24,5.82,211.42,1048.37,696.74,4.87,3.79,5.79,2.39,31.55,3.55,22.24,5.82,0.0,0.0,0.0,0.0,0.0,0.0,44.16,0.0,0.0,0.0,0.0,0.0,0.0,0.0,0.0,0.0,0.0,0.0,0.0,0.0,1949.74,208.42,988.32,138.89,621.97,691.74,42.84,25.42,0.0,0.0,494.37,721.92,117.92,65.47,538.53,0.0,0.0,0.0,0.0,0.0,30.74,13.08,34.37,0.0,0.0,0.0,0.0,0.0,0.71,225.24,173.92,256.87,127.82,700.68,1046.21,2873.32,2099.16,4972.47,1746.89,27696.74,683.53,573141.68,0.53,0.5,288.68,92.97,87.53,23.7,0.0
0.0,0.0,0.0,1.0,7.0,12.0,0.0,0.0,0.0,0.0,0.0,0.0,0.0,0.0,0.0,0.0,0.0,0.0,0.0,0.0,0.0,0.0,0.0,0.0,0.0,0.0,0.0,0.0,0.0,0.0,0.0,0.0,0.0,0.0,19.0,1.0,4.0,4.0,0.0,12.0,0.0,3.0,0.0,0.0,3.0,3.0,3.0,0.0,0.0,0.0,0.0,0.0,0.0,0.0,0.0,0.0,0.0,0.0,0.0,0.0,0.0,0.0,3.0,0.0,0.0,0.0,0.0,0.0,0.0,0.0,0.0,0.0,0.0,0.0,0.0,0.0,0.0,0.0,0.0,0.0,0.0,0.0,0.0
0.0,0.0,0.0,5.0,2026.0,4.0,0.0,0.0,0.0,0.0,0.0,0.0,0.0,0.0,0.0,0.0,0.0,0.0,0.0,0.0,0.0,0.0,0.0,0.0,0.0,0.0,0.0,0.0,0.0,0.0,0.0,0.0,0.0,0.0,2034.0,5.0,2024.0,2024.0,2024.0,4.0,0.0,2.0,0.0,0.0,4.0,4.0,4.0,0.0,0.0,0.0,0.0,0.0,0.0,0.0,0.0,0.0,0.0,0.0,0.0,0.0,0.0,0.0,0.0,0.0,0.0,0.0,0.0,0.0,0.0,0.0,0.0,0.0,0.0,0.0,0.0,0.0,0.0,0.0,0.0,0.0,0.0,0.0,0.0
0.0,0.0,0.0,21.0,103.0,81.6,0.0,0.0,0.0,0.0,0.0,0.0,0.0,0.0,0.0,0.0,0.0,0.0,0.0,0.0,0.0,0.0,0.0,0.0,0.0,0.0,0.0,0.0,0.0,0.0,0.0,0.0,0.0,0.0,174.0,21.0,66.0,60.0,0.0,81.6,3.0,34.0,0.0,0.0,26.0,26.0,26.0,0.0,0.0,0.0,0.0,0.0,0.0,0.0,0.0,0.0,0.0,0.0,0.0,0.0,0.0,0.0,1.24,0.0,0.0,0.0,0.0,0.0,0.0,0.0,0.0,0.0,0.0,0.0,0.0,0.0,0.0,0.0,0.0,0.0,0.0,0.0,0.0
0.0,0.0,0.0,10.74,49.26,14.0,0.0,0.0,0.0,0.0,0.0,0.0,0.0,0.0,0.0,0.0,0.0,0.0,0.0,0.0,0.0,0.0,0.0,0.0,0.0,0.0,0.0,0.0,0.0,0.0,0.0,0.0,0.0,0.0,73.0,10.74,23.26,23.13,0.0,14.0,0.0,26.0,0.0,0.0,22.26,22.26,22.26,0.0,0.0,0.0,0.0,0.0,0.0,0.0,0.0,0.0,0.0,0.0,0.0,0.0,0.0,0.0,0.61,0.0,0.0,0.0,0.0,0.0,0.0,0.0,0.0,0.0,0.0,0.0,0.0,0.0,0.0,0.0,0.0,0.0,0.0,0.0,0.0
2.0,23.5,0.0,67.25,501.25,141.5,6.25,6.12,6.25,1.75,25.62,2.0,23.5,0.0,0.0,0.0,0.0,0.0,0.0,0.0,21.0,0.0,0.0,0.0,0.0,0.0,0.0,0.0,0.0,0.0,0.0,0.0,0.0,0.0,710.0,67.25,493.25,124.12,332.75,141.5,0.0,8.0,0.0,0.0,381.62,481.38,90.12,34.0,357.25,0.0,0.0,0.0,0.0,0.0,18.62,18.62,19.38,0.0,0.0,0.0,0.0,0.0,0.29,130.75,127.25,132.75,45.25,336.75,548.0,1497.25,1130.0,2627.25,884.75,14828.62,323.38,291745.88,0.0,0.0,147.88,71.38,43.25,21.5,0.0
0.0,5.0,0.0,8.0,70.2,61.2,1.0,1.0,1.0,1.0,5.0,0.0,5.0,0.0,0.0,0.0,0.0,0.0,0.0,0.0,1.0,0.0,0.0,0.0,0.0,0.0,0.0,0.0,0.0,0.0,0.0,0.0,0.0,0.0,104.2,8.0,62.2,57.2,1.0,61.2,0.0,8.0,0.0,0.0,49.2,50.2,49.2,0.0,1.0,0.0,0.0,0.0,0.0,0.0,1.0,1.0,1.0,0.0,0.0,0.0,0.0,0.0,0.98,1.0,1.0,1.0,1.0,7.0,4.0,7.0,5.0,12.0,11.0,41.0,4.0,164.0,0.0,0.0,1.0,1.0,0.0,0.0,0.0
1.46,11.86,0.0,352.36,1917.21,705.71,4.0,3.43,4.86,1.39,13.82,1.46,11.86,0.0,0.0,0.0,0.0,0.0,0.0,0.0,126.07,0.0,0.0,0.0,0.0,0.0,0.0,0.0,0.0,0.0,0.0,0.0,0.0,0.0,2972.25,352.36,1712.79,626.82,1214.71,705.71,0.0,204.43,0.0,0.0,1257.64,1714.14,577.54,10.86,1125.75,0.0,0.0,0.0,0.0,0.0,54.43,18.32,63.89,0.0,0.0,0.0,0.0,0.0,0.35,498.36,429.5,631.43,245.96,1122.43,1991.54,5147.36,3826.36,8973.71,3113.96,50733.29,991.46,1314879.25,0.0,0.0,629.07,341.29,200.54,81.0,0.0
3.0,23.0,1.0,192.67,950.05,249.33,4.0,4.0,4.0,2.0,27.0,3.0,23.0,1.0,0.0,0.0,0.0,0.0,0.0,0.0,40.0,0.0,0.0,0.0,0.0,0.0,0.0,0.0,0.0,0.0,0.0,0.0,0.0,0.0,1391.05,192.67,940.1,208.33,682.76,249.33,0.0,9.95,0.0,0.0,526.76,676.1,141.33,10.0,524.76,0.0,0.0,0.0,0.0,0.0,12.0,12.0,12.0,0.0,0.0,0.0,0.0,0.0,0.27,150.33,150.33,153.33,97.0,702.0,1024.33,2943.29,2281.05,5224.33,1726.33,29128.57,760.1,631758.86,2.1,6.0,219.1,84.67,91.0,35.0,0.0
8.0,30.0,0.0,11.0,34.0,18.0,6.0,6.0,6.0,4.0,38.0,8.0,30.0,0.0,0.0,0.0,0.0,0.0,0.0,0.0,1.0,0.0,0.0,0.0,0.0,0.0,0.0,0.0,0.0,0.0,0.0,0.0,0.0,0.0,62.0,11.0,30.0,11.0,18.0,18.0,0.0,4.0,0.0,0.0,14.0,18.0,3.0,0.0,15.0,0.0,0.0,0.0,0.0,0.0,6.0,6.0,6.0,0.0,0.0,0.0,0.0,0.0,0.6,6.0,6.0,6.0,4.0,25.0,22.0,114.0,73.0,187.0,47.0,1038.0,41.0,42558.0,0.0,0.0,13.0,1.0,2.0,1.0,0.0
3.0,17.0,1.0,119.33,512.56,19.0,3.0,3.0,4.0,1.33,21.0,3.0,17.0,1.0,0.0,0.0,0.0,0.0,0.0,0.0,26.0,0.0,0.0,0.0,0.0,0.0,0.0,0.0,0.0,0.0,0.0,0.0,0.0,0.0,650.89,119.33,491.17,125.89,346.17,19.0,0.0,21.39,0.0,0.0,250.33,336.0,81.0,0.0,255.0,0.0,0.0,0.0,0.0,0.0,16.0,13.0,17.0,0.0,0.0,0.0,0.0,0.0,0.04,86.67,80.33,94.0,48.67,399.0,506.5,1387.78,1053.78,2441.56,905.5,13573.39,377.83,320297.22,0.0,0.0,138.39,49.0,24.33,13.0,0.0
2.92,14.08,0.0,89.0,352.69,63.62,3.15,2.92,3.23,1.0,16.31,2.92,14.08,0.0,0.0,0.0,0.0,0.0,0.0,0.0,21.23,0.0,0.0,0.0,0.0,0.0,0.0,0.0,0.0,0.0,0.0,0.0,0.0,0.0,504.31,89.0,339.69,107.46,222.77,63.62,0.0,13.0,0.0,0.0,174.0,238.69,84.92,0.0,153.77,0.0,0.0,0.0,0.0,0.0,12.31,10.92,16.46,0.0,0.0,0.0,0.0,0.0,0.19,59.77,57.77,68.77,36.0,329.0,370.54,1044.92,771.77,1816.69,699.54,10081.46,308.62,237805.46,0.0,0.0,99.46,27.15,21.85,8.92,0.0
1.5,12.0,1.0,136.5,540.0,398.5,2.0,2.0,2.0,1.0,15.0,1.5,12.0,1.0,0.0,0.0,0.0,0.0,0.0,0.0,24.5,0.0,0.0,0.0,0.0,0.0,0.0,0.0,0.0,0.0,0.0,0.0,0.0,0.0,1071.5,89.5,300.0,54.0,205.5,336.5,342.5,6.5,0.0,0.0,151.5,203.5,52.0,0.0,151.5,0.0,0.0,0.0,0.0,0.0,5.0,5.0,7.5,0.0,0.0,0.0,0.0,0.0,1.12,52.0,52.0,56.0,26.5,321.0,418.0,1118.0,882.0,2000.0,739.0,10580.5,295.0,197546.5,0.0,2.0,176.0,40.0,27.5,5.5,0.0
2.43,28.38,1.19,213.9,1996.57,156.67,4.52,4.05,4.52,2.0,32.1,2.43,28.33,1.19,0.0,0.0,0.0,0.0,0.0,0.0,66.38,0.0,0.0,0.0,0.0,0.0,0.0,0.0,0.0,0.0,0.0,0.0,0.0,0.0,2345.14,209.05,1919.19,408.43,1380.52,151.71,57.48,29.67,0.0,0.0,1060.1,1375.43,304.33,0.0,1071.1,0.0,0.0,0.0,0.0,0.0,26.52,18.86,27.52,0.0,0.0,0.0,0.0,0.0,0.08,305.62,253.48,319.95,156.38,1152.71,1795.71,5481.29,3996.71,9478.0,2948.43,56923.38,1152.24,2081904.71,1.43,2.43,528.05,200.43,166.43,55.48,0.0
0.0,5.0,0.0,103.67,567.67,282.0,1.0,1.0,1.0,1.0,5.0,0.0,5.0,0.0,0.0,0.0,0.0,0.0,0.0,0.0,11.0,0.0,0.0,0.0,0.0,0.0,0.0,0.0,0.0,0.0,0.0,0.0,0.0,0.0,791.33,103.67,507.67,454.67,11.0,282.0,0.0,60.0,0.0,0.0,340.0,351.0,340.0,0.0,11.0,0.0,0.0,0.0,0.0,0.0,1.0,1.0,1.0,0.0,0.0,0.0,0.0,0.0,0.55,11.0,11.0,11.0,11.0,77.0,52.0,85.0,63.0,148.0,129.0,523.0,44.0,2092.0,0.0,0.0,19.0,19.0,0.0,0.0,0.0
0.0,0.0,0.0,46.0,428.11,118.0,0.0,0.0,0.0,0.0,0.0,0.0,0.0,0.0,0.0,0.0,0.0,0.0,0.0,0.0,0.0,0.0,0.0,0.0,0.0,0.0,0.0,0.0,0.0,0.0,0.0,0.0,0.0,0.0,534.78,46.0,328.67,312.11,0.0,118.0,0.0,99.44,0.0,0.0,278.89,278.89,278.89,0.0,0.0,0.0,0.0,0.0,0.0,0.0,0.0,0.0,0.0,0.0,0.0,0.0,0.0,0.0,0.36,0.0,0.0,0.0,0.0,0.0,0.0,0.0,0.0,0.0,0.0,0.0,0.0,0.0,0.0,0.0,0.0,0.0,0.0,0.0,0.0
0.0,8.0,0.0,6.0,34.0,19.0,1.0,1.0,1.0,1.0,8.0,0.0,8.0,0.0,0.0,0.0,0.0,0.0,0.0,0.0,2.0,0.0,0.0,0.0,0.0,0.0,0.0,0.0,0.0,0.0,0.0,0.0,0.0,0.0,58.0,6.0,26.0,14.0,7.0,19.0,0.0,8.0,0.0,0.0,10.0,12.0,7.0,0.0,5.0,0.0,0.0,0.0,0.0,0.0,1.0,1.0,1.0,0.0,0.0,0.0,0.0,0.0,0.73,2.0,2.0,2.0,2.0,27.0,30.0,59.0,46.0,105.0,57.0,506.0,19.0,4837.0,0.0,0.0,3.0,1.0,5.0,4.0,0.0
3.0,19.88,1.0,186.25,929.12,122.5,3.38,3.38,3.5,1.0,23.75,3.0,19.88,1.0,0.0,0.0,0.0,0.0,0.0,0.0,44.25,0.0,0.0,0.0,0.0,0.0,0.0,0.0,0.0,0.0,0.0,0.0,0.0,0.0,1237.88,186.25,924.38,262.25,615.25,122.5,0.0,4.75,0.0,0.0,486.5,625.62,156.0,0.0,469.62,0.0,0.0,0.0,0.0,0.0,13.0,10.38,17.25,0.0,0.0,0.0,0.0,0.0,0.13,144.88,139.88,161.38,65.62,591.0,966.12,2573.88,1961.12,4535.0,1557.12,25431.62,554.62,517746.12,0.0,5.75,277.0,111.25,87.25,34.5,0.0
0.0,0.0,0.0,46.63,515.95,259.61,0.0,0.0,0.0,0.0,0.0,0.0,0.0,0.0,0.0,0.0,0.0,0.0,0.0,0.0,0.0,0.0,0.0,0.0,0.0,0.0,0.0,0.0,0.0,0.0,0.0,0.0,0.0,0.0,644.18,46.63,350.11,402.34,0.0,225.61,86.0,107.84,0.0,0.0,329.5,329.5,329.5,0.0,0.0,0.0,0.0,0.0,0.0,0.0,0.0,0.0,0.0,0.0,0.0,0.0,0.0,0.0,0.64,0.0,0.0,0.0,0.0,0.0,0.0,0.0,0.0,0.0,0.0,0.0,0.0,0.0,0.0,0.0,0.0,0.0,0.0,0.0,0.0
2.71,21.71,1.71,82.57,501.29,116.76,4.86,3.71,4.86,1.71,25.43,2.71,21.71,1.71,0.0,0.0,0.0,0.0,0.0,0.0,20.71,0.0,0.0,0.0,0.0,0.0,0.0,0.0,0.0,0.0,0.0,0.0,0.0,0.0,689.62,82.29,454.71,96.57,320.1,116.76,5.57,41.29,0.0,0.0,386.62,484.19,97.14,32.67,354.38,0.0,0.0,0.0,0.0,0.0,24.29,13.29,25.0,0.0,0.0,0.0,0.0,0.0,0.26,94.29,75.86,95.71,44.43,316.9,562.9,1458.81,1094.19,2553.0,879.81,15290.71,273.33,391451.81,0.0,0.0,136.71,62.14,70.71,22.14,0.0
3.0,34.6,3.9,186.3,1440.7,186.3,5.1,5.0,6.8,2.0,39.9,3.0,33.7,3.9,0.0,0.0,0.0,0.0,0.0,0.0,39.8,0.0,0.0,0.0,0.0,0.0,0.0,0.0,0.0,0.0,0.0,0.0,0.0,0.0,1759.3,178.3,1331.1,148.1,813.2,182.6,103.4,19.9,0.0,0.0,770.7,979.5,109.0,68.9,801.6,0.0,0.0,0.0,0.0,0.0,29.0,29.0,51.7,0.0,0.0,0.0,0.0,0.0,0.14,215.6,207.6,264.1,105.0,583.1,1365.7,3995.4,3440.6,7436.0,1948.8,47666.1,659.9,1892696.0,0.0,0.8,509.5,99.9,177.1,54.2,0.0
4.0,13.0,5.0,97.0,238.65,186.0,2.0,2.0,2.0,1.0,23.0,4.0,13.0,5.0,0.0,0.0,0.0,0.0,0.0,0.0,14.0,0.0,0.0,0.0,0.0,0.0,0.0,0.0,0.0,0.0,0.0,0.0,0.0,0.0,519.65,97.0,210.65,56.65,138.65,186.0,0.0,28.0,0.0,0.0,125.0,147.0,42.0,0.0,105.0,0.0,0.0,0.0,0.0,0.0,7.0,7.0,7.0,0.0,0.0,0.0,0.0,0.0,0.88,23.0,23.0,24.0,20.0,182.39,238.0,595.22,459.17,1054.39,420.39,6123.39,145.39,149315.61,0.0,0.0,57.0,20.0,34.0,3.0,0.0
4.23,29.05,3.18,338.27,2034.09,406.27,5.77,4.55,6.55,3.05,36.27,4.23,29.05,3.18,0.0,0.0,0.0,0.0,0.0,0.0,67.14,0.0,0.0,0.0,0.0,0.0,0.0,0.0,0.0,0.0,0.0,0.0,0.0,0.0,2776.95,338.27,2006.64,335.68,1469.86,406.27,0.0,27.45,0.0,0.0,1208.27,1604.36,254.64,43.45,1306.27,0.0,0.0,0.0,0.0,0.0,34.05,22.55,34.91,0.0,0.0,0.0,0.0,0.0,0.2,402.36,326.59,445.77,256.91,1148.36,1981.86,6371.32,4609.55,10980.86,3130.23,65356.05,1253.82,1808825.82,1.95,15.86,802.86,226.36,199.82,64.32,0.0
0.0,0.0,0.0,7.0,34.8,30.0,0.0,0.0,0.0,0.0,0.0,0.0,0.0,0.0,0.0,0.0,0.0,0.0,0.0,0.0,0.0,0.0,0.0,0.0,0.0,0.0,0.0,0.0,0.0,0.0,0.0,0.0,0.0,0.0,63.8,7.0,24.8,23.8,0.0,30.0,0.0,10.0,0.0,0.0,17.2,17.2,17.2,0.0,0.0,0.0,0.0,0.0,0.0,0.0,0.0,0.0,0.0,0.0,0.0,0.0,0.0,0.0,1.21,0.0,0.0,0.0,0.0,0.0,0.0,0.0,0.0,0.0,0.0,0.0,0.0,0.0,0.0,0.0,0.0,0.0,0.0,0.0,0.0
13.33,75.19,6.56,254.67,1395.22,194.06,21.28,18.03,25.44,5.78,94.22,13.33,74.25,6.56,0.0,0.0,0.0,0.0,0.0,0.0,19.75,0.0,0.0,0.0,0.0,0.0,0.0,0.0,0.0,0.0,0.0,0.0,0.0,0.0,1829.28,254.67,1376.39,154.81,995.08,194.06,13.0,5.83,0.0,0.0,815.58,1090.03,121.89,25.67,942.47,0.0,0.0,0.0,0.0,0.0,123.89,99.14,149.19,0.0,0.0,0.0,0.0,0.0,0.15,381.67,323.97,451.53,110.92,425.83,1158.72,4381.97,3497.11,7879.08,1584.56,54541.86,555.19,2969801.11,0.0,1.11,551.39,103.84,152.55,39.11,0.0
0.0,5.0,0.0,13.5,105.0,6.0,1.0,1.0,1.0,1.0,5.0,0.0,5.0,0.0,0.0,0.0,0.0,0.0,0.0,0.0,4.0,0.0,0.0,0.0,0.0,0.0,0.0,0.0,0.0,0.0,0.0,0.0,0.0,0.0,124.5,13.5,101.0,89.0,71.0,6.0,0.0,4.0,0.0,0.0,23.0,27.0,23.0,0.0,4.0,0.0,0.0,0.0,0.0,0.0,1.0,1.0,1.0,0.0,0.0,0.0,0.0,0.0,0.06,4.0,4.0,4.0,4.0,25.0,18.0,35.0,21.0,56.0,43.0,198.0,13.0,779.0,0.0,0.0,1.0,1.0,0.0,0.0,0.0
3.0,15.03,1.0,28.89,102.97,30.0,3.0,3.0,3.0,2.0,19.03,3.0,15.03,1.0,0.0,0.0,0.0,0.0,0.0,0.0,3.74,0.0,0.0,0.0,0.0,0.0,0.0,0.0,0.0,0.0,0.0,0.0,0.0,0.0,161.87,28.89,83.24,35.89,59.66,30.0,0.0,19.74,0.0,0.0,37.34,47.08,15.16,0.0,31.92,0.0,0.0,0.0,0.0,0.0,6.0,6.0,6.0,0.0,0.0,0.0,0.0,0.0,0.37,9.74,9.74,9.74,7.74,47.95,66.82,157.39,117.61,275.0,114.76,1540.95,37.74,29154.63,0.0,0.0,7.92,2.75,3.25,1.25,0.0
0.0,0.0,0.0,20.71,64.12,38.0,0.0,0.0,0.0,0.0,0.0,0.0,0.0,0.0,0.0,0.0,0.0,0.0,0.0,0.0,0.0,0.0,0.0,0.0,0.0,0.0,0.0,0.0,0.0,0.0,0.0,0.0,0.0,0.0,117.82,20.71,38.12,35.12,0.0,38.0,0.0,26.0,0.0,0.0,34.12,34.12,34.12,0.0,0.0,0.0,0.0,0.0,0.0,0.0,0.0,0.0,0.0,0.0,0.0,0.0,0.0,0.0,1.0,0.0,0.0,0.0,0.0,0.0,0.0,0.0,0.0,0.0,0.0,0.0,0.0,0.0,0.0,0.0,0.0,0.0,0.0,0.0,0.0
1.0,9.0,0.0,34.88,172.0,107.0,2.0,2.0,2.0,1.0,10.0,1.0,9.0,0.0,0.0,0.0,0.0,0.0,0.0,0.0,8.0,0.0,0.0,0.0,0.0,0.0,0.0,0.0,0.0,0.0,0.0,0.0,0.0,0.0,310.88,34.88,140.62,86.62,40.0,107.0,0.0,31.38,0.0,0.0,82.62,97.62,69.62,0.0,28.0,0.0,0.0,0.0,0.0,0.0,3.0,3.0,3.0,0.0,0.0,0.0,0.0,0.0,0.76,15.0,15.0,17.0,8.0,132.0,74.0,249.0,181.0,430.0,206.0,2075.0,159.0,57282.0,2.0,2.0,15.0,6.0,0.0,0.0,0.0
0.0,0.0,0.0,32.0,184.0,203.0,0.0,0.0,0.0,0.0,0.0,0.0,0.0,0.0,0.0,0.0,0.0,0.0,0.0,0.0,0.0,0.0,0.0,0.0,0.0,0.0,0.0,0.0,0.0,0.0,0.0,0.0,0.0,0.0,417.0,32.0,115.0,100.0,0.0,203.0,17.0,55.0,0.0,0.0,98.0,98.0,98.0,0.0,0.0,0.0,0.0,0.0,0.0,0.0,0.0,0.0,0.0,0.0,0.0,0.0,0.0,0.0,1.77,0.0,0.0,0.0,0.0,0.0,0.0,0.0,0.0,0.0,0.0,0.0,0.0,0.0,0.0,0.0,0.0,0.0,0.0,0.0,0.0
0.0,0.0,0.0,11.37,1031.29,894.61,0.0,0.0,0.0,0.0,0.0,0.0,0.0,0.0,0.0,0.0,0.0,0.0,0.0,0.0,0.0,0.0,0.0,0.0,0.0,0.0,0.0,0.0,0.0,0.0,0.0,0.0,0.0,0.0,1811.71,11.37,944.47,975.66,859.55,874.29,63.5,43.58,0.0,0.0,119.11,119.11,119.11,0.0,0.0,0.0,0.0,0.0,0.0,0.0,0.0,0.0,0.0,0.0,0.0,0.0,0.0,0.0,0.93,0.0,0.0,0.0,0.0,0.0,0.0,0.0,0.0,0.0,0.0,0.0,0.0,0.0,0.0,0.0,0.0,0.0,0.0,0.0,0.0
6.0,33.58,7.0,422.71,2010.16,786.76,7.0,4.66,7.0,2.0,45.58,6.0,28.66,6.92,0.0,0.0,0.0,0.0,0.0,0.0,54.08,0.0,0.0,0.0,0.0,0.0,0.0,0.0,0.0,0.0,0.0,0.0,0.0,0.0,3115.63,408.71,1587.26,213.79,1239.87,712.76,287.66,206.24,0.0,0.0,897.74,1260.13,134.92,2.34,1122.87,0.0,0.0,0.0,0.0,0.0,110.0,42.0,112.0,0.0,0.0,0.0,0.0,0.0,0.45,367.82,242.82,386.16,142.05,924.53,1728.45,5946.03,4834.21,10780.24,2652.97,68195.11,1136.87,3209619.92,0.0,0.0,686.92,116.83,144.72,38.35,0.0
0.68,3.63,0.0,11.97,44.32,13.63,1.42,1.42,1.47,0.74,4.32,0.68,3.63,0.0,0.0,0.0,0.0,0.0,0.0,0.0,1.42,0.0,0.0,0.0,0.0,0.0,0.0,0.0,0.0,0.0,0.0,0.0,0.0,0.0,66.71,11.97,37.11,30.32,2.79,13.63,0.0,7.21,0.0,0.0,25.71,27.92,25.13,0.0,2.79,0.0,0.0,0.0,0.0,0.0,1.42,1.42,1.47,0.0,0.0,0.0,0.0,0.0,0.4,2.11,2.11,2.84,1.42,19.16,8.53,24.84,12.79,37.63,27.68,160.42,13.47,1523.16,0.0,0.0,2.15,1.4,0.0,0.0,0.0
0.0,5.64,0.0,105.55,426.45,557.82,1.0,1.0,1.55,1.0,5.64,0.0,5.64,0.0,0.0,0.0,0.0,0.0,0.0,0.0,9.91,0.0,0.0,0.0,0.0,0.0,0.0,0.0,0.0,0.0,0.0,0.0,0.0,0.0,1058.91,105.55,387.64,334.91,21.36,557.82,0.36,38.82,0.0,0.0,270.36,283.73,262.36,0.0,21.36,0.0,0.0,0.0,0.0,0.0,2.0,2.0,2.91,0.0,0.0,0.0,0.0,0.0,1.44,13.36,13.36,14.27,9.91,117.73,64.45,163.45,98.45,261.91,182.18,1120.18,83.73,11004.27,0.0,0.0,9.18,6.82,6.36,4.91,0.0
4.0,20.0,0.0,62.0,277.4,40.2,4.4,4.0,4.4,1.0,24.0,4.0,20.0,0.0,0.0,0.0,0.0,0.0,0.0,0.0,12.0,0.0,0.0,0.0,0.0,0.0,0.0,0.0,0.0,0.0,0.0,0.0,0.0,0.0,374.6,62.0,267.4,75.2,172.0,40.2,0.0,10.0,0.0,0.0,143.4,191.8,43.2,0.8,147.8,0.0,0.0,0.0,0.0,0.0,9.4,9.0,9.4,0.0,0.0,0.0,0.0,0.0,0.15,51.4,44.4,51.8,18.4,172.2,270.2,727.4,560.6,1288.0,442.4,7048.8,165.2,128855.4,0.0,0.0,145.2,45.4,21.2,9.2,0.0
0.0,0.0,0.0,31.12,184.12,56.0,0.0,0.0,0.0,0.0,0.0,0.0,0.0,0.0,0.0,0.0,0.0,0.0,0.0,0.0,0.0,0.0,0.0,0.0,0.0,0.0,0.0,0.0,0.0,0.0,0.0,0.0,0.0,0.0,251.25,31.12,166.12,163.12,0.0,56.0,0.0,18.0,0.0,0.0,135.38,135.38,135.38,0.0,0.0,0.0,0.0,0.0,0.0,0.0,0.0,0.0,0.0,0.0,0.0,0.0,0.0,0.0,0.34,0.0,0.0,0.0,0.0,0.0,0.0,0.0,0.0,0.0,0.0,0.0,0.0,0.0,0.0,0.0,0.0,0.0,0.0,0.0,0.0
0.0,0.0,0.0,48.0,296.0,290.0,0.0,0.0,0.0,0.0,0.0,0.0,0.0,0.0,0.0,0.0,0.0,0.0,0.0,0.0,0.0,0.0,0.0,0.0,0.0,0.0,0.0,0.0,0.0,0.0,0.0,0.0,0.0,0.0,457.0,48.0,285.0,270.0,0.0,290.0,0.0,11.0,0.0,0.0,207.0,207.0,207.0,0.0,0.0,0.0,0.0,0.0,0.0,0.0,0.0,0.0,0.0,0.0,0.0,0.0,0.0,0.0,1.02,0.0,0.0,0.0,0.0,0.0,0.0,0.0,0.0,0.0,0.0,0.0,0.0,0.0,0.0,0.0,0.0,0.0,0.0,0.0,0.0
3.57,15.97,1.54,142.46,487.0,96.0,3.22,3.14,3.27,1.38,21.22,3.57,14.11,1.54,0.0,0.0,0.0,0.0,0.0,0.0,23.54,0.0,0.0,0.0,0.0,0.0,0.0,0.0,0.0,0.0,0.0,0.0,0.0,0.0,719.86,141.84,370.0,91.22,246.32,95.38,26.68,90.95,0.0,0.0,191.49,262.65,69.73,3.89,189.03,0.0,0.0,0.0,0.0,0.0,18.35,18.08,19.73,0.0,0.0,0.0,0.0,0.0,0.27,75.62,73.19,81.59,36.49,297.24,366.54,1045.54,752.19,1797.73,663.78,10138.19,259.14,279533.89,0.0,1.44,38.31,16.46,38.36,5.64,0.0
0.0,0.0,0.0,16.0,150.95,34.0,0.0,0.0,0.0,0.0,0.0,0.0,0.0,0.0,0.0,0.0,0.0,0.0,0.0,0.0,0.0,0.0,0.0,0.0,0.0,0.0,0.0,0.0,0.0,0.0,0.0,0.0,0.0,0.0,198.95,16.0,46.0,46.0,0.0,34.0,0.0,104.95,0.0,0.0,40.0,40.0,40.0,0.0,0.0,0.0,0.0,0.0,0.0,0.0,0.0,0.0,0.0,0.0,0.0,0.0,0.0,0.0,0.74,0.0,0.0,0.0,0.0,0.0,0.0,0.0,0.0,0.0,0.0,0.0,0.0,0.0,0.0,0.0,0.0,0.0,0.0,0.0,0.0
0.0,5.0,0.0,13.83,74.92,6.0,1.0,1.0,1.0,1.0,5.0,0.0,5.0,0.0,0.0,0.0,0.0,0.0,0.0,0.0,4.0,0.0,0.0,0.0,0.0,0.0,0.0,0.0,0.0,0.0,0.0,0.0,0.0,0.0,94.75,13.83,70.5,58.5,43.0,6.0,0.0,4.42,0.0,0.0,20.5,24.5,20.5,0.0,4.0,0.0,0.0,0.0,0.0,0.0,1.0,1.0,1.0,0.0,0.0,0.0,0.0,0.0,0.09,4.0,4.0,4.0,4.0,25.0,18.0,35.0,21.0,56.0,43.0,198.0,13.0,779.0,0.0,0.0,1.0,1.0,0.0,0.0,0.0
0.0,5.0,0.0,24.0,82.2,39.2,1.0,1.0,1.0,1.0,5.0,0.0,5.0,0.0,0.0,0.0,0.0,0.0,0.0,0.0,9.0,0.0,0.0,0.0,0.0,0.0,0.0,0.0,0.0,0.0,0.0,0.0,0.0,0.0,131.2,24.0,73.2,45.2,9.0,39.2,0.0,9.0,0.0,0.0,30.2,39.2,30.2,0.0,9.0,0.0,0.0,0.0,0.0,0.0,1.0,1.0,1.0,0.0,0.0,0.0,0.0,0.0,0.53,9.0,9.0,9.0,9.0,63.0,44.0,71.0,53.0,124.0,107.0,441.0,36.0,1764.0,0.0,0.0,17.0,17.0,0.0,0.0,0.0
2.0,13.0,2.0,78.0,275.0,78.0,2.0,2.0,2.0,1.0,17.0,2.0,12.0,2.0,0.0,0.0,0.0,0.0,0.0,0.0,16.0,0.0,0.0,0.0,0.0,0.0,0.0,0.0,0.0,0.0,0.0,0.0,0.0,0.0,421.0,78.0,224.0,79.0,140.65,77.0,8.0,45.0,0.0,0.0,122.35,146.35,51.35,0.0,95.0,0.0,0.0,0.0,0.0,0.0,6.0,6.0,6.0,0.0,0.0,0.0,0.0,0.0,0.34,24.0,24.0,26.0,21.0,202.0,250.0,650.61,430.17,1080.78,452.0,5963.04,150.0,104379.09,0.0,0.0,21.0,14.0,45.0,12.0,0.0
0.0,0.0,0.0,3.0,2.0,5.0,0.0,0.0,0.0,0.0,0.0,0.0,0.0,0.0,0.0,0.0,0.0,0.0,0.0,0.0,0.0,0.0,0.0,0.0,0.0,0.0,0.0,0.0,0.0,0.0,0.0,0.0,0.0,0.0,10.0,3.0,0.0,0.0,0.0,5.0,0.0,2.0,0.0,0.0,0.0,0.0,0.0,0.0,0.0,0.0,0.0,0.0,0.0,0.0,0.0,0.0,0.0,0.0,0.0,0.0,0.0,0.0,0.0,0.0,0.0,0.0,0.0,0.0,0.0,0.0,0.0,0.0,0.0,0.0,0.0,0.0,0.0,0.0,0.0,0.0,0.0,0.0,0.0
1.62,10.5,0.38,104.62,441.75,214.62,1.38,1.38,2.0,1.0,12.38,1.62,10.5,0.38,0.0,0.0,0.0,0.0,0.0,0.0,35.38,0.0,0.0,0.0,0.0,0.0,0.0,0.0,0.0,0.0,0.0,0.0,0.0,0.0,751.12,104.62,421.5,139.5,241.12,214.62,0.0,20.25,0.0,0.0,238.25,299.75,71.88,1.75,226.12,0.0,0.0,0.0,0.0,0.0,6.12,6.12,6.75,0.0,0.0,0.0,0.0,0.0,0.68,68.25,67.88,71.38,37.25,379.25,506.88,1253.12,1015.88,2269.0,886.12,11570.62,343.25,193628.38,0.0,0.0,114.75,53.38,91.12,31.62,0.0
0.0,0.0,0.0,7.0,36.0,60.0,0.0,0.0,0.0,0.0,0.0,0.0,0.0,0.0,0.0,0.0,0.0,0.0,0.0,0.0,0.0,0.0,0.0,0.0,0.0,0.0,0.0,0.0,0.0,0.0,0.0,0.0,0.0,0.0,102.0,7.0,22.0,21.0,0.0,60.0,0.0,14.0,0.0,0.0,16.0,16.63,16.63,0.0,0.0,0.0,0.0,0.0,0.0,0.0,0.0,0.0,0.0,0.0,0.0,0.0,0.0,0.0,2.73,0.0,0.0,0.0,0.0,0.0,0.0,0.0,0.0,0.0,0.0,0.0,0.0,0.0,0.0,0.0,0.0,0.0,0.0,0.0,0.0
0.0,0.0,0.0,5.0,18.0,23.0,0.0,0.0,0.0,0.0,0.0,0.0,0.0,0.0,0.0,0.0,0.0,0.0,0.0,0.0,0.0,0.0,0.0,0.0,0.0,0.0,0.0,0.0,0.0,0.0,0.0,0.0,0.0,0.0,45.0,5.0,12.0,12.0,0.0,23.0,0.0,6.0,0.0,0.0,10.0,10.0,10.0,0.0,0.0,0.0,0.0,0.0,0.0,0.0,0.0,0.0,0.0,0.0,0.0,0.0,0.0,0.0,1.92,0.0,0.0,0.0,0.0,0.0,0.0,0.0,0.0,0.0,0.0,0.0,0.0,0.0,0.0,0.0,0.0,0.0,0.0,0.0,0.0
0.0,5.0,0.0,82.4,759.2,98.0,1.0,1.0,1.0,1.0,5.0,0.0,5.0,0.0,0.0,0.0,0.0,0.0,0.0,0.0,2.0,0.0,0.0,0.0,0.0,0.0,0.0,0.0,0.0,0.0,0.0,0.0,0.0,0.0,917.6,82.4,69.8,53.2,3.0,98.0,0.0,689.4,0.0,0.0,54.2,56.2,53.2,0.0,3.0,0.0,0.0,0.0,0.0,0.0,1.0,1.0,1.0,0.0,0.0,0.0,0.0,0.0,1.41,2.0,2.0,2.0,2.0,21.0,16.0,40.0,26.0,66.0,37.0,277.0,16.0,2216.0,0.0,0.0,0.0,0.0,0.0,0.0,0.0
0.0,0.0,0.0,18.0,205.1,75.0,0.0,0.0,0.0,0.0,0.0,0.0,0.0,0.0,0.0,0.0,0.0,0.0,0.0,0.0,0.0,0.0,0.0,0.0,0.0,0.0,0.0,0.0,0.0,0.0,0.0,0.0,0.0,0.0,262.1,18.0,200.1,200.1,0.0,75.0,0.0,5.0,0.0,0.0,47.0,47.0,47.0,0.0,0.0,0.0,0.0,0.0,0.0,0.0,0.0,0.0,0.0,0.0,0.0,0.0,0.0,0.0,0.37,0.0,0.0,0.0,0.0,0.0,0.0,0.0,0.0,0.0,0.0,0.0,0.0,0.0,0.0,0.0,0.0,0.0,0.0,0.0,0.0
0.0,0.0,0.0,1.62,1.19,6.0,0.0,0.0,0.0,0.0,0.0,0.0,0.0,0.0,0.0,0.0,0.0,0.0,0.0,0.0,0.0,0.0,0.0,0.0,0.0,0.0,0.0,0.0,0.0,0.0,0.0,0.0,0.0,0.0,8.81,1.62,0.0,0.0,0.0,6.0,0.0,1.19,0.0,0.0,0.0,0.0,0.0,0.0,0.0,0.0,0.0,0.0,0.0,0.0,0.0,0.0,0.0,0.0,0.0,0.0,0.0,0.0,0.0,0.0,0.0,0.0,0.0,0.0,0.0,0.0,0.0,0.0,0.0,0.0,0.0,0.0,0.0,0.0,0.0,0.0,0.0,0.0,0.0
0.0,0.0,0.0,23.42,111.58,57.83,0.0,0.0,0.0,0.0,0.0,0.0,0.0,0.0,0.0,0.0,0.0,0.0,0.0,0.0,0.0,0.0,0.0,0.0,0.0,0.0,0.0,0.0,0.0,0.0,0.0,0.0,0.0,0.0,181.0,23.42,66.5,54.17,0.0,57.83,0.0,45.08,0.0,0.0,54.17,54.17,54.17,0.0,0.0,0.0,0.0,0.0,0.0,0.0,0.0,0.0,0.0,0.0,0.0,0.0,0.0,0.0,0.87,0.0,0.0,0.0,0.0,0.0,0.0,0.0,0.0,0.0,0.0,0.0,0.0,0.0,0.0,0.0,0.0,0.0,0.0,0.0,0.0
3.0,16.8,1.0,308.3,1399.5,184.0,3.0,3.0,4.0,1.0,19.8,3.0,16.8,1.0,0.0,0.0,0.0,0.0,0.0,0.0,79.6,0.0,0.0,0.0,0.0,0.0,0.0,0.0,0.0,0.0,0.0,0.0,0.0,0.0,1876.2,308.3,1372.9,348.2,864.7,184.0,4.0,23.6,0.0,0.0,718.0,939.8,239.0,3.0,697.8,0.0,0.0,0.0,0.0,0.0,56.0,47.0,59.0,0.0,0.0,0.0,0.0,0.0,0.13,270.5,261.5,290.9,153.6,1089.4,1465.9,4387.9,3356.7,7744.6,2555.3,43679.5,1139.2,1315542.1,0.0,2.0,310.6,91.6,172.3,53.2,0.0
3.0,24.63,6.34,51.39,429.0,212.61,4.76,4.76,5.55,2.0,33.18,3.0,22.11,6.34,0.0,0.0,0.0,0.0,0.0,0.0,7.21,0.0,0.0,0.0,0.0,0.0,0.0,0.0,0.0,0.0,0.0,0.0,0.0,0.0,630.53,40.16,337.5,203.89,109.32,199.97,95.11,18.37,0.0,0.0,91.76,122.11,40.63,0.0,81.47,0.0,0.0,0.0,0.0,0.0,8.47,8.47,11.47,0.0,0.0,0.0,0.0,0.0,0.59,30.58,30.58,37.66,16.26,126.32,144.34,504.47,338.53,843.0,270.66,4524.32,147.92,115966.87,2.45,2.92,31.1,10.55,4.45,2.23,0.0
5.0,43.29,6.11,432.0,2638.16,491.89,8.11,7.39,8.71,4.63,53.32,5.0,42.18,6.0,0.0,0.0,0.0,0.0,0.0,0.0,55.89,0.0,0.0,0.0,0.0,0.0,0.0,0.0,0.0,0.0,0.0,0.0,0.0,0.0,3469.71,424.26,2401.82,350.87,1751.37,470.32,190.16,78.5,0.0,0.0,1434.26,1883.92,287.87,12.79,1583.26,0.0,0.0,0.0,0.0,0.0,42.61,30.84,43.61,0.0,0.0,0.0,0.0,0.0,0.2,459.03,413.03,486.97,283.58,1123.45,2281.21,7778.74,5949.87,13728.61,3404.66,86891.71,1382.63,3404725.92,12.43,17.57,736.25,175.05,273.62,70.38,0.0
0.0,0.0,0.0,22.0,108.0,102.0,0.0,0.0,0.0,0.0,0.0,0.0,0.0,0.0,0.0,0.0,0.0,0.0,0.0,0.0,0.0,0.0,0.0,0.0,0.0,0.0,0.0,0.0,0.0,0.0,0.0,0.0,0.0,0.0,195.0,22.0,35.0,35.0,0.0,102.0,0.0,73.0,0.0,0.0,27.0,27.0,27.0,0.0,0.0,0.0,0.0,0.0,0.0,0.0,0.0,0.0,0.0,0.0,0.0,0.0,0.0,0.0,2.91,0.0,0.0,0.0,0.0,0.0,0.0,0.0,0.0,0.0,0.0,0.0,0.0,0.0,0.0,0.0,0.0,0.0,0.0,0.0,0.0
3.0,22.38,1.0,163.81,837.0,84.29,4.0,3.95,4.1,2.0,26.38,3.0,22.38,1.0,0.0,0.0,0.0,0.0,0.0,0.0,35.9,0.0,0.0,0.0,0.0,0.0,0.0,0.0,0.0,0.0,0.0,0.0,0.0,0.0,1079.1,163.81,815.24,174.71,500.9,84.29,0.0,21.76,0.0,0.0,453.67,599.33,150.62,35.57,413.14,0.0,0.0,0.0,0.0,0.0,21.0,11.1,21.0,0.0,0.0,0.0,0.0,0.0,0.1,146.81,128.1,153.9,88.19,567.33,901.76,2397.95,1789.05,4187.0,1469.1,23860.43,529.33,501692.95,0.0,0.0,276.24,121.71,26.52,10.71,0.0
2.61,18.11,0.57,205.25,1092.07,38.14,3.39,3.25,4.25,1.36,21.25,2.61,18.11,0.57,0.0,0.0,0.0,0.0,0.0,0.0,48.75,0.0,0.0,0.0,0.0,0.0,0.0,0.0,0.0,0.0,0.0,0.0,0.0,0.0,1335.32,205.25,1088.64,444.82,743.61,38.14,0.0,3.43,0.0,0.0,467.36,640.68,192.46,0.25,447.96,0.0,0.0,0.0,0.0,0.0,22.29,19.64,26.32,0.0,0.0,0.0,0.0,0.0,0.04,178.86,164.0,220.36,103.79,715.82,1215.96,2892.86,2264.71,5157.57,1931.79,29207.61,620.32,625160.68,2.32,2.96,345.89,116.89,78.39,32.25,0.0
6.0,76.5,16.92,741.82,7609.13,3088.55,11.92,11.0,13.29,2.0,97.5,6.0,67.76,15.0,0.0,0.0,0.0,0.0,0.0,0.0,89.5,0.0,0.0,0.0,0.0,0.0,0.0,0.0,0.0,0.0,0.0,0.0,0.0,0.0,11178.05,706.0,6468.45,1048.92,4111.21,2937.0,1032.66,307.03,0.0,0.0,3109.18,4081.95,619.32,27.0,3435.63,0.0,0.0,0.0,0.0,0.0,95.0,81.0,105.0,0.0,0.0,0.0,0.0,0.0,0.45,1050.79,969.79,1204.71,237.5,1861.66,4206.18,19866.16,15371.34,35237.5,6067.84,252178.29,2895.34,20834652.47,4.2,10.0,1787.8,308.55,585.83,152.57,0.0
0.0,5.0,0.0,42.4,132.6,82.0,1.0,1.0,1.0,1.0,5.0,0.0,5.0,0.0,0.0,0.0,0.0,0.0,0.0,0.0,1.0,0.0,0.0,0.0,0.0,0.0,0.0,0.0,0.0,0.0,0.0,0.0,0.0,0.0,222.0,42.4,99.0,87.0,1.0,82.0,0.0,33.6,0.0,0.0,78.0,79.0,78.0,0.0,1.0,0.0,0.0,0.0,0.0,0.0,1.0,1.0,1.0,0.0,0.0,0.0,0.0,0.0,0.83,1.0,1.0,1.0,1.0,7.0,4.0,7.0,5.0,12.0,11.0,41.0,4.0,164.0,0.0,0.0,1.0,1.0,0.0,0.0,0.0
0.0,0.0,0.0,5.0,16.6,17.0,0.0,0.0,0.0,0.0,0.0,0.0,0.0,0.0,0.0,0.0,0.0,0.0,0.0,0.0,0.0,0.0,0.0,0.0,0.0,0.0,0.0,0.0,0.0,0.0,0.0,0.0,0.0,0.0,38.6,5.0,0.0,0.0,0.0,17.0,0.0,16.6,0.0,0.0,0.0,0.0,0.0,0.0,0.0,0.0,0.0,0.0,0.0,0.0,0.0,0.0,0.0,0.0,0.0,0.0,0.0,0.0,0.0,0.0,0.0,0.0,0.0,0.0,0.0,0.0,0.0,0.0,0.0,0.0,0.0,0.0,0.0,0.0,0.0,0.0,0.0,0.0,0.0
5.63,48.5,12.89,740.68,5346.08,1644.58,7.82,7.26,9.26,2.63,66.47,5.63,45.05,12.29,0.0,0.0,0.0,0.0,0.0,0.0,95.47,0.0,0.0,0.0,0.0,0.0,0.0,0.0,0.0,0.0,0.0,0.0,0.0,0.0,7621.32,642.39,4411.76,771.89,3182.37,1434.39,1112.18,118.26,0.0,0.0,2367.68,3071.32,527.89,9.84,2533.58,0.0,0.0,0.0,0.0,0.0,49.0,48.97,58.0,0.0,0.0,0.0,0.0,0.0,0.32,745.24,682.24,849.87,285.53,1785.42,4650.97,22050.97,17879.55,39930.53,6436.39,313869.68,2522.82,36733304.89,0.9,1.6,936.27,219.07,284.88,91.55,0.0
6.0,43.0,5.63,103.0,621.53,117.16,8.0,7.0,8.0,1.0,54.63,6.0,40.63,5.63,0.0,0.0,0.0,0.0,0.0,0.0,13.0,0.0,0.0,0.0,0.0,0.0,0.0,0.0,0.0,0.0,0.0,0.0,0.0,0.0,840.68,103.0,563.53,107.0,381.89,117.16,31.0,31.0,0.0,0.0,332.63,423.26,93.0,0.0,330.26,0.0,0.0,0.0,0.0,0.0,34.0,26.0,37.0,0.0,0.0,0.0,0.0,0.0,0.21,103.63,92.63,109.63,20.0,213.0,441.84,1415.89,1098.37,2514.26,654.84,15501.45,250.0,469172.95,0.0,0.0,105.6,38.0,37.0,17.0,0.0
2.0,32.0,1.0,71.57,674.57,157.0,5.0,5.0,5.0,2.14,35.0,2.0,30.0,1.0,0.0,0.0,0.0,0.0,0.0,0.0,18.0,0.0,0.0,0.0,0.0,0.0,0.0,0.0,0.0,0.0,0.0,0.0,0.0,0.0,902.14,71.57,634.71,166.86,450.71,157.0,15.0,28.86,0.0,0.0,408.43,498.57,114.86,4.0,379.71,0.0,0.0,0.0,0.0,0.0,12.0,12.0,12.0,0.0,0.0,0.0,0.0,0.0,0.25,82.14,82.14,83.14,53.14,316.0,585.71,1830.14,1488.14,3318.29,901.71,19778.57,379.14,634313.14,0.0,9.0,193.71,72.86,148.0,19.0,0.0
6.6,51.4,1.0,170.3,1157.5,245.8,7.2,6.9,7.6,3.8,58.9,6.6,51.4,1.0,0.0,0.0,0.0,0.0,0.0,0.0,21.0,0.0,0.0,0.0,0.0,0.0,0.0,0.0,0.0,0.0,0.0,0.0,0.0,0.0,1563.2,170.3,1140.7,218.2,815.6,245.8,0.0,16.8,0.0,0.0,601.7,754.2,161.1,14.8,578.3,0.0,0.0,0.0,0.0,0.0,19.0,19.0,20.0,0.0,0.0,0.0,0.0,0.0,0.22,153.3,142.3,160.9,85.9,425.9,1036.8,3205.8,2579.5,5785.3,1462.7,38457.3,484.8,1425580.6,0.0,3.2,299.9,67.4,83.6,26.4,0.0
0.0,0.0,0.0,11.0,19.0,102.0,0.0,0.0,0.0,0.0,0.0,0.0,0.0,0.0,0.0,0.0,0.0,0.0,0.0,0.0,0.0,0.0,0.0,0.0,0.0,0.0,0.0,0.0,0.0,0.0,0.0,0.0,0.0,0.0,131.0,11.0,0.0,0.0,0.0,102.0,0.0,19.0,0.0,0.0,0.0,0.0,0.0,0.0,0.0,0.0,0.0,0.0,0.0,0.0,0.0,0.0,0.0,0.0,0.0,0.0,0.0,0.0,0.0,0.0,0.0,0.0,0.0,0.0,0.0,0.0,0.0,0.0,0.0,0.0,0.0,0.0,0.0,0.0,0.0,0.0,0.0,0.0,0.0
3.64,18.77,0.0,222.59,935.0,26.91,3.0,3.0,3.0,1.0,22.86,3.64,18.77,0.0,0.0,0.0,0.0,0.0,0.0,0.0,45.14,0.0,0.0,0.0,0.0,0.0,0.0,0.0,0.0,0.0,0.0,0.0,0.0,0.0,1184.5,222.59,915.27,248.23,631.77,26.91,0.0,19.73,0.0,0.0,469.27,602.14,133.91,22.05,446.18,0.0,0.0,0.0,0.0,0.0,19.77,19.77,20.5,0.0,0.0,0.0,0.0,0.0,0.03,134.18,126.82,137.27,77.32,691.41,1031.0,2855.14,2216.64,5071.77,1722.41,29562.23,666.64,805457.73,0.0,0.0,315.41,108.95,90.68,24.86,0.0
2.0,8.0,1.0,34.0,169.0,47.0,2.0,2.0,2.0,1.0,10.0,2.0,8.0,1.0,0.0,0.0,0.0,0.0,0.0,0.0,10.0,0.0,0.0,0.0,0.0,0.0,0.0,0.0,0.0,0.0,0.0,0.0,0.0,0.0,235.0,34.0,137.0,79.0,33.0,47.0,0.0,32.0,0.0,0.0,81.0,97.0,65.0,0.0,32.0,0.0,0.0,0.0,0.0,0.0,4.0,4.0,4.0,0.0,0.0,0.0,0.0,0.0,0.34,16.0,16.0,16.0,14.0,136.0,88.0,261.0,160.0,421.0,224.0,2026.0,108.0,34567.0,0.0,0.0,22.0,14.0,6.0,3.0,0.0
3.08,16.24,2.18,58.0,234.97,39.61,2.18,2.18,2.58,1.0,21.71,3.08,15.87,2.18,0.0,0.0,0.0,0.0,0.0,0.0,10.45,0.0,0.0,0.0,0.0,0.0,0.0,0.0,0.0,0.0,0.0,0.0,0.0,0.0,331.03,58.0,209.61,77.61,132.39,39.61,1.26,24.45,0.0,0.0,125.53,156.66,61.76,2.37,92.53,0.0,0.0,0.0,0.0,0.0,5.87,5.87,6.61,0.0,0.0,0.0,0.0,0.0,0.19,25.0,25.0,26.89,14.42,157.66,215.34,573.18,418.42,991.61,373.0,5455.71,146.42,105624.68,0.35,0.7,43.27,19.6,21.52,10.28,0.0
0.0,0.0,0.0,2.0,16.0,2.0,0.0,0.0,0.0,0.0,0.0,0.0,0.0,0.0,0.0,0.0,0.0,0.0,0.0,0.0,0.0,0.0,0.0,0.0,0.0,0.0,0.0,0.0,0.0,0.0,0.0,0.0,0.0,0.0,19.0,2.0,12.0,12.0,0.0,2.0,0.0,4.0,0.0,0.0,11.0,11.0,11.0,0.0,0.0,0.0,0.0,0.0,0.0,0.0,0.0,0.0,0.0,0.0,0.0,0.0,0.0,0.0,0.17,0.0,0.0,0.0,0.0,0.0,0.0,0.0,0.0,0.0,0.0,0.0,0.0,0.0,0.0,0.0,0.0,0.0,0.0,0.0,0.0
3.0,15.0,1.0,297.0,1069.0,84.0,2.0,2.0,2.0,1.0,18.0,3.0,15.0,1.0,0.0,0.0,0.0,0.0,0.0,0.0,72.0,0.0,0.0,0.0,0.0,0.0,0.0,0.0,0.0,0.0,0.0,0.0,0.0,0.0,1449.0,297.0,1067.0,427.0,668.0,84.0,0.0,2.0,0.0,0.0,588.0,728.0,175.0,0.0,553.0,0.0,0.0,0.0,0.0,0.0,8.0,8.0,8.0,0.0,0.0,0.0,0.0,0.0,0.08,139.0,137.0,146.0,121.0,924.0,1553.0,3745.6,2978.0,6723.6,2477.0,35227.2,840.0,458529.8,0.0,0.0,87.0,39.0,209.0,61.0,0.0
0.91,17.41,7.74,19.65,120.47,107.59,3.5,3.24,3.56,1.65,25.88,0.91,17.41,7.74,0.0,0.0,0.0,0.0,0.0,0.0,5.09,0.0,0.0,0.0,0.0,0.0,0.0,0.0,0.0,0.0,0.0,0.0,0.0,0.0,247.21,19.65,112.44,14.06,76.62,107.59,0.0,8.03,0.0,0.0,62.65,85.74,12.79,0.47,72.47,0.0,0.0,0.0,0.0,0.0,5.85,5.85,5.94,0.0,0.0,0.0,0.0,0.0,1.5,23.0,19.65,23.32,12.29,85.03,127.59,383.91,292.53,676.44,212.62,3925.74,90.24,107499.03,0.11,0.31,63.31,12.17,12.75,6.0,1.0
1.5,25.05,8.16,43.66,331.24,188.95,5.24,4.47,5.82,2.24,34.76,1.5,25.05,8.16,0.0,0.0,0.0,0.0,0.0,0.0,12.92,0.0,0.0,0.0,0.0,0.0,0.0,0.0,0.0,0.0,0.0,0.0,0.0,0.0,561.24,43.66,317.42,42.13,228.76,188.95,0.0,13.82,0.0,0.0,180.24,245.84,38.13,2.68,205.03,0.0,0.0,0.0,0.0,0.0,13.05,13.05,17.79,0.0,0.0,0.0,0.0,0.0,0.63,66.08,58.0,75.5,34.45,229.71,359.39,1134.0,862.95,1996.95,589.11,11842.92,255.42,364143.39,0.1,0.28,167.43,34.62,25.02,11.62,1.0
5.32,29.61,6.03,270.39,1280.76,445.18,6.0,5.89,7.74,2.95,40.42,5.32,29.29,6.03,0.0,0.0,0.0,0.0,0.0,0.0,40.45,0.0,0.0,0.0,0.0,0.0,0.0,0.0,0.0,0.0,0.0,0.0,0.0,0.0,1977.18,266.71,1223.03,247.68,897.26,435.61,33.11,38.79,0.0,0.0,684.63,900.24,194.95,27.16,678.13,0.0,0.0,0.0,0.0,0.0,31.13,31.13,40.76,0.0,0.0,0.0,0.0,0.0,0.37,249.92,240.58,309.53,130.47,721.34,1228.45,3944.11,2874.87,6818.97,1949.79,42494.42,749.58,1738867.37,2.1,4.4,291.05,89.47,156.6,29.38,1.0
2.97,20.11,3.03,290.05,1522.0,435.58,4.45,4.0,4.61,2.0,25.71,2.97,18.79,2.74,0.0,0.0,0.0,0.0,0.0,0.0,59.92,0.0,0.0,0.0,0.0,0.0,0.0,0.0,0.0,0.0,0.0,0.0,0.0,0.0,2227.58,286.89,1350.92,359.89,860.71,419.71,84.74,113.76,0.0,0.0,777.87,1093.45,354.03,7.0,732.42,0.0,0.0,0.0,0.0,0.0,45.0,35.0,46.0,0.0,0.0,0.0,0.0,0.0,0.31,263.29,233.34,285.89,142.34,969.55,1316.37,3947.05,2897.89,6844.95,2285.92,39197.18,1005.53,1234822.26,0.0,0.38,339.4,126.62,104.28,38.8,1.0
