0.0,0.0,0.0,22.37,21.37,57.74,0.0,0.0,0.0,0.0,0.0,0.0,0.0,0.0,0.0,0.0,0.0,0.0,0.0,0.0,0.0,0.0,0.0,0.0,0.0,0.0,0.0,0.0,0.0,0.0,0.0,0.0,0.0,0.0,101.47,22.37,0.0,0.0,0.0,57.74,0.0,21.37,0.0,0.0,0.0,0.0,0.0,0.0,0.0,0.0,0.0,0.0,0.0,0.0,0.0,0.0,0.0,0.0,0.0,0.0,0.0,0.0,0.0,0.0,0.0,0.0,0.0,0.0,0.0,0.0,0.0,0.0,0.0,0.0,0.0,0.0,0.0,0.0,0.0,0.0,0.0,0.0,0.0
3.0,16.0,0.0,11.0,71.0,63.0,1.0,1.0,1.0,1.0,19.0,3.0,16.0,0.0,0.0,0.0,0.0,0.0,0.0,0.0,1.0,0.0,0.0,0.0,0.0,0.0,0.0,0.0,0.0,0.0,0.0,0.0,0.0,0.0,107.0,11.0,70.0,61.0,63.0,63.0,0.0,1.0,0.0,0.0,15.0,16.0,8.0,0.0,8.0,0.0,0.0,0.0,0.0,0.0,1.0,1.0,1.0,0.0,0.0,0.0,0.0,0.0,0.9,1.0,1.0,1.0,1.0,12.0,23.0,54.0,47.0,101.0,35.0,518.0,12.0,6216.0,0.0,0.0,7.0,3.0,4.0,2.0,0.0
3.0,21.88,0.0,99.25,535.62,130.25,3.88,3.88,4.0,2.0,24.88,3.0,21.88,0.0,0.0,0.0,0.0,0.0,0.0,0.0,23.75,0.0,0.0,0.0,0.0,0.0,0.0,0.0,0.0,0.0,0.0,0.0,0.0,0.0,765.12,99.25,514.88,137.5,345.12,130.25,2.0,20.75,0.0,0.0,297.12,373.75,84.88,7.0,281.88,0.0,0.0,0.0,0.0,0.0,8.0,8.0,13.0,0.0,0.0,0.0,0.0,0.0,0.25,82.62,82.62,93.5,58.62,439.12,575.62,1824.88,1319.62,3144.5,1014.75,18136.62,479.38,561400.88,0.0,3.0,96.75,46.62,69.5,32.25,0.0
4.0,16.0,0.0,40.0,136.6,20.0,3.0,3.0,3.0,2.0,20.0,4.0,16.0,0.0,0.0,0.0,0.0,0.0,0.0,0.0,8.0,0.0,0.0,0.0,0.0,0.0,0.0,0.0,0.0,0.0,0.0,0.0,0.0,0.0,196.6,40.0,130.0,25.0,82.0,20.0,0.0,6.6,0.0,0.0,83.0,104.0,20.0,0.0,84.0,0.0,0.0,0.0,0.0,0.0,7.0,7.0,7.0,0.0,0.0,0.0,0.0,0.0,0.15,21.0,21.0,21.0,18.0,126.0,155.0,474.0,355.0,829.0,281.0,4477.0,132.0,103679.0,0.0,1.0,65.0,19.0,23.0,8.0,0.0
0.0,0.0,0.0,71.0,426.0,25.0,0.0,0.0,0.0,0.0,0.0,0.0,0.0,0.0,0.0,0.0,0.0,0.0,0.0,0.0,0.0,0.0,0.0,0.0,0.0,0.0,0.0,0.0,0.0,0.0,0.0,0.0,0.0,0.0,517.0,71.0,284.0,274.0,0.0,25.0,0.0,142.0,0.0,0.0,243.0,243.0,243.0,0.0,0.0,0.0,0.0,0.0,0.0,0.0,0.0,0.0,0.0,0.0,0.0,0.0,0.0,0.0,0.09,0.0,0.0,0.0,0.0,0.0,0.0,0.0,0.0,0.0,0.0,0.0,0.0,0.0,0.0,0.0,0.0,0.0,0.0,0.0,0.0
2.47,19.95,2.32,112.61,759.84,284.24,3.63,3.63,4.71,1.95,24.66,2.47,19.82,2.32,0.0,0.0,0.0,0.0,0.0,0.0,22.92,0.0,0.0,0.0,0.0,0.0,0.0,0.0,0.0,0.0,0.0,0.0,0.0,0.0,1044.97,108.76,677.71,309.16,517.68,284.08,47.18,41.71,0.0,0.0,269.37,358.13,100.0,4.79,253.34,0.0,0.0,0.0,0.0,0.0,19.03,19.03,23.42,0.0,0.0,0.0,0.0,0.0,0.46,90.45,89.03,115.76,49.34,380.03,549.71,1608.97,1174.63,2783.61,929.74,16541.89,363.5,503414.68,1.0,6.28,146.95,52.98,42.77,7.92,0.0
4.0,21.9,1.0,167.15,775.8,52.0,4.9,4.0,5.0,1.0,26.8,4.0,21.9,1.0,0.0,0.0,0.0,0.0,0.0,0.0,30.9,0.0,0.0,0.0,0.0,0.0,0.0,0.0,0.0,0.0,0.0,0.0,0.0,0.0,992.95,167.15,746.7,198.2,531.5,52.0,0.0,29.1,0.0,0.0,457.8,581.0,148.9,12.0,420.1,0.0,0.0,0.0,0.0,0.0,16.0,9.0,16.0,0.0,0.0,0.0,0.0,0.0,0.07,141.0,116.0,149.9,52.7,520.2,843.25,2304.45,1672.2,3976.65,1363.45,22809.25,488.45,508962.5,1.0,4.0,168.3,77.1,44.4,16.4,0.0
4.0,23.0,3.0,186.0,882.2,174.0,4.0,3.4,4.0,1.0,30.0,4.0,23.0,3.0,0.0,0.0,0.0,0.0,0.0,0.0,34.0,0.0,0.0,0.0,0.0,0.0,0.0,0.0,0.0,0.0,0.0,0.0,0.0,0.0,1242.2,186.0,873.2,264.0,538.0,174.0,0.0,9.0,0.0,0.0,452.4,585.2,123.0,1.0,461.2,0.0,0.0,0.0,0.0,0.0,8.4,6.4,8.4,0.0,0.0,0.0,0.0,0.0,0.2,136.8,112.8,137.8,53.0,524.0,883.0,2329.8,1766.8,4096.6,1407.0,22804.4,504.0,414138.2,0.0,0.0,443.6,117.0,54.0,30.0,0.0
0.0,5.0,0.0,13.5,105.0,6.0,1.0,1.0,1.0,1.0,5.0,0.0,5.0,0.0,0.0,0.0,0.0,0.0,0.0,0.0,4.0,0.0,0.0,0.0,0.0,0.0,0.0,0.0,0.0,0.0,0.0,0.0,0.0,0.0,124.5,13.5,101.0,89.0,71.0,6.0,0.0,4.0,0.0,0.0,23.0,27.0,23.0,0.0,4.0,0.0,0.0,0.0,0.0,0.0,1.0,1.0,1.0,0.0,0.0,0.0,0.0,0.0,0.06,4.0,4.0,4.0,4.0,25.0,18.0,35.0,21.0,56.0,43.0,198.0,13.0,779.0,0.0,0.0,1.0,1.0,0.0,0.0,0.0
0.0,0.0,0.0,7.0,7484.93,18.43,0.0,0.0,0.0,0.0,0.0,0.0,0.0,0.0,0.0,0.0,0.0,0.0,0.0,0.0,0.0,0.0,0.0,0.0,0.0,0.0,0.0,0.0,0.0,0.0,0.0,0.0,0.0,0.0,7510.36,7.0,7459.93,7459.93,7459.93,18.43,6.0,20.0,0.0,0.0,5.0,5.0,5.0,0.0,0.0,0.0,0.0,0.0,0.0,0.0,0.0,0.0,0.0,0.0,0.0,0.0,0.0,0.0,0.0,0.0,0.0,0.0,0.0,0.0,0.0,0.0,0.0,0.0,0.0,0.0,0.0,0.0,0.0,0.0,0.0,0.0,0.0,0.0,0.0
1.0,9.0,0.0,29.4,104.2,61.8,2.0,1.4,2.0,1.0,10.6,1.0,9.0,0.0,0.0,0.0,0.0,0.0,0.0,0.0,10.2,0.0,0.0,0.0,0.0,0.0,0.0,0.0,0.0,0.0,0.0,0.0,0.0,0.0,194.4,29.4,92.0,37.8,41.8,61.8,0.0,12.2,0.0,0.0,39.2,56.4,24.8,0.0,31.6,0.0,0.0,0.0,0.0,0.0,4.0,3.0,4.0,0.0,0.0,0.0,0.0,0.0,0.68,16.2,15.2,16.2,12.2,92.2,91.0,206.8,137.4,344.2,183.2,1489.0,63.8,11318.0,0.0,0.0,6.0,5.0,1.0,1.0,0.0
0.0,0.0,0.0,12.0,90.0,62.0,0.0,0.0,0.0,0.0,0.0,0.0,0.0,0.0,0.0,0.0,0.0,0.0,0.0,0.0,0.0,0.0,0.0,0.0,0.0,0.0,0.0,0.0,0.0,0.0,0.0,0.0,0.0,0.0,127.0,12.0,34.0,33.0,0.0,62.0,0.0,56.0,0.0,0.0,33.0,33.0,33.0,0.0,0.0,0.0,0.0,0.0,0.0,0.0,0.0,0.0,0.0,0.0,0.0,0.0,0.0,0.0,1.82,0.0,0.0,0.0,0.0,0.0,0.0,0.0,0.0,0.0,0.0,0.0,0.0,0.0,0.0,0.0,0.0,0.0,0.0,0.0,0.0
6.76,31.82,3.0,65.76,273.71,32.53,4.0,4.0,4.0,1.76,41.29,6.76,31.82,3.0,0.0,0.0,0.0,0.0,0.0,0.0,7.0,0.0,0.0,0.0,0.0,0.0,0.0,0.0,0.0,0.0,0.0,0.0,0.0,0.0,372.0,65.76,259.55,84.16,182.74,32.53,0.0,14.16,0.0,0.0,167.55,194.55,53.74,0.0,140.82,0.0,0.0,0.0,0.0,0.0,13.53,13.53,13.53,0.0,0.0,0.0,0.0,0.0,0.12,28.0,28.0,28.0,14.53,123.92,225.68,694.16,571.68,1265.84,349.61,8410.0,136.95,372476.66,0.57,4.0,25.8,8.0,8.0,3.0,0.0
4.0,23.0,2.0,485.0,2519.67,536.0,3.0,3.0,3.0,1.0,29.0,4.0,22.0,2.0,0.0,0.0,0.0,0.0,0.0,0.0,72.0,0.0,0.0,0.0,0.0,0.0,0.0,0.0,0.0,0.0,0.0,0.0,0.0,0.0,3221.67,454.0,2229.67,883.0,1209.67,526.0,254.0,84.0,0.0,0.0,1149.0,1459.0,510.0,2.0,947.0,0.0,0.0,0.0,0.0,0.0,19.0,15.0,19.0,0.0,0.0,0.0,0.0,0.0,0.24,218.0,195.0,226.0,119.0,1164.67,1943.5,5708.5,4485.83,10194.33,3108.17,62142.5,1207.67,1919266.33,0.0,3.0,516.0,180.0,144.0,50.0,0.0
2.57,12.57,1.43,106.3,409.65,71.74,2.0,2.0,2.0,1.0,16.61,2.57,12.57,1.43,0.0,0.0,0.0,0.0,0.0,0.0,25.83,0.0,0.0,0.0,0.0,0.0,0.0,0.0,0.0,0.0,0.0,0.0,0.0,0.0,587.7,105.61,371.43,92.61,238.39,71.74,5.74,33.17,0.0,0.0,225.78,274.04,74.04,0.22,199.78,0.0,0.0,0.0,0.0,0.0,8.61,8.61,8.61,0.0,0.0,0.0,0.0,0.0,0.2,47.26,45.26,48.09,33.96,318.7,375.3,1081.17,750.04,1831.22,694.0,10483.52,249.17,255380.43,0.0,0.0,41.2,19.0,81.76,12.24,0.0
2.0,13.05,1.0,94.5,481.66,191.39,3.0,2.24,3.0,1.0,16.03,2.0,13.0,1.0,0.0,0.0,0.0,0.0,0.0,0.0,27.42,0.0,0.0,0.0,0.0,0.0,0.0,0.0,0.0,0.0,0.0,0.0,0.0,0.0,764.26,79.95,349.24,69.53,231.61,169.89,147.29,21.34,0.0,0.0,197.97,278.21,56.37,0.0,221.84,0.0,0.0,0.0,0.0,0.0,9.0,6.24,9.0,0.0,0.0,0.0,0.0,0.0,0.49,77.84,68.37,79.89,40.42,400.58,459.76,1313.47,954.45,2267.92,860.34,11852.0,395.82,260574.53,0.0,0.0,85.65,37.52,16.0,9.7,0.0
7.35,72.0,4.88,152.24,972.94,311.94,1.0,1.0,1.0,1.0,81.53,0.0,5.0,0.0,0.0,0.0,0.0,0.0,0.0,0.0,4.0,0.0,0.0,0.0,0.0,0.0,0.0,0.0,0.0,0.0,0.0,0.0,0.0,0.0,1427.71,10.18,21.0,10.0,3.0,54.29,1303.94,52.12,0.0,0.0,3.0,7.0,4.0,0.0,3.0,0.0,0.0,0.0,0.0,0.0,1.0,1.0,1.0,0.0,0.0,0.0,0.0,0.0,2.59,4.0,4.0,4.0,4.0,69.18,164.59,755.53,565.0,1320.53,233.76,8281.71,104.47,311949.24,14.29,12.06,0.0,0.0,0.0,0.0,0.0
6.0,25.42,6.0,483.87,1858.16,743.0,5.0,4.0,5.0,2.0,36.34,6.0,24.92,6.0,0.0,0.0,0.0,0.0,0.0,0.0,69.16,0.0,0.0,0.0,0.0,0.0,0.0,0.0,0.0,0.0,0.0,0.0,0.0,0.0,3046.03,481.87,1741.92,223.37,1344.71,740.0,59.0,64.24,0.0,0.0,989.61,1329.29,187.47,25.0,1116.82,0.0,0.0,0.0,0.0,0.0,42.0,12.0,42.0,0.0,0.0,0.0,0.0,0.0,0.42,331.79,257.79,365.79,168.16,1261.61,2051.53,5992.13,4784.0,10776.13,3313.13,63985.79,1363.89,1916220.45,0.0,0.0,669.08,174.5,172.85,52.62,0.0
0.0,0.0,0.0,48.0,296.0,290.0,0.0,0.0,0.0,0.0,0.0,0.0,0.0,0.0,0.0,0.0,0.0,0.0,0.0,0.0,0.0,0.0,0.0,0.0,0.0,0.0,0.0,0.0,0.0,0.0,0.0,0.0,0.0,0.0,457.0,48.0,285.0,270.0,0.0,290.0,0.0,11.0,0.0,0.0,207.0,207.0,207.0,0.0,0.0,0.0,0.0,0.0,0.0,0.0,0.0,0.0,0.0,0.0,0.0,0.0,0.0,0.0,1.02,0.0,0.0,0.0,0.0,0.0,0.0,0.0,0.0,0.0,0.0,0.0,0.0,0.0,0.0,0.0,0.0,0.0,0.0,0.0,0.0
0.0,0.0,0.0,5.0,9.0,17.0,0.0,0.0,0.0,0.0,0.0,0.0,0.0,0.0,0.0,0.0,0.0,0.0,0.0,0.0,0.0,0.0,0.0,0.0,0.0,0.0,0.0,0.0,0.0,0.0,0.0,0.0,0.0,0.0,31.0,5.0,0.0,0.0,0.0,17.0,0.0,9.0,0.0,0.0,0.0,0.0,0.0,0.0,0.0,0.0,0.0,0.0,0.0,0.0,0.0,0.0,0.0,0.0,0.0,0.0,0.0,0.0,0.0,0.0,0.0,0.0,0.0,0.0,0.0,0.0,0.0,0.0,0.0,0.0,0.0,0.0,0.0,0.0,0.0,0.0,0.0,0.0,0.0
0.0,0.0,0.0,52.18,261.84,65.87,0.0,0.0,0.0,0.0,0.0,0.0,0.0,0.0,0.0,0.0,0.0,0.0,0.0,0.0,0.0,0.0,0.0,0.0,0.0,0.0,0.0,0.0,0.0,0.0,0.0,0.0,0.0,0.0,346.92,52.18,120.16,117.16,0.0,64.87,8.82,136.87,0.0,0.0,112.79,112.79,112.79,0.0,0.0,0.0,0.0,0.0,0.0,0.0,0.0,0.0,0.0,0.0,0.0,0.0,0.0,0.0,0.54,0.0,0.0,0.0,0.0,0.0,0.0,0.0,0.0,0.0,0.0,0.0,0.0,0.0,0.0,0.0,0.0,0.0,0.0,0.0,0.0
3.0,18.0,1.0,129.0,551.0,114.0,3.33,3.0,3.33,1.0,22.0,3.0,18.0,1.0,0.0,0.0,0.0,0.0,0.0,0.0,28.0,0.0,0.0,0.0,0.0,0.0,0.0,0.0,0.0,0.0,0.0,0.0,0.0,0.0,783.0,129.0,547.0,156.0,343.0,114.0,0.0,4.0,0.0,0.0,300.67,392.33,77.0,0.0,315.33,0.0,0.0,0.0,0.0,0.0,9.0,8.0,11.0,0.0,0.0,0.0,0.0,0.0,0.21,95.33,73.33,98.33,34.0,351.67,548.67,1396.0,1075.0,2471.0,900.33,13125.0,313.0,199962.33,0.0,0.0,252.0,85.0,51.0,14.0,0.0
0.0,0.0,0.0,11.0,83.0,45.0,0.0,0.0,0.0,0.0,0.0,0.0,0.0,0.0,0.0,0.0,0.0,0.0,0.0,0.0,0.0,0.0,0.0,0.0,0.0,0.0,0.0,0.0,0.0,0.0,0.0,0.0,0.0,0.0,121.0,11.0,39.0,36.0,0.0,45.0,0.0,44.0,0.0,0.0,28.0,28.0,28.0,0.0,0.0,0.0,0.0,0.0,0.0,0.0,0.0,0.0,0.0,0.0,0.0,0.0,0.0,0.0,1.15,0.0,0.0,0.0,0.0,0.0,0.0,0.0,0.0,0.0,0.0,0.0,0.0,0.0,0.0,0.0,0.0,0.0,0.0,0.0,0.0
0.0,20.0,0.0,4.0,44.0,22.0,1.0,1.0,1.0,1.0,20.0,0.0,20.0,0.0,0.0,0.0,0.0,0.0,0.0,0.0,1.0,0.0,0.0,0.0,0.0,0.0,0.0,0.0,0.0,0.0,0.0,0.0,0.0,0.0,69.0,4.0,20.0,5.0,13.0,22.0,0.0,24.0,0.0,0.0,1.0,1.0,0.0,0.0,1.0,0.0,0.0,0.0,0.0,0.0,1.0,1.0,1.0,0.0,0.0,0.0,0.0,0.0,1.1,1.0,1.0,1.0,1.0,12.0,24.0,48.0,38.0,86.0,36.0,444.0,9.0,3996.0,0.0,0.0,0.0,0.0,1.0,1.0,0.0
0.0,0.0,0.0,8.0,23.0,25.0,0.0,0.0,0.0,0.0,0.0,0.0,0.0,0.0,0.0,0.0,0.0,0.0,0.0,0.0,0.0,0.0,0.0,0.0,0.0,0.0,0.0,0.0,0.0,0.0,0.0,0.0,0.0,0.0,53.0,8.0,17.0,15.0,0.0,25.0,0.0,6.0,0.0,0.0,13.0,13.0,13.0,0.0,0.0,0.0,0.0,0.0,0.0,0.0,0.0,0.0,0.0,0.0,0.0,0.0,0.0,0.0,1.47,0.0,0.0,0.0,0.0,0.0,0.0,0.0,0.0,0.0,0.0,0.0,0.0,0.0,0.0,0.0,0.0,0.0,0.0,0.0,0.0
0.0,0.0,0.0,26.42,77.82,33.0,0.0,0.0,0.0,0.0,0.0,0.0,0.0,0.0,0.0,0.0,0.0,0.0,0.0,0.0,0.0,0.0,0.0,0.0,0.0,0.0,0.0,0.0,0.0,0.0,0.0,0.0,0.0,0.0,134.24,22.0,6.58,6.58,0.0,32.0,24.66,71.24,0.0,0.0,6.58,6.58,6.58,0.0,0.0,0.0,0.0,0.0,0.0,0.0,0.0,0.0,0.0,0.0,0.0,0.0,0.0,0.0,4.95,0.0,0.0,0.0,0.0,0.0,0.0,0.0,0.0,0.0,0.0,0.0,0.0,0.0,0.0,0.0,0.0,0.0,0.0,0.0,0.0
0.0,0.0,0.0,6.3,19.2,19.0,0.0,0.0,0.0,0.0,0.0,0.0,0.0,0.0,0.0,0.0,0.0,0.0,0.0,0.0,0.0,0.0,0.0,0.0,0.0,0.0,0.0,0.0,0.0,0.0,0.0,0.0,0.0,0.0,41.5,6.3,16.2,12.9,0.0,19.0,0.0,3.0,0.0,0.0,12.9,13.6,13.6,0.0,0.0,0.0,0.0,0.0,0.0,0.0,0.0,0.0,0.0,0.0,0.0,0.0,0.0,0.0,1.19,0.0,0.0,0.0,0.0,0.0,0.0,0.0,0.0,0.0,0.0,0.0,0.0,0.0,0.0,0.0,0.0,0.0,0.0,0.0,0.0
3.0,17.0,1.0,114.25,560.75,98.0,3.0,3.0,3.0,1.0,20.0,3.0,16.0,1.0,0.0,0.0,0.0,0.0,0.0,0.0,25.0,0.0,0.0,0.0,0.0,0.0,0.0,0.0,0.0,0.0,0.0,0.0,0.0,0.0,739.0,114.25,529.75,202.0,347.75,97.0,14.0,18.0,0.0,0.0,291.0,354.0,105.25,0.0,248.75,0.0,0.0,0.0,0.0,0.0,10.0,10.0,10.0,0.0,0.0,0.0,0.0,0.0,0.18,64.0,63.0,69.0,49.0,362.25,520.25,1400.25,1055.75,2456.0,882.5,14130.75,327.0,377771.75,0.0,3.0,92.0,36.0,73.0,11.0,0.0
5.0,23.0,3.0,56.0,240.0,46.0,4.0,4.0,5.0,1.0,29.0,5.0,23.0,3.0,0.0,0.0,0.0,0.0,0.0,0.0,10.0,0.0,0.0,0.0,0.0,0.0,0.0,0.0,0.0,0.0,0.0,0.0,0.0,0.0,332.0,56.0,229.0,29.0,180.0,46.0,0.0,11.0,0.0,0.0,130.0,167.0,29.0,3.0,135.0,0.0,0.0,0.0,0.0,0.0,15.0,15.0,27.0,0.0,0.0,0.0,0.0,0.0,0.2,40.0,35.0,52.0,19.0,180.5,209.1,712.3,559.0,1271.3,389.6,7174.7,202.3,237472.4,0.0,0.0,95.0,26.0,39.0,4.0,0.0
3.97,25.03,2.0,221.45,1185.31,383.62,4.0,3.97,4.17,2.0,30.45,3.97,25.03,2.0,0.0,0.0,0.0,0.0,0.0,0.0,42.93,0.0,0.0,0.0,0.0,0.0,0.0,0.0,0.0,0.0,0.0,0.0,0.0,0.0,1780.07,221.45,1172.21,299.62,869.34,383.62,0.0,13.1,0.0,0.0,586.93,754.9,179.62,1.59,573.69,0.0,0.0,0.0,0.0,0.0,13.93,12.9,16.28,0.0,0.0,0.0,0.0,0.0,0.33,167.83,160.83,182.17,100.38,725.31,1228.34,3518.79,2626.97,6145.76,1953.66,36484.93,715.55,928051.52,0.29,2.0,449.1,122.94,97.42,40.68,0.0
0.0,0.0,0.0,37.14,400.57,94.14,0.0,0.0,0.0,0.0,0.0,0.0,0.0,0.0,0.0,0.0,0.0,0.0,0.0,0.0,0.0,0.0,0.0,0.0,0.0,0.0,0.0,0.0,0.0,0.0,0.0,0.0,0.0,0.0,496.86,37.14,331.86,308.86,0.0,94.14,0.0,68.71,0.0,0.0,291.86,291.86,291.86,0.0,0.0,0.0,0.0,0.0,0.0,0.0,0.0,0.0,0.0,0.0,0.0,0.0,0.0,0.0,0.28,0.0,0.0,0.0,0.0,0.0,0.0,0.0,0.0,0.0,0.0,0.0,0.0,0.0,0.0,0.0,0.0,0.0,0.0,0.0,0.0
3.0,15.0,1.0,297.0,1069.0,84.0,2.0,2.0,2.0,1.0,18.0,3.0,15.0,1.0,0.0,0.0,0.0,0.0,0.0,0.0,72.0,0.0,0.0,0.0,0.0,0.0,0.0,0.0,0.0,0.0,0.0,0.0,0.0,0.0,1449.0,297.0,1067.0,427.0,668.0,84.0,0.0,2.0,0.0,0.0,588.0,728.0,175.0,0.0,553.0,0.0,0.0,0.0,0.0,0.0,8.0,8.0,8.0,0.0,0.0,0.0,0.0,0.0,0.08,139.0,137.0,146.0,121.0,924.0,1553.0,3745.6,2978.0,6723.6,2477.0,35227.2,840.0,458529.8,0.0,0.0,87.0,39.0,209.0,61.0,0.0
3.0,16.2,1.0,150.8,667.2,101.0,5.0,4.0,5.0,1.0,20.0,3.0,16.2,1.0,0.0,0.0,0.0,0.0,0.0,0.0,36.8,0.0,0.0,0.0,0.0,0.0,0.0,0.0,0.0,0.0,0.0,0.0,0.0,0.0,910.0,150.8,646.2,155.6,413.0,101.0,0.0,21.0,0.0,0.0,442.4,580.4,87.6,2.0,490.8,0.0,0.0,0.0,0.0,0.0,11.4,10.0,11.4,0.0,0.0,0.0,0.0,0.0,0.16,173.0,145.0,176.0,36.8,415.2,604.6,1581.4,1245.0,2826.4,1019.8,14598.2,385.8,233316.8,0.0,0.0,279.6,85.0,91.0,30.0,0.0
0.0,0.0,0.0,17.0,65.83,31.83,0.0,0.0,0.0,0.0,0.0,0.0,0.0,0.0,0.0,0.0,0.0,0.0,0.0,0.0,0.0,0.0,0.0,0.0,0.0,0.0,0.0,0.0,0.0,0.0,0.0,0.0,0.0,0.0,110.83,17.0,50.0,38.0,0.0,31.83,0.0,15.83,0.0,0.0,38.0,38.0,38.0,0.0,0.0,0.0,0.0,0.0,0.0,0.0,0.0,0.0,0.0,0.0,0.0,0.0,0.0,0.0,0.64,0.0,0.0,0.0,0.0,0.0,0.0,0.0,0.0,0.0,0.0,0.0,0.0,0.0,0.0,0.0,0.0,0.0,0.0,0.0,0.0
0.0,0.0,0.0,43.0,253.92,97.0,0.0,0.0,0.0,0.0,0.0,0.0,0.0,0.0,0.0,0.0,0.0,0.0,0.0,0.0,0.0,0.0,0.0,0.0,0.0,0.0,0.0,0.0,0.0,0.0,0.0,0.0,0.0,0.0,336.92,43.0,29.92,28.92,0.0,97.0,17.0,207.0,0.0,0.0,26.92,26.92,26.92,0.0,0.0,0.0,0.0,0.0,0.0,0.0,0.0,0.0,0.0,0.0,0.0,0.0,0.0,0.0,3.24,0.0,0.0,0.0,0.0,0.0,0.0,0.0,0.0,0.0,0.0,0.0,0.0,0.0,0.0,0.0,0.0,0.0,0.0,0.0,0.0
0.0,0.0,0.0,11.5,126.18,49.05,0.0,0.0,0.0,0.0,0.0,0.0,0.0,0.0,0.0,0.0,0.0,0.0,0.0,0.0,0.0,0.0,0.0,0.0,0.0,0.0,0.0,0.0,0.0,0.0,0.0,0.0,0.0,0.0,186.74,11.5,52.42,45.53,0.0,49.05,32.63,46.03,0.0,0.0,23.68,24.32,24.32,0.0,0.0,0.0,0.0,0.0,0.0,0.0,0.0,0.0,0.0,0.0,0.0,0.0,0.0,0.0,0.98,0.0,0.0,0.0,0.0,0.0,0.0,0.0,0.0,0.0,0.0,0.0,0.0,0.0,0.0,0.0,0.0,0.0,0.0,0.0,0.0
0.0,0.0,0.0,3.0,23.0,19.0,0.0,0.0,0.0,0.0,0.0,0.0,0.0,0.0,0.0,0.0,0.0,0.0,0.0,0.0,0.0,0.0,0.0,0.0,0.0,0.0,0.0,0.0,0.0,0.0,0.0,0.0,0.0,0.0,26.0,3.0,23.0,23.0,0.0,19.0,0.0,0.0,0.0,0.0,21.0,21.0,21.0,0.0,0.0,0.0,0.0,0.0,0.0,0.0,0.0,0.0,0.0,0.0,0.0,0.0,0.0,0.0,0.83,0.0,0.0,0.0,0.0,0.0,0.0,0.0,0.0,0.0,0.0,0.0,0.0,0.0,0.0,0.0,1.0,1.0,0.0,0.0,0.0
5.0,25.5,3.5,826.0,3492.38,1562.88,4.0,4.0,4.5,2.0,34.38,5.0,25.5,3.5,0.0,0.0,0.0,0.0,0.0,0.0,126.25,0.0,0.0,0.0,0.0,0.0,0.0,0.0,0.0,0.0,0.0,0.0,0.0,0.0,5877.25,805.0,3386.62,754.0,2469.0,1543.88,105.0,40.75,0.0,0.0,1794.62,2301.25,468.38,2.0,1830.88,0.0,0.0,0.0,0.0,0.0,28.5,27.88,39.0,0.0,0.0,0.0,0.0,0.0,0.46,518.62,500.62,572.12,269.38,2089.0,3383.25,9711.75,7380.75,17092.5,5472.25,100483.25,2136.0,2612538.38,5.0,9.0,981.12,338.0,403.88,133.75,0.0
6.0,19.0,3.0,33.0,89.0,37.5,2.0,2.0,2.0,1.0,27.0,6.0,19.0,3.0,0.0,0.0,0.0,0.0,0.0,0.0,4.0,0.0,0.0,0.0,0.0,0.0,0.0,0.0,0.0,0.0,0.0,0.0,0.0,0.0,155.5,33.0,85.0,18.0,58.0,37.5,0.0,4.0,0.0,0.0,51.0,60.0,6.0,0.0,54.0,0.0,0.0,0.0,0.0,0.0,5.0,4.0,5.0,0.0,0.0,0.0,0.0,0.0,0.44,9.0,8.0,9.0,4.0,79.0,91.0,314.0,219.0,533.0,170.0,2890.0,92.0,68934.0,0.0,0.0,21.0,4.0,38.0,5.0,0.0
0.0,8.33,0.0,18.33,55.71,30.0,2.67,2.67,2.67,1.33,8.33,0.0,8.33,0.0,0.0,0.0,0.0,0.0,0.0,0.0,1.33,0.0,0.0,0.0,0.0,0.0,0.0,0.0,0.0,0.0,0.0,0.0,0.0,0.0,104.05,18.33,31.71,23.05,5.67,30.0,5.0,24.0,0.0,0.0,28.38,31.38,23.05,0.0,8.33,0.0,0.0,0.0,0.0,0.0,3.0,3.0,3.0,0.0,0.0,0.0,0.0,0.0,0.98,3.67,3.67,3.67,2.0,25.33,16.67,50.0,32.33,82.33,42.0,412.67,25.0,9020.0,0.0,0.0,3.33,1.33,1.33,1.33,0.0
0.0,2.8,0.0,44.5,194.0,53.2,0.7,0.7,0.7,0.7,2.8,0.0,2.8,0.0,0.0,0.0,0.0,0.0,0.0,0.0,0.7,0.0,0.0,0.0,0.0,0.0,0.0,0.0,0.0,0.0,0.0,0.0,0.0,0.0,268.5,44.5,123.1,119.0,0.7,53.2,0.0,70.9,0.0,0.0,102.0,102.7,102.0,0.0,0.7,0.0,0.0,0.0,0.0,0.0,0.7,0.7,0.7,0.0,0.0,0.0,0.0,0.0,0.44,0.7,0.7,0.7,0.7,6.3,4.2,9.8,5.6,15.4,10.5,59.5,4.2,357.0,0.0,0.0,0.0,0.0,0.0,0.0,0.0
0.0,0.0,0.0,6.96,1770.39,24.0,0.0,0.0,0.0,0.0,0.0,0.0,0.0,0.0,0.0,0.0,0.0,0.0,0.0,0.0,0.0,0.0,0.0,0.0,0.0,0.0,0.0,0.0,0.0,0.0,0.0,0.0,0.0,0.0,1801.36,6.96,1747.96,1748.96,1748.96,24.0,10.71,18.07,0.0,0.0,4.36,4.36,4.36,0.0,0.0,0.0,0.0,0.0,0.0,0.0,0.0,0.0,0.0,0.0,0.0,0.0,0.0,0.0,0.01,0.0,0.0,0.0,0.0,0.0,0.0,0.0,0.0,0.0,0.0,0.0,0.0,0.0,0.0,0.0,0.0,0.0,0.0,0.0,0.0
3.0,40.0,3.0,57.0,595.18,228.0,7.0,6.0,7.0,5.0,43.0,3.0,40.0,3.0,0.0,0.0,0.0,0.0,0.0,0.0,13.0,0.0,0.0,0.0,0.0,0.0,0.0,0.0,0.0,0.0,0.0,0.0,0.0,0.0,834.18,57.0,564.18,100.0,374.18,228.0,2.0,31.0,0.0,0.0,332.64,432.64,75.0,17.64,340.0,0.0,0.0,0.0,0.0,0.0,34.0,22.0,34.0,0.0,0.0,0.0,0.0,0.0,0.4,96.0,80.0,96.0,73.0,207.0,433.64,1624.82,1275.18,2900.0,640.64,19169.36,251.27,936921.55,0.0,0.0,197.0,34.0,49.0,12.0,0.0
2.45,22.0,0.0,53.68,292.03,5.0,4.0,4.0,4.0,3.45,24.45,2.45,21.45,0.0,0.0,0.0,0.0,0.0,0.0,0.0,10.0,0.0,0.0,0.0,0.0,0.0,0.0,0.0,0.0,0.0,0.0,0.0,0.0,0.0,350.71,53.68,243.45,75.47,172.11,5.0,4.42,46.37,0.0,0.0,145.55,184.45,36.42,0.0,148.03,0.0,0.0,0.0,0.0,0.0,13.0,13.0,13.0,0.0,0.0,0.0,0.0,0.0,0.02,38.89,38.89,39.34,38.89,149.45,177.32,808.63,539.68,1348.32,326.76,7747.87,232.76,450490.47,0.0,0.0,60.98,14.72,27.52,7.72,0.0
0.0,22.0,0.0,6.0,72.0,19.0,1.0,1.0,1.0,1.0,22.0,0.0,22.0,0.0,0.0,0.0,0.0,0.0,0.0,0.0,2.0,0.0,0.0,0.0,0.0,0.0,0.0,0.0,0.0,0.0,0.0,0.0,0.0,0.0,96.0,6.0,50.0,14.0,31.0,19.0,0.0,22.0,0.0,0.0,22.0,23.0,7.0,0.0,16.0,0.0,0.0,0.0,0.0,0.0,1.0,1.0,1.0,0.0,0.0,0.0,0.0,0.0,0.38,2.0,2.0,2.0,2.0,27.0,66.0,187.0,158.0,345.0,93.0,1908.0,31.0,30189.0,0.0,0.0,11.0,1.0,16.0,12.0,0.0
3.0,31.66,2.0,58.29,289.53,161.29,6.0,6.0,6.0,2.74,35.66,3.0,27.24,2.0,0.0,0.0,0.0,0.0,0.0,0.0,6.0,0.0,0.0,0.0,0.0,0.0,0.0,0.0,0.0,0.0,0.0,0.0,0.0,0.0,484.11,57.29,206.03,68.26,135.92,159.29,18.42,69.08,0.0,0.0,126.61,161.82,32.47,13.0,116.34,0.0,0.0,0.0,0.0,0.0,13.21,13.21,14.47,0.0,0.0,0.0,0.0,0.0,0.77,35.21,35.21,37.47,18.47,126.95,193.87,587.34,447.89,1035.24,320.82,6328.92,136.84,209441.87,0.0,0.0,34.0,11.25,13.5,5.75,0.0
0.0,0.0,0.0,13.2,73.2,74.0,0.0,0.0,0.0,0.0,0.0,0.0,0.0,0.0,0.0,0.0,0.0,0.0,0.0,0.0,0.0,0.0,0.0,0.0,0.0,0.0,0.0,0.0,0.0,0.0,0.0,0.0,0.0,0.0,125.2,13.2,63.6,60.6,0.0,74.0,0.0,9.6,0.0,0.0,25.2,25.2,25.2,0.0,0.0,0.0,0.0,0.0,0.0,0.0,0.0,0.0,0.0,0.0,0.0,0.0,0.0,0.0,1.16,0.0,0.0,0.0,0.0,0.0,0.0,0.0,0.0,0.0,0.0,0.0,0.0,0.0,0.0,0.0,0.0,0.0,0.0,0.0,0.0
0.0,0.0,0.0,21.0,116.0,77.0,0.0,0.0,0.0,0.0,0.0,0.0,0.0,0.0,0.0,0.0,0.0,0.0,0.0,0.0,0.0,0.0,0.0,0.0,0.0,0.0,0.0,0.0,0.0,0.0,0.0,0.0,0.0,0.0,154.0,21.0,37.0,35.0,0.0,77.0,0.0,79.0,0.0,0.0,22.0,22.0,22.0,0.0,0.0,0.0,0.0,0.0,0.0,0.0,0.0,0.0,0.0,0.0,0.0,0.0,0.0,0.0,2.08,0.0,0.0,0.0,0.0,0.0,0.0,0.0,0.0,0.0,0.0,0.0,0.0,0.0,0.0,0.0,0.0,0.0,0.0,0.0,0.0
8.0,38.0,3.0,353.5,1545.5,358.0,5.0,4.0,5.0,2.0,49.0,8.0,38.0,3.0,0.0,0.0,0.0,0.0,0.0,0.0,39.0,0.0,0.0,0.0,0.0,0.0,0.0,0.0,0.0,0.0,0.0,0.0,0.0,0.0,2250.0,353.5,1523.0,317.0,1115.0,358.0,0.0,22.5,0.0,0.0,866.0,1049.0,194.5,0.0,854.5,0.0,0.0,0.0,0.0,0.0,22.0,22.0,23.0,0.0,0.0,0.0,0.0,0.0,0.23,183.0,173.0,195.5,103.0,646.5,1472.5,4458.5,3594.5,8053.0,2119.0,51135.5,700.5,1659617.5,2.0,4.0,555.0,161.0,251.0,61.0,0.0
0.0,0.0,0.0,3.0,14.0,21.0,0.0,0.0,0.0,0.0,0.0,0.0,0.0,0.0,0.0,0.0,0.0,0.0,0.0,0.0,0.0,0.0,0.0,0.0,0.0,0.0,0.0,0.0,0.0,0.0,0.0,0.0,0.0,0.0,37.0,3.0,11.0,11.0,0.0,21.0,0.0,3.0,0.0,0.0,10.0,10.0,10.0,0.0,0.0,0.0,0.0,0.0,0.0,0.0,0.0,0.0,0.0,0.0,0.0,0.0,0.0,0.0,1.91,0.0,0.0,0.0,0.0,0.0,0.0,0.0,0.0,0.0,0.0,0.0,0.0,0.0,0.0,0.0,0.0,0.0,0.0,0.0,0.0
0.0,0.0,0.0,6.0,12.0,40.0,0.0,0.0,0.0,0.0,0.0,0.0,0.0,0.0,0.0,0.0,0.0,0.0,0.0,0.0,0.0,0.0,0.0,0.0,0.0,0.0,0.0,0.0,0.0,0.0,0.0,0.0,0.0,0.0,57.0,6.0,0.0,0.0,0.0,40.0,0.0,12.0,0.0,0.0,0.0,0.0,0.0,0.0,0.0,0.0,0.0,0.0,0.0,0.0,0.0,0.0,0.0,0.0,0.0,0.0,0.0,0.0,0.0,0.0,0.0,0.0,0.0,0.0,0.0,0.0,0.0,0.0,0.0,0.0,0.0,0.0,0.0,0.0,0.0,0.0,0.0,0.0,0.0
0.0,0.0,0.0,283.0,1025.0,591.0,0.0,0.0,0.0,0.0,0.0,0.0,0.0,0.0,0.0,0.0,0.0,0.0,0.0,0.0,0.0,0.0,0.0,0.0,0.0,0.0,0.0,0.0,0.0,0.0,0.0,0.0,0.0,0.0,1530.0,283.0,647.0,644.0,0.0,591.0,6.0,378.0,0.0,0.0,517.0,517.0,517.0,0.0,0.0,0.0,0.0,0.0,0.0,0.0,0.0,0.0,0.0,0.0,0.0,0.0,0.0,0.0,0.91,0.0,0.0,0.0,0.0,0.0,0.0,0.0,0.0,0.0,0.0,0.0,0.0,0.0,0.0,0.0,0.0,0.0,0.0,0.0,0.0
2.0,15.0,2.0,43.0,220.0,38.0,2.0,2.0,2.0,1.0,19.0,2.0,13.0,2.0,0.0,0.0,0.0,0.0,0.0,0.0,11.0,0.0,0.0,0.0,0.0,0.0,0.0,0.0,0.0,0.0,0.0,0.0,0.0,0.0,299.0,43.0,181.0,57.0,117.0,38.0,6.0,33.0,0.0,0.0,99.0,122.0,35.0,0.0,87.0,0.0,0.0,0.0,0.0,0.0,8.0,8.0,9.0,0.0,0.0,0.0,0.0,0.0,0.21,23.0,23.0,24.0,19.0,138.0,203.0,486.0,380.0,866.0,341.0,4740.0,115.0,91252.0,0.0,0.0,53.0,17.0,10.0,5.0,0.0
0.45,4.21,0.18,19.37,76.61,51.68,1.34,1.34,1.34,0.45,5.11,0.45,4.21,0.18,0.0,0.0,0.0,0.0,0.0,0.0,2.16,0.0,0.0,0.0,0.0,0.0,0.0,0.0,0.0,0.0,0.0,0.0,0.0,0.0,145.11,10.21,20.89,3.68,12.63,19.16,85.74,11.66,0.0,0.0,8.47,14.34,2.97,0.0,11.37,0.0,0.0,0.0,0.0,0.0,1.53,1.53,1.53,0.0,0.0,0.0,0.0,0.0,0.39,6.39,6.03,6.58,3.08,31.66,25.26,67.21,40.92,108.13,56.92,513.79,24.84,6206.29,0.0,0.0,6.22,3.25,0.8,0.2,0.0
4.8,34.5,1.8,436.2,2684.0,729.0,5.2,5.0,5.6,2.0,40.7,4.8,34.5,1.8,0.0,0.0,0.0,0.0,0.0,0.0,69.2,0.0,0.0,0.0,0.0,0.0,0.0,0.0,0.0,0.0,0.0,0.0,0.0,0.0,3839.0,409.7,2396.6,358.5,1617.3,692.0,319.9,32.0,0.0,0.0,1328.2,1667.3,260.3,71.2,1335.8,0.0,0.0,0.0,0.0,0.0,26.6,26.6,26.6,0.0,0.0,0.0,0.0,0.0,0.29,366.2,355.7,391.6,192.7,1164.9,2304.1,7308.3,6159.7,13468.0,3469.0,83605.5,1358.7,3200981.4,0.7,19.8,718.4,115.6,209.0,56.0,0.0
3.92,32.39,6.0,78.13,526.13,133.5,5.0,4.55,5.92,3.0,39.84,3.92,29.55,6.0,0.0,0.0,0.0,0.0,0.0,0.0,14.08,0.0,0.0,0.0,0.0,0.0,0.0,0.0,0.0,0.0,0.0,0.0,0.0,0.0,702.29,78.13,463.97,135.34,320.92,133.5,26.0,37.16,0.0,0.0,250.5,322.24,74.89,11.0,236.34,0.0,0.0,0.0,0.0,0.0,20.58,20.58,22.58,0.0,0.0,0.0,0.0,0.0,0.29,74.68,62.68,78.68,45.61,232.13,460.13,1485.21,1114.71,2599.92,692.26,16911.13,238.63,676744.92,0.0,0.0,117.9,32.92,58.55,12.97,0.0
0.0,0.0,0.0,35.0,188.2,156.5,0.0,0.0,0.0,0.0,0.0,0.0,0.0,0.0,0.0,0.0,0.0,0.0,0.0,0.0,0.0,0.0,0.0,0.0,0.0,0.0,0.0,0.0,0.0,0.0,0.0,0.0,0.0,0.0,283.7,35.0,122.0,122.0,0.0,156.5,0.0,66.2,0.0,0.0,102.0,102.0,102.0,0.0,0.0,0.0,0.0,0.0,0.0,0.0,0.0,0.0,0.0,0.0,0.0,0.0,0.0,0.0,1.28,0.0,0.0,0.0,0.0,0.0,0.0,0.0,0.0,0.0,0.0,0.0,0.0,0.0,0.0,0.0,0.0,0.0,0.0,0.0,0.0
0.0,0.0,0.0,10.0,49.0,53.0,0.0,0.0,0.0,0.0,0.0,0.0,0.0,0.0,0.0,0.0,0.0,0.0,0.0,0.0,0.0,0.0,0.0,0.0,0.0,0.0,0.0,0.0,0.0,0.0,0.0,0.0,0.0,0.0,91.0,10.0,43.0,41.0,0.0,53.0,0.0,6.0,0.0,0.0,27.0,27.0,27.0,0.0,0.0,0.0,0.0,0.0,0.0,0.0,0.0,0.0,0.0,0.0,0.0,0.0,0.0,0.0,1.23,0.0,0.0,0.0,0.0,0.0,0.0,0.0,0.0,0.0,0.0,0.0,0.0,0.0,0.0,0.0,0.0,0.0,0.0,0.0,0.0
10.83,29.93,5.0,278.86,696.62,271.62,6.0,6.0,6.0,3.0,46.24,10.83,29.93,5.0,0.0,0.0,0.0,0.0,0.0,0.0,21.14,0.0,0.0,0.0,0.0,0.0,0.0,0.0,0.0,0.0,0.0,0.0,0.0,0.0,1246.1,276.97,678.24,147.97,430.79,267.69,15.9,8.31,0.0,0.0,413.62,540.83,118.69,12.93,409.21,0.0,0.0,0.0,0.0,0.0,24.0,22.0,25.0,0.0,0.0,0.0,0.0,0.0,0.39,125.21,122.21,130.21,83.03,346.38,585.72,1881.03,1357.79,3238.83,932.1,18904.0,374.34,529930.62,2.45,6.0,165.13,41.87,81.84,19.97,0.0
2.0,14.97,2.0,17.84,76.63,26.76,2.0,2.0,2.0,1.0,19.21,2.0,14.21,2.0,0.0,0.0,0.0,0.0,0.0,0.0,5.0,0.0,0.0,0.0,0.0,0.0,0.0,0.0,0.0,0.0,0.0,0.0,0.0,0.0,120.24,17.84,69.95,13.39,48.97,26.76,1.82,4.87,0.0,0.0,37.08,46.29,10.18,0.0,36.11,0.0,0.0,0.0,0.0,0.0,4.21,4.21,4.82,0.0,0.0,0.0,0.0,0.0,0.38,10.21,10.21,10.82,5.0,86.97,82.76,261.45,199.63,461.08,169.74,2498.61,97.61,72857.92,0.0,0.0,29.57,8.0,15.72,4.03,0.0
0.0,0.0,0.0,4.0,10.0,24.0,0.0,0.0,0.0,0.0,0.0,0.0,0.0,0.0,0.0,0.0,0.0,0.0,0.0,0.0,0.0,0.0,0.0,0.0,0.0,0.0,0.0,0.0,0.0,0.0,0.0,0.0,0.0,0.0,33.0,4.0,6.0,6.0,0.0,24.0,0.0,4.0,0.0,0.0,1.0,1.0,1.0,0.0,0.0,0.0,0.0,0.0,0.0,0.0,0.0,0.0,0.0,0.0,0.0,0.0,0.0,0.0,4.0,0.0,0.0,0.0,0.0,0.0,0.0,0.0,0.0,0.0,0.0,0.0,0.0,0.0,0.0,0.0,0.0,0.0,0.0,0.0,0.0
5.0,33.95,1.0,44.42,276.55,61.68,6.32,6.32,6.32,2.0,38.95,5.0,33.37,1.0,0.0,0.0,0.0,0.0,0.0,0.0,7.68,0.0,0.0,0.0,0.0,0.0,0.0,0.0,0.0,0.0,0.0,0.0,0.0,0.0,376.55,44.42,271.08,66.39,172.95,61.68,1.74,3.74,0.0,0.0,155.84,198.26,41.63,0.0,156.63,0.0,0.0,0.0,0.0,0.0,17.0,17.0,17.0,0.0,0.0,0.0,0.0,0.0,0.23,47.42,47.42,48.42,17.74,143.79,245.82,799.58,610.71,1410.29,389.61,8306.0,185.42,246977.95,0.1,0.0,59.67,16.18,2.0,2.0,0.0
0.0,0.0,0.0,19.0,83.12,58.88,0.0,0.0,0.0,0.0,0.0,0.0,0.0,0.0,0.0,0.0,0.0,0.0,0.0,0.0,0.0,0.0,0.0,0.0,0.0,0.0,0.0,0.0,0.0,0.0,0.0,0.0,0.0,0.0,161.0,19.0,56.25,51.25,0.0,58.88,0.0,26.88,0.0,0.0,50.25,50.25,50.25,0.0,0.0,0.0,0.0,0.0,0.0,0.0,0.0,0.0,0.0,0.0,0.0,0.0,0.0,0.0,1.04,0.0,0.0,0.0,0.0,0.0,0.0,0.0,0.0,0.0,0.0,0.0,0.0,0.0,0.0,0.0,0.0,0.0,0.0,0.0,0.0
6.0,29.0,4.0,836.5,3535.0,1096.0,5.0,4.0,5.0,2.0,39.5,6.0,29.0,4.0,0.0,0.0,0.0,0.0,0.0,0.0,108.5,0.0,0.0,0.0,0.0,0.0,0.0,0.0,0.0,0.0,0.0,0.0,0.0,0.0,5463.5,797.5,3338.5,708.0,2363.5,1064.0,235.5,32.0,0.0,0.0,1757.5,2274.0,411.5,0.0,1862.5,0.0,0.0,0.0,0.0,0.0,47.5,40.0,47.5,0.0,0.0,0.0,0.0,0.0,0.32,520.5,476.0,575.5,268.5,1682.5,2966.0,9221.5,7047.5,16269.0,4648.5,98347.0,1764.5,3121873.5,3.0,11.0,1090.0,265.5,349.5,96.0,0.0
0.0,0.0,0.0,21.0,561.2,46.0,0.0,0.0,0.0,0.0,0.0,0.0,0.0,0.0,0.0,0.0,0.0,0.0,0.0,0.0,0.0,0.0,0.0,0.0,0.0,0.0,0.0,0.0,0.0,0.0,0.0,0.0,0.0,0.0,627.2,21.0,25.0,25.0,0.0,46.0,0.0,536.2,0.0,0.0,3.0,3.0,3.0,0.0,0.0,0.0,0.0,0.0,0.0,0.0,0.0,0.0,0.0,0.0,0.0,0.0,0.0,0.0,1.84,0.0,0.0,0.0,0.0,0.0,0.0,0.0,0.0,0.0,0.0,0.0,0.0,0.0,0.0,0.0,0.0,0.0,0.0,0.0,0.0
3.4,19.2,2.0,312.4,1436.6,380.8,3.0,3.0,3.0,1.0,24.0,3.4,18.4,2.0,0.0,0.0,0.0,0.0,0.0,0.0,53.2,0.0,0.0,0.0,0.0,0.0,0.0,0.0,0.0,0.0,0.0,0.0,0.0,0.0,2053.0,310.8,1354.0,540.8,830.2,380.0,52.8,31.4,0.0,0.0,654.2,813.4,240.0,0.2,573.2,0.0,0.0,0.0,0.0,0.0,13.4,12.6,14.6,0.0,0.0,0.0,0.0,0.0,0.27,158.4,144.0,170.4,82.0,847.8,1212.2,3356.2,2530.4,5886.6,2060.0,34169.8,807.4,884397.4,2.8,5.4,154.2,49.6,64.2,17.2,0.0
4.57,33.83,4.57,75.43,482.04,198.61,5.57,4.57,5.57,3.57,39.09,4.57,33.83,4.57,0.0,0.0,0.0,0.0,0.0,0.0,11.87,0.0,0.0,0.0,0.0,0.0,0.0,0.0,0.0,0.0,0.0,0.0,0.0,0.0,702.13,75.43,443.04,88.0,285.74,198.61,1.0,39.0,0.0,0.0,288.3,357.17,69.87,19.43,267.87,0.0,0.0,0.0,0.0,0.0,16.0,14.0,16.0,0.0,0.0,0.0,0.0,0.0,0.45,68.87,54.87,69.87,48.87,218.61,417.17,1438.48,1175.91,2614.39,635.78,16493.3,275.39,678558.22,0.0,0.0,124.6,37.0,103.0,22.0,0.0
0.0,0.0,0.0,6.0,55.0,17.0,0.0,0.0,0.0,0.0,0.0,0.0,0.0,0.0,0.0,0.0,0.0,0.0,0.0,0.0,0.0,0.0,0.0,0.0,0.0,0.0,0.0,0.0,0.0,0.0,0.0,0.0,0.0,0.0,77.0,6.0,48.0,46.0,0.0,17.0,0.0,7.0,0.0,0.0,38.0,38.0,38.0,0.0,0.0,0.0,0.0,0.0,0.0,0.0,0.0,0.0,0.0,0.0,0.0,0.0,0.0,0.0,0.35,0.0,0.0,0.0,0.0,0.0,0.0,0.0,0.0,0.0,0.0,0.0,0.0,0.0,0.0,0.0,0.0,0.0,0.0,0.0,0.0
0.0,0.0,0.0,3.0,19.53,1.0,0.0,0.0,0.0,0.0,0.0,0.0,0.0,0.0,0.0,0.0,0.0,0.0,0.0,0.0,0.0,0.0,0.0,0.0,0.0,0.0,0.0,0.0,0.0,0.0,0.0,0.0,0.0,0.0,22.53,3.0,16.53,16.53,0.0,1.0,0.0,3.0,0.0,0.0,14.13,14.13,14.13,0.0,0.0,0.0,0.0,0.0,0.0,0.0,0.0,0.0,0.0,0.0,0.0,0.0,0.0,0.0,0.06,0.0,0.0,0.0,0.0,0.0,0.0,0.0,0.0,0.0,0.0,0.0,0.0,0.0,0.0,0.0,0.0,0.0,0.0,0.0,0.0
0.0,0.0,0.0,7.0,4830.71,18.43,0.0,0.0,0.0,0.0,0.0,0.0,0.0,0.0,0.0,0.0,0.0,0.0,0.0,0.0,0.0,0.0,0.0,0.0,0.0,0.0,0.0,0.0,0.0,0.0,0.0,0.0,0.0,0.0,4856.14,7.0,4805.71,4805.71,4805.71,18.43,6.0,20.0,0.0,0.0,5.0,5.0,5.0,0.0,0.0,0.0,0.0,0.0,0.0,0.0,0.0,0.0,0.0,0.0,0.0,0.0,0.0,0.0,0.0,0.0,0.0,0.0,0.0,0.0,0.0,0.0,0.0,0.0,0.0,0.0,0.0,0.0,0.0,0.0,0.0,0.0,0.0,0.0,0.0
0.43,4.96,0.89,82.86,471.29,233.0,0.71,0.71,1.29,0.64,5.86,0.43,4.96,0.89,0.0,0.0,0.0,0.0,0.0,0.0,2.79,0.0,0.0,0.0,0.0,0.0,0.0,0.0,0.0,0.0,0.0,0.0,0.0,0.0,625.82,82.86,364.86,348.07,10.04,225.75,15.18,91.29,0.0,0.0,308.82,311.82,303.71,0.0,8.11,0.0,0.0,0.0,0.0,0.0,1.29,1.29,1.93,0.0,0.0,0.0,0.0,0.0,0.63,3.5,3.5,4.79,2.79,28.93,25.71,52.86,41.0,93.86,54.64,416.57,21.57,3852.61,0.0,0.0,6.14,2.18,2.86,1.29,0.0
6.29,24.71,5.5,580.21,2029.71,877.12,4.25,3.75,4.25,2.0,36.46,6.29,24.71,5.5,0.0,0.0,0.0,0.0,0.0,0.0,74.25,0.0,0.0,0.0,0.0,0.0,0.0,0.0,0.0,0.0,0.0,0.0,0.0,0.0,3485.54,557.58,1913.62,418.5,1338.29,863.38,125.5,26.96,0.0,0.0,1053.08,1355.92,250.83,0.96,1104.12,0.0,0.0,0.0,0.0,0.0,25.46,19.62,25.71,0.0,0.0,0.0,0.0,0.0,0.46,306.58,273.04,325.42,172.17,1152.96,1872.12,5601.25,4266.29,9867.54,3025.08,58285.71,1159.71,1666399.79,3.38,6.83,636.88,171.04,242.67,67.04,0.0
0.0,0.0,0.0,9.0,13.0,6.0,0.0,0.0,0.0,0.0,0.0,0.0,0.0,0.0,0.0,0.0,0.0,0.0,0.0,0.0,0.0,0.0,0.0,0.0,0.0,0.0,0.0,0.0,0.0,0.0,0.0,0.0,0.0,0.0,28.0,9.0,0.0,0.0,0.0,6.0,0.0,13.0,0.0,0.0,0.0,0.0,0.0,0.0,0.0,0.0,0.0,0.0,0.0,0.0,0.0,0.0,0.0,0.0,0.0,0.0,0.0,0.0,0.0,0.0,0.0,0.0,0.0,0.0,0.0,0.0,0.0,0.0,0.0,0.0,0.0,0.0,0.0,0.0,0.0,0.0,0.0,0.0,0.0
0.0,5.0,0.0,42.4,132.6,82.0,1.0,1.0,1.0,1.0,5.0,0.0,5.0,0.0,0.0,0.0,0.0,0.0,0.0,0.0,1.0,0.0,0.0,0.0,0.0,0.0,0.0,0.0,0.0,0.0,0.0,0.0,0.0,0.0,222.0,42.4,99.0,87.0,1.0,82.0,0.0,33.6,0.0,0.0,78.0,79.0,78.0,0.0,1.0,0.0,0.0,0.0,0.0,0.0,1.0,1.0,1.0,0.0,0.0,0.0,0.0,0.0,0.83,1.0,1.0,1.0,1.0,7.0,4.0,7.0,5.0,12.0,11.0,41.0,4.0,164.0,0.0,0.0,1.0,1.0,0.0,0.0,0.0
0.0,5.0,0.0,14.36,86.21,7.14,1.0,1.0,1.0,1.0,5.0,0.0,5.0,0.0,0.0,0.0,0.0,0.0,0.0,0.0,4.0,0.0,0.0,0.0,0.0,0.0,0.0,0.0,0.0,0.0,0.0,0.0,0.0,0.0,107.71,14.21,79.14,69.36,53.07,7.0,2.5,4.86,0.0,0.0,21.29,25.29,21.29,0.0,4.0,0.0,0.0,0.0,0.0,0.0,1.0,1.0,1.0,0.0,0.0,0.0,0.0,0.0,0.09,4.0,4.0,4.0,4.0,25.0,18.0,35.0,21.0,56.0,43.0,198.0,13.0,779.0,0.0,0.0,1.0,1.0,0.0,0.0,0.0
1.62,9.31,0.0,259.15,1161.08,247.81,2.58,2.46,2.88,1.0,10.73,1.62,9.31,0.0,0.0,0.0,0.0,0.0,0.0,0.0,87.88,0.0,0.0,0.0,0.0,0.0,0.0,0.0,0.0,0.0,0.0,0.0,0.0,0.0,1668.04,259.15,922.81,307.5,601.08,247.81,0.0,238.27,0.0,0.0,793.12,1005.38,336.69,0.0,668.69,0.0,0.0,0.0,0.0,0.0,36.5,36.5,36.62,0.0,0.0,0.0,0.0,0.0,0.27,219.19,216.62,232.54,134.0,811.23,1111.96,2724.77,2027.12,4751.88,1923.19,24805.27,655.96,377872.0,0.35,6.08,411.96,210.12,211.54,26.58,0.0
0.0,0.0,0.0,32.0,184.0,203.0,0.0,0.0,0.0,0.0,0.0,0.0,0.0,0.0,0.0,0.0,0.0,0.0,0.0,0.0,0.0,0.0,0.0,0.0,0.0,0.0,0.0,0.0,0.0,0.0,0.0,0.0,0.0,0.0,417.0,32.0,115.0,100.0,0.0,203.0,17.0,55.0,0.0,0.0,98.0,98.0,98.0,0.0,0.0,0.0,0.0,0.0,0.0,0.0,0.0,0.0,0.0,0.0,0.0,0.0,0.0,0.0,1.77,0.0,0.0,0.0,0.0,0.0,0.0,0.0,0.0,0.0,0.0,0.0,0.0,0.0,0.0,0.0,0.0,0.0,0.0,0.0,0.0
5.26,60.58,3.26,601.26,5015.76,412.08,10.53,10.29,14.13,5.0,67.89,5.26,48.26,3.26,0.0,0.0,0.0,0.0,0.0,0.0,80.71,0.0,0.0,0.0,0.0,0.0,0.0,0.0,0.0,0.0,0.0,0.0,0.0,0.0,5920.29,584.79,3928.39,442.92,3077.26,401.82,628.37,482.74,0.0,0.0,2250.34,3034.18,383.0,10.55,2640.63,0.0,0.0,0.0,0.0,0.0,82.95,61.95,105.82,0.0,0.0,0.0,0.0,0.0,0.1,846.55,813.74,1131.03,426.11,1861.79,4008.05,16521.95,13238.42,29760.37,5869.84,202189.95,2796.03,12683487.55,7.08,13.6,1531.92,277.52,809.67,147.43,0.0
0.0,0.0,0.0,5.0,13.0,53.0,0.0,0.0,0.0,0.0,0.0,0.0,0.0,0.0,0.0,0.0,0.0,0.0,0.0,0.0,0.0,0.0,0.0,0.0,0.0,0.0,0.0,0.0,0.0,0.0,0.0,0.0,0.0,0.0,69.0,5.0,8.0,8.0,0.0,53.0,0.0,5.0,0.0,0.0,7.0,7.0,7.0,0.0,0.0,0.0,0.0,0.0,0.0,0.0,0.0,0.0,0.0,0.0,0.0,0.0,0.0,0.0,6.62,0.0,0.0,0.0,0.0,0.0,0.0,0.0,0.0,0.0,0.0,0.0,0.0,0.0,0.0,0.0,0.0,0.0,0.0,0.0,0.0
0.0,0.0,0.0,18.2,77.2,64.0,0.0,0.0,0.0,0.0,0.0,0.0,0.0,0.0,0.0,0.0,0.0,0.0,0.0,0.0,0.0,0.0,0.0,0.0,0.0,0.0,0.0,0.0,0.0,0.0,0.0,0.0,0.0,0.0,144.4,18.2,65.8,58.8,0.0,64.0,0.0,11.4,0.0,0.0,42.6,42.6,42.6,0.0,0.0,0.0,0.0,0.0,0.0,0.0,0.0,0.0,0.0,0.0,0.0,0.0,0.0,0.0,0.96,0.0,0.0,0.0,0.0,0.0,0.0,0.0,0.0,0.0,0.0,0.0,0.0,0.0,0.0,0.0,0.0,0.0,0.0,0.0,0.0
0.0,0.0,0.0,30.82,247.07,21.39,0.0,0.0,0.0,0.0,0.0,0.0,0.0,0.0,0.0,0.0,0.0,0.0,0.0,0.0,0.0,0.0,0.0,0.0,0.0,0.0,0.0,0.0,0.0,0.0,0.0,0.0,0.0,0.0,299.29,30.82,243.07,243.07,0.0,21.39,0.0,4.0,0.0,0.0,210.54,211.54,211.54,0.0,0.0,0.0,0.0,0.0,0.0,0.0,0.0,0.0,0.0,0.0,0.0,0.0,0.0,0.0,0.1,0.0,0.0,0.0,0.0,0.0,0.0,0.0,0.0,0.0,0.0,0.0,0.0,0.0,0.0,0.0,0.0,0.0,0.0,0.0,0.0
0.0,0.0,0.0,12.0,87.0,71.26,0.0,0.0,0.0,0.0,0.0,0.0,0.0,0.0,0.0,0.0,0.0,0.0,0.0,0.0,0.0,0.0,0.0,0.0,0.0,0.0,0.0,0.0,0.0,0.0,0.0,0.0,0.0,0.0,139.26,12.0,42.0,48.0,0.0,71.26,11.0,39.0,0.0,0.0,38.0,38.0,38.0,0.0,0.0,0.0,0.0,0.0,0.0,0.0,0.0,0.0,0.0,0.0,0.0,0.0,0.0,0.0,1.7,0.0,0.0,0.0,0.0,0.0,0.0,0.0,0.0,0.0,0.0,0.0,0.0,0.0,0.0,0.0,0.0,0.0,0.0,0.0,0.0
0.0,0.0,0.0,20.0,584.0,30.0,0.0,0.0,0.0,0.0,0.0,0.0,0.0,0.0,0.0,0.0,0.0,0.0,0.0,0.0,0.0,0.0,0.0,0.0,0.0,0.0,0.0,0.0,0.0,0.0,0.0,0.0,0.0,0.0,633.0,20.0,25.0,25.0,0.0,30.0,0.0,559.0,0.0,0.0,3.0,3.0,3.0,0.0,0.0,0.0,0.0,0.0,0.0,0.0,0.0,0.0,0.0,0.0,0.0,0.0,0.0,0.0,1.2,0.0,0.0,0.0,0.0,0.0,0.0,0.0,0.0,0.0,0.0,0.0,0.0,0.0,0.0,0.0,0.0,0.0,0.0,0.0,0.0
0.0,0.0,0.0,11.0,59.0,70.0,0.0,0.0,0.0,0.0,0.0,0.0,0.0,0.0,0.0,0.0,0.0,0.0,0.0,0.0,0.0,0.0,0.0,0.0,0.0,0.0,0.0,0.0,0.0,0.0,0.0,0.0,0.0,0.0,118.0,11.0,54.0,49.0,0.0,70.0,0.0,5.0,0.0,0.0,31.0,31.0,31.0,0.0,0.0,0.0,0.0,0.0,0.0,0.0,0.0,0.0,0.0,0.0,0.0,0.0,0.0,0.0,1.3,0.0,0.0,0.0,0.0,0.0,0.0,0.0,0.0,0.0,0.0,0.0,0.0,0.0,0.0,0.0,0.0,0.0,0.0,0.0,0.0
5.08,38.11,5.63,152.76,834.0,225.42,5.71,4.82,6.71,2.0,44.58,4.71,32.66,5.63,0.0,0.0,0.0,0.0,0.0,0.0,15.13,0.0,0.0,0.0,0.0,0.0,0.0,0.0,0.0,0.0,0.0,0.0,0.0,0.0,1096.76,134.87,550.82,100.71,353.32,217.79,144.84,172.24,0.0,0.0,347.79,438.55,73.42,38.47,326.66,0.0,0.0,0.0,0.0,0.0,20.26,14.55,21.26,0.0,0.0,0.0,0.0,0.0,0.4,88.76,73.76,101.95,39.13,257.47,494.89,1567.92,1187.26,2755.18,752.37,17195.84,281.26,595561.71,0.0,0.0,64.25,13.72,35.35,5.17,0.0
0.0,0.0,0.0,30.6,276.0,226.2,0.0,0.0,0.0,0.0,0.0,0.0,0.0,0.0,0.0,0.0,0.0,0.0,0.0,0.0,0.0,0.0,0.0,0.0,0.0,0.0,0.0,0.0,0.0,0.0,0.0,0.0,0.0,0.0,394.2,30.6,262.0,253.4,0.0,226.2,0.0,14.0,0.0,0.0,160.6,160.6,160.6,0.0,0.0,0.0,0.0,0.0,0.0,0.0,0.0,0.0,0.0,0.0,0.0,0.0,0.0,0.0,0.86,0.0,0.0,0.0,0.0,0.0,0.0,0.0,0.0,0.0,0.0,0.0,0.0,0.0,0.0,0.0,0.0,0.0,0.0,0.0,0.0
0.0,0.0,0.0,45.36,271.91,54.0,0.0,0.0,0.0,0.0,0.0,0.0,0.0,0.0,0.0,0.0,0.0,0.0,0.0,0.0,0.0,0.0,0.0,0.0,0.0,0.0,0.0,0.0,0.0,0.0,0.0,0.0,0.0,0.0,350.18,45.36,214.64,194.45,0.0,54.0,3.73,54.55,0.0,0.0,160.77,160.77,160.77,0.0,0.0,0.0,0.0,0.0,0.0,0.0,0.0,0.0,0.0,0.0,0.0,0.0,0.0,0.0,0.23,0.0,0.0,0.0,0.0,0.0,0.0,0.0,0.0,0.0,0.0,0.0,0.0,0.0,0.0,0.0,0.0,0.0,0.0,0.0,0.0
0.0,0.0,0.0,87.0,884.0,110.0,0.0,0.0,0.0,0.0,0.0,0.0,0.0,0.0,0.0,0.0,0.0,0.0,0.0,0.0,0.0,0.0,0.0,0.0,0.0,0.0,0.0,0.0,0.0,0.0,0.0,0.0,0.0,0.0,1080.0,87.0,275.0,217.0,0.0,110.0,374.0,379.0,0.0,0.0,217.0,217.0,217.0,0.0,0.0,0.0,0.0,0.0,0.0,0.0,0.0,0.0,0.0,0.0,0.0,0.0,0.0,0.0,0.4,0.0,0.0,0.0,0.0,0.0,0.0,0.0,0.0,0.0,0.0,0.0,0.0,0.0,0.0,0.0,0.0,0.0,0.0,0.0,0.0
4.0,30.37,5.0,30.05,176.26,114.0,12.0,12.0,12.0,1.0,39.05,4.0,28.37,5.0,0.0,0.0,0.0,0.0,0.0,0.0,5.0,0.0,0.0,0.0,0.0,0.0,0.0,0.0,0.0,0.0,0.0,0.0,0.0,0.0,318.32,30.05,152.26,35.05,106.21,114.0,12.0,16.0,0.0,0.0,180.84,222.21,27.74,34.0,160.47,0.0,0.0,0.0,0.0,0.0,24.37,24.37,24.37,0.0,0.0,0.0,0.0,0.0,0.75,59.37,59.37,60.37,6.37,106.42,114.26,511.68,424.37,936.05,220.68,5343.16,186.37,267967.68,0.0,0.0,68.95,9.0,1.0,1.0,0.0
4.0,26.1,1.0,238.0,1289.57,109.71,4.0,4.0,4.95,2.0,30.62,4.0,26.1,1.0,0.0,0.0,0.0,0.0,0.0,0.0,35.95,0.0,0.0,0.0,0.0,0.0,0.0,0.0,0.0,0.0,0.0,0.0,0.0,0.0,1582.48,238.0,1260.05,460.62,774.57,109.71,0.0,29.52,0.0,0.0,720.1,866.05,268.1,0.0,597.95,0.0,0.0,0.0,0.0,0.0,17.14,17.0,21.14,0.0,0.0,0.0,0.0,0.0,0.09,146.05,137.33,166.24,93.71,601.95,1034.33,3095.57,2485.57,5581.14,1636.29,34112.86,660.81,1136362.95,0.0,0.95,338.14,89.95,162.43,42.48,0.0
2.0,32.0,1.0,71.57,674.57,157.0,5.0,5.0,5.0,2.14,35.0,2.0,30.0,1.0,0.0,0.0,0.0,0.0,0.0,0.0,18.0,0.0,0.0,0.0,0.0,0.0,0.0,0.0,0.0,0.0,0.0,0.0,0.0,0.0,902.14,71.57,634.71,166.86,450.71,157.0,15.0,28.86,0.0,0.0,408.43,498.57,114.86,4.0,379.71,0.0,0.0,0.0,0.0,0.0,12.0,12.0,12.0,0.0,0.0,0.0,0.0,0.0,0.25,82.14,82.14,83.14,53.14,316.0,585.71,1830.14,1488.14,3318.29,901.71,19778.57,379.14,634313.14,0.0,9.0,193.71,72.86,148.0,19.0,0.0
4.0,18.0,0.0,7.0,21.0,16.0,2.0,2.0,2.0,1.0,22.0,4.0,18.0,0.0,0.0,0.0,0.0,0.0,0.0,0.0,1.0,0.0,0.0,0.0,0.0,0.0,0.0,0.0,0.0,0.0,0.0,0.0,0.0,0.0,44.0,7.0,19.0,8.0,11.0,16.0,0.0,2.0,0.0,0.0,14.0,15.0,4.0,0.0,11.0,0.0,0.0,0.0,0.0,0.0,2.0,2.0,2.0,0.0,0.0,0.0,0.0,0.0,0.84,2.0,2.0,2.0,1.0,12.0,25.0,59.0,54.0,113.0,37.0,588.0,12.0,7056.0,0.0,0.0,3.0,1.0,2.0,1.0,0.0
0.0,0.0,0.0,5.0,10.0,20.0,0.0,0.0,0.0,0.0,0.0,0.0,0.0,0.0,0.0,0.0,0.0,0.0,0.0,0.0,0.0,0.0,0.0,0.0,0.0,0.0,0.0,0.0,0.0,0.0,0.0,0.0,0.0,0.0,34.0,5.0,0.0,0.0,0.0,20.0,0.0,10.0,0.0,0.0,0.0,0.0,0.0,0.0,0.0,0.0,0.0,0.0,0.0,0.0,0.0,0.0,0.0,0.0,0.0,0.0,0.0,0.0,0.0,0.0,0.0,0.0,0.0,0.0,0.0,0.0,0.0,0.0,0.0,0.0,0.0,0.0,0.0,0.0,0.0,0.0,0.0,0.0,0.0
0.0,0.0,0.0,11.0,61.6,32.0,0.0,0.0,0.0,0.0,0.0,0.0,0.0,0.0,0.0,0.0,0.0,0.0,0.0,0.0,0.0,0.0,0.0,0.0,0.0,0.0,0.0,0.0,0.0,0.0,0.0,0.0,0.0,0.0,98.6,11.0,54.0,48.0,0.0,32.0,0.0,7.6,0.0,0.0,43.0,43.0,43.0,0.0,0.0,0.0,0.0,0.0,0.0,0.0,0.0,0.0,0.0,0.0,0.0,0.0,0.0,0.0,0.59,0.0,0.0,0.0,0.0,0.0,0.0,0.0,0.0,0.0,0.0,0.0,0.0,0.0,0.0,0.0,0.0,0.0,0.0,0.0,0.0
0.0,0.0,0.0,1.0,4.0,19.0,0.0,0.0,0.0,0.0,0.0,0.0,0.0,0.0,0.0,0.0,0.0,0.0,0.0,0.0,0.0,0.0,0.0,0.0,0.0,0.0,0.0,0.0,0.0,0.0,0.0,0.0,0.0,0.0,24.0,1.0,4.0,4.0,0.0,19.0,0.0,0.0,0.0,0.0,4.0,4.0,4.0,0.0,0.0,0.0,0.0,0.0,0.0,0.0,0.0,0.0,0.0,0.0,0.0,0.0,0.0,0.0,4.75,0.0,0.0,0.0,0.0,0.0,0.0,0.0,0.0,0.0,0.0,0.0,0.0,0.0,0.0,0.0,0.0,0.0,0.0,0.0,0.0
0.68,3.63,0.0,11.97,44.32,13.63,1.42,1.42,1.47,0.74,4.32,0.68,3.63,0.0,0.0,0.0,0.0,0.0,0.0,0.0,1.42,0.0,0.0,0.0,0.0,0.0,0.0,0.0,0.0,0.0,0.0,0.0,0.0,0.0,66.71,11.97,37.11,30.32,2.79,13.63,0.0,7.21,0.0,0.0,25.71,27.92,25.13,0.0,2.79,0.0,0.0,0.0,0.0,0.0,1.42,1.42,1.47,0.0,0.0,0.0,0.0,0.0,0.4,2.11,2.11,2.84,1.42,19.16,8.53,24.84,12.79,37.63,27.68,160.42,13.47,1523.16,0.0,0.0,2.15,1.4,0.0,0.0,0.0
0.91,17.41,7.74,19.65,120.47,107.59,3.5,3.24,3.56,1.65,25.88,0.91,17.41,7.74,0.0,0.0,0.0,0.0,0.0,0.0,5.09,0.0,0.0,0.0,0.0,0.0,0.0,0.0,0.0,0.0,0.0,0.0,0.0,0.0,247.21,19.65,112.44,14.06,76.62,107.59,0.0,8.03,0.0,0.0,62.65,85.74,12.79,0.47,72.47,0.0,0.0,0.0,0.0,0.0,5.85,5.85,5.94,0.0,0.0,0.0,0.0,0.0,1.5,23.0,19.65,23.32,12.29,85.03,127.59,383.91,292.53,676.44,212.62,3925.74,90.24,107499.03,0.11,0.31,63.31,12.17,12.75,6.0,1.0
1.5,25.05,8.16,43.66,331.24,188.95,5.24,4.47,5.82,2.24,34.76,1.5,25.05,8.16,0.0,0.0,0.0,0.0,0.0,0.0,12.92,0.0,0.0,0.0,0.0,0.0,0.0,0.0,0.0,0.0,0.0,0.0,0.0,0.0,561.24,43.66,317.42,42.13,228.76,188.95,0.0,13.82,0.0,0.0,180.24,245.84,38.13,2.68,205.03,0.0,0.0,0.0,0.0,0.0,13.05,13.05,17.79,0.0,0.0,0.0,0.0,0.0,0.63,66.08,58.0,75.5,34.45,229.71,359.39,1134.0,862.95,1996.95,589.11,11842.92,255.42,364143.39,0.1,0.28,167.43,34.62,25.02,11.62,1.0
5.32,29.61,6.03,270.39,1280.76,445.18,6.0,5.89,7.74,2.95,40.42,5.32,29.29,6.03,0.0,0.0,0.0,0.0,0.0,0.0,40.45,0.0,0.0,0.0,0.0,0.0,0.0,0.0,0.0,0.0,0.0,0.0,0.0,0.0,1977.18,266.71,1223.03,247.68,897.26,435.61,33.11,38.79,0.0,0.0,684.63,900.24,194.95,27.16,678.13,0.0,0.0,0.0,0.0,0.0,31.13,31.13,40.76,0.0,0.0,0.0,0.0,0.0,0.37,249.92,240.58,309.53,130.47,721.34,1228.45,3944.11,2874.87,6818.97,1949.79,42494.42,749.58,1738867.37,2.1,4.4,291.05,89.47,156.6,29.38,1.0
2.97,20.11,3.03,290.05,1522.0,435.58,4.45,4.0,4.61,2.0,25.71,2.97,18.79,2.74,0.0,0.0,0.0,0.0,0.0,0.0,59.92,0.0,0.0,0.0,0.0,0.0,0.0,0.0,0.0,0.0,0.0,0.0,0.0,0.0,2227.58,286.89,1350.92,359.89,860.71,419.71,84.74,113.76,0.0,0.0,777.87,1093.45,354.03,7.0,732.42,0.0,0.0,0.0,0.0,0.0,45.0,35.0,46.0,0.0,0.0,0.0,0.0,0.0,0.31,263.29,233.34,285.89,142.34,969.55,1316.37,3947.05,2897.89,6844.95,2285.92,39197.18,1005.53,1234822.26,0.0,0.38,339.4,126.62,104.28,38.8,1.0
