5.0,24.0,5.0,55.0,226.85,100.85,3.0,3.0,3.0,1.0,31.85,5.0,23.0,5.0,0.0,0.0,0.0,0.0,0.0,0.0,8.0,0.0,0.0,0.0,0.0,0.0,0.0,0.0,0.0,0.0,0.0,0.0,0.0,0.0,357.7,54.0,180.0,55.15,68.0,88.85,35.0,22.85,0.0,0.0,85.0,109.0,24.15,24.85,60.0,0.0,0.0,0.0,0.0,0.0,6.0,6.0,6.0,0.0,0.0,0.0,0.0,0.0,0.49,24.0,24.0,26.0,14.0,107.85,173.15,432.0,351.0,783.0,281.0,4067.75,105.7,57732.85,0.0,0.0,17.85,9.0,5.0,3.0,0.0
0.0,0.0,0.0,1.0,0.0,32.0,0.0,0.0,0.0,0.0,0.0,0.0,0.0,0.0,0.0,0.0,0.0,0.0,0.0,0.0,0.0,0.0,0.0,0.0,0.0,0.0,0.0,0.0,0.0,0.0,0.0,0.0,0.0,0.0,33.0,1.0,0.0,0.0,0.0,32.0,0.0,0.0,0.0,0.0,0.0,0.0,0.0,0.0,0.0,0.0,0.0,0.0,0.0,0.0,0.0,0.0,0.0,0.0,0.0,0.0,0.0,0.0,0.0,0.0,0.0,0.0,0.0,0.0,0.0,0.0,0.0,0.0,0.0,0.0,0.0,0.0,0.0,0.0,0.0,0.0,0.0,0.0,0.0
12.0,35.35,8.2,151.05,409.25,157.55,7.9,7.9,8.0,1.0,54.1,12.0,35.05,8.2,0.0,0.0,0.0,0.0,0.0,0.0,11.0,0.0,0.0,0.0,0.0,0.0,0.0,0.0,0.0,0.0,0.0,0.0,0.0,0.0,694.05,151.05,389.05,111.5,212.75,157.45,1.7,19.7,0.0,0.0,229.35,297.25,65.4,10.0,221.85,0.0,0.0,0.0,0.0,0.0,21.0,21.0,21.0,0.0,0.0,0.0,0.0,0.0,0.4,82.9,82.9,91.0,18.0,148.1,353.15,938.05,757.4,1695.45,501.25,9784.85,148.05,160336.5,0.0,0.0,66.1,18.0,15.9,7.0,0.0
0.0,0.0,0.0,14.0,16.0,7.0,0.0,0.0,0.0,0.0,0.0,0.0,0.0,0.0,0.0,0.0,0.0,0.0,0.0,0.0,0.0,0.0,0.0,0.0,0.0,0.0,0.0,0.0,0.0,0.0,0.0,0.0,0.0,0.0,37.0,14.0,13.0,13.0,0.0,7.0,0.0,3.0,0.0,0.0,13.0,13.0,13.0,0.0,0.0,0.0,0.0,0.0,0.0,0.0,0.0,0.0,0.0,0.0,0.0,0.0,0.0,0.0,0.54,0.0,0.0,0.0,0.0,0.0,0.0,0.0,0.0,0.0,0.0,0.0,0.0,0.0,0.0,0.0,0.0,0.0,0.0,0.0,0.0
12.0,39.29,9.0,926.25,2783.11,1064.11,13.75,13.75,14.0,3.0,57.75,11.0,37.75,9.0,0.0,0.0,0.0,0.0,0.0,0.0,66.5,0.0,0.0,0.0,0.0,0.0,0.0,0.0,0.0,0.0,0.0,0.0,0.0,0.0,4586.18,893.25,2566.11,587.54,1631.57,1027.11,205.0,79.0,0.0,0.0,1964.0,2648.54,372.5,104.75,2171.29,0.0,0.0,0.0,0.0,0.0,81.0,81.0,81.0,0.0,0.0,0.0,0.0,0.0,0.4,900.07,900.07,941.07,214.0,924.54,2185.04,6017.89,5178.54,11196.43,3109.57,66902.11,1021.82,1590407.29,0.0,0.0,587.25,155.25,135.0,69.0,0.0
0.0,0.0,0.0,91.0,350.0,457.0,0.0,0.0,0.0,0.0,0.0,0.0,0.0,0.0,0.0,0.0,0.0,0.0,0.0,0.0,0.0,0.0,0.0,0.0,0.0,0.0,0.0,0.0,0.0,0.0,0.0,0.0,0.0,0.0,731.0,91.0,325.0,309.0,0.0,457.0,1.0,24.0,0.0,0.0,156.0,156.0,156.0,0.0,0.0,0.0,0.0,0.0,0.0,0.0,0.0,0.0,0.0,0.0,0.0,0.0,0.0,0.0,1.41,0.0,0.0,0.0,0.0,0.0,0.0,0.0,0.0,0.0,0.0,0.0,0.0,0.0,0.0,0.0,0.0,0.0,0.0,0.0,0.0
0.0,0.0,0.0,12.0,49.0,90.0,0.0,0.0,0.0,0.0,0.0,0.0,0.0,0.0,0.0,0.0,0.0,0.0,0.0,0.0,0.0,0.0,0.0,0.0,0.0,0.0,0.0,0.0,0.0,0.0,0.0,0.0,0.0,0.0,126.0,12.0,35.0,35.0,0.0,90.0,0.0,14.0,0.0,0.0,5.0,5.0,5.0,0.0,0.0,0.0,0.0,0.0,0.0,0.0,0.0,0.0,0.0,0.0,0.0,0.0,0.0,0.0,2.57,0.0,0.0,0.0,0.0,0.0,0.0,0.0,0.0,0.0,0.0,0.0,0.0,0.0,0.0,0.0,0.0,0.0,0.0,0.0,0.0
0.0,0.0,0.0,49.0,396.0,548.0,0.0,0.0,0.0,0.0,0.0,0.0,0.0,0.0,0.0,0.0,0.0,0.0,0.0,0.0,0.0,0.0,0.0,0.0,0.0,0.0,0.0,0.0,0.0,0.0,0.0,0.0,0.0,0.0,829.0,49.0,338.0,334.0,0.0,548.0,4.0,58.0,0.0,0.0,73.0,73.0,73.0,0.0,0.0,0.0,0.0,0.0,0.0,0.0,0.0,0.0,0.0,0.0,0.0,0.0,0.0,0.0,1.62,0.0,0.0,0.0,0.0,0.0,0.0,0.0,0.0,0.0,0.0,0.0,0.0,0.0,0.0,0.0,0.0,0.0,0.0,0.0,0.0
0.0,0.0,0.0,6.0,9.0,28.0,0.0,0.0,0.0,0.0,0.0,0.0,0.0,0.0,0.0,0.0,0.0,0.0,0.0,0.0,0.0,0.0,0.0,0.0,0.0,0.0,0.0,0.0,0.0,0.0,0.0,0.0,0.0,0.0,42.0,6.0,4.0,3.0,0.0,28.0,0.0,5.0,0.0,0.0,1.0,1.0,1.0,0.0,0.0,0.0,0.0,0.0,0.0,0.0,0.0,0.0,0.0,0.0,0.0,0.0,0.0,0.0,7.0,0.0,0.0,0.0,0.0,0.0,0.0,0.0,0.0,0.0,0.0,0.0,0.0,0.0,0.0,0.0,0.0,0.0,0.0,0.0,0.0
0.0,0.0,0.0,39.0,249.25,304.75,0.0,0.0,0.0,0.0,0.0,0.0,0.0,0.0,0.0,0.0,0.0,0.0,0.0,0.0,0.0,0.0,0.0,0.0,0.0,0.0,0.0,0.0,0.0,0.0,0.0,0.0,0.0,0.0,510.75,39.0,171.25,169.25,0.0,304.75,0.0,78.0,0.0,0.0,79.25,79.25,79.25,0.0,0.0,0.0,0.0,0.0,0.0,0.0,0.0,0.0,0.0,0.0,0.0,0.0,0.0,0.0,1.78,0.0,0.0,0.0,0.0,0.0,0.0,0.0,0.0,0.0,0.0,0.0,0.0,0.0,0.0,0.0,0.0,0.0,0.0,0.0,0.0
0.0,0.0,0.0,16.0,65.0,118.0,0.0,0.0,0.0,0.0,0.0,0.0,0.0,0.0,0.0,0.0,0.0,0.0,0.0,0.0,0.0,0.0,0.0,0.0,0.0,0.0,0.0,0.0,0.0,0.0,0.0,0.0,0.0,0.0,169.0,16.0,49.0,48.0,0.0,118.0,0.0,16.0,0.0,0.0,30.0,30.0,30.0,0.0,0.0,0.0,0.0,0.0,0.0,0.0,0.0,0.0,0.0,0.0,0.0,0.0,0.0,0.0,2.41,0.0,0.0,0.0,0.0,0.0,0.0,0.0,0.0,0.0,0.0,0.0,0.0,0.0,0.0,0.0,0.0,0.0,0.0,0.0,0.0
0.0,0.0,0.0,13.18,47.89,76.79,0.0,0.0,0.0,0.0,0.0,0.0,0.0,0.0,0.0,0.0,0.0,0.0,0.0,0.0,0.0,0.0,0.0,0.0,0.0,0.0,0.0,0.0,0.0,0.0,0.0,0.0,0.0,0.0,122.5,13.0,35.0,35.0,0.0,75.18,2.14,12.36,0.0,0.0,9.0,9.0,9.0,0.0,0.0,0.0,0.0,0.0,0.0,0.0,0.0,0.0,0.0,0.0,0.0,0.0,0.0,0.0,2.15,0.0,0.0,0.0,0.0,0.0,0.0,0.0,0.0,0.0,0.0,0.0,0.0,0.0,0.0,0.0,0.0,0.0,0.0,0.0,0.0
0.0,0.0,0.0,9.0,54.0,71.0,0.0,0.0,0.0,0.0,0.0,0.0,0.0,0.0,0.0,0.0,0.0,0.0,0.0,0.0,0.0,0.0,0.0,0.0,0.0,0.0,0.0,0.0,0.0,0.0,0.0,0.0,0.0,0.0,121.0,9.0,45.0,45.0,0.0,71.0,0.0,9.0,0.0,0.0,11.0,11.0,11.0,0.0,0.0,0.0,0.0,0.0,0.0,0.0,0.0,0.0,0.0,0.0,0.0,0.0,0.0,0.0,1.58,0.0,0.0,0.0,0.0,0.0,0.0,0.0,0.0,0.0,0.0,0.0,0.0,0.0,0.0,0.0,0.0,0.0,0.0,0.0,0.0
0.0,0.0,0.0,17.0,75.0,120.0,0.0,0.0,0.0,0.0,0.0,0.0,0.0,0.0,0.0,0.0,0.0,0.0,0.0,0.0,0.0,0.0,0.0,0.0,0.0,0.0,0.0,0.0,0.0,0.0,0.0,0.0,0.0,0.0,169.0,17.0,56.0,55.0,0.0,120.0,0.0,19.0,0.0,0.0,26.0,26.0,26.0,0.0,0.0,0.0,0.0,0.0,0.0,0.0,0.0,0.0,0.0,0.0,0.0,0.0,0.0,0.0,2.14,0.0,0.0,0.0,0.0,0.0,0.0,0.0,0.0,0.0,0.0,0.0,0.0,0.0,0.0,0.0,0.0,0.0,0.0,0.0,0.0
0.0,0.0,0.0,7.0,86.6,146.3,0.0,0.0,0.0,0.0,0.0,0.0,0.0,0.0,0.0,0.0,0.0,0.0,0.0,0.0,0.0,0.0,0.0,0.0,0.0,0.0,0.0,0.0,0.0,0.0,0.0,0.0,0.0,0.0,195.4,7.0,75.6,68.6,0.0,146.3,0.0,11.0,0.0,0.0,10.0,10.0,10.0,0.0,0.0,0.0,0.0,0.0,0.0,0.0,0.0,0.0,0.0,0.0,0.0,0.0,0.0,0.0,1.93,0.0,0.0,0.0,0.0,0.0,0.0,0.0,0.0,0.0,0.0,0.0,0.0,0.0,0.0,0.0,0.0,0.0,0.0,0.0,0.0
9.0,24.8,4.6,155.8,390.2,199.6,10.0,10.0,10.2,1.0,36.8,9.0,24.2,4.6,0.0,0.0,0.0,0.0,0.0,0.0,14.8,0.0,0.0,0.0,0.0,0.0,0.0,0.0,0.0,0.0,0.0,0.0,0.0,0.0,719.0,155.8,369.8,106.0,203.4,199.6,3.0,20.4,0.0,0.0,318.6,426.2,51.8,27.0,347.4,0.0,0.0,0.0,0.0,0.0,45.0,45.0,47.0,0.0,0.0,0.0,0.0,0.0,0.54,146.6,146.6,152.6,23.8,191.8,301.6,897.6,733.6,1631.2,493.4,9296.6,210.8,233424.0,1.0,7.0,91.8,30.8,39.0,26.0,0.0
13.0,37.0,9.82,803.86,2104.79,841.79,8.0,8.0,8.0,2.0,57.0,13.0,34.0,9.18,0.0,0.0,0.0,0.0,0.0,0.0,54.18,0.0,0.0,0.0,0.0,0.0,0.0,0.0,0.0,0.0,0.0,0.0,0.0,0.0,3595.36,790.86,1831.89,485.32,1061.86,816.61,180.36,135.71,0.0,0.0,1189.0,1523.36,265.07,75.36,1182.93,0.0,0.0,0.0,0.0,0.0,50.0,50.0,50.0,0.0,0.0,0.0,0.0,0.0,0.44,432.36,432.36,456.36,123.89,668.61,1666.21,4507.89,3876.39,8384.29,2334.82,50206.0,724.61,1186289.29,0.0,0.0,137.18,63.18,35.18,19.18,0.0
16.0,40.0,11.0,360.0,855.0,284.0,4.0,4.0,4.0,2.0,64.0,16.0,39.0,11.0,0.0,0.0,0.0,0.0,0.0,0.0,21.0,0.0,0.0,0.0,0.0,0.0,0.0,0.0,0.0,0.0,0.0,0.0,0.0,0.0,1450.0,360.0,829.0,183.0,533.0,284.0,4.0,26.0,0.0,0.0,486.0,569.0,104.0,26.0,439.0,0.0,0.0,0.0,0.0,0.0,13.0,13.0,15.0,0.0,0.0,0.0,0.0,0.0,0.34,89.0,89.0,93.0,54.0,277.0,804.0,2103.0,1877.0,3980.0,1081.0,23157.0,311.0,405371.0,0.0,0.0,134.0,51.0,59.0,22.0,0.0
14.0,37.0,9.0,267.0,654.89,234.61,12.0,12.0,13.0,2.0,58.0,14.0,34.0,9.0,0.0,0.0,0.0,0.0,0.0,0.0,17.0,0.0,0.0,0.0,0.0,0.0,0.0,0.0,0.0,0.0,0.0,0.0,0.0,0.0,1128.14,263.96,580.64,94.79,374.86,230.32,47.04,36.36,0.0,0.0,397.64,549.64,46.79,34.0,468.86,0.0,0.0,0.0,0.0,0.0,40.0,40.0,40.0,0.0,0.0,0.0,0.0,0.0,0.4,199.07,199.07,222.07,37.0,257.0,464.29,1560.64,1235.43,2796.07,721.29,16265.64,315.0,511447.79,0.0,1.0,219.0,48.0,28.0,18.0,0.0
10.0,36.0,3.0,215.0,623.0,183.0,3.0,3.0,3.0,3.0,48.0,6.0,23.0,2.0,0.0,0.0,0.0,0.0,0.0,0.0,5.0,0.0,0.0,0.0,0.0,0.0,0.0,0.0,0.0,0.0,0.0,0.0,0.0,0.0,984.0,43.0,116.0,18.0,78.0,39.0,778.0,24.0,0.0,0.0,47.0,61.0,8.0,6.0,47.0,0.0,0.0,0.0,0.0,0.0,11.0,11.0,11.0,0.0,0.0,0.0,0.0,0.0,0.34,15.0,15.0,15.0,15.0,56.0,113.0,392.0,286.0,678.0,169.0,3887.0,68.0,105665.0,0.0,0.0,8.0,1.0,0.0,0.0,0.0
7.0,38.0,7.0,95.0,433.0,133.0,10.0,10.0,11.0,3.0,48.0,7.0,38.0,7.0,0.0,0.0,0.0,0.0,0.0,0.0,11.0,0.0,0.0,0.0,0.0,0.0,0.0,0.0,0.0,0.0,0.0,0.0,0.0,0.0,612.0,95.0,418.0,100.0,236.0,133.0,1.0,15.0,0.0,0.0,219.0,310.0,35.0,11.0,264.0,0.0,0.0,0.0,0.0,0.0,29.0,27.0,31.0,0.0,0.0,0.0,0.0,0.0,0.32,109.0,105.0,116.0,36.0,185.0,286.0,1002.0,790.0,1792.0,471.0,10287.0,247.0,360302.0,0.0,0.0,25.0,14.0,13.0,6.0,0.0
0.0,0.0,0.0,22.7,187.5,251.5,0.0,0.0,0.0,0.0,0.0,0.0,0.0,0.0,0.0,0.0,0.0,0.0,0.0,0.0,0.0,0.0,0.0,0.0,0.0,0.0,0.0,0.0,0.0,0.0,0.0,0.0,0.0,0.0,400.3,22.7,112.55,96.7,0.0,223.5,46.0,57.95,0.0,0.0,23.85,23.85,23.85,0.0,0.0,0.0,0.0,0.0,0.0,0.0,0.0,0.0,0.0,0.0,0.0,0.0,0.0,0.0,1.98,0.0,0.0,0.0,0.0,0.0,0.0,0.0,0.0,0.0,0.0,0.0,0.0,0.0,0.0,0.0,0.0,0.0,0.0,0.0,0.0
12.0,33.0,8.0,822.0,1986.0,649.0,6.0,6.0,6.0,1.0,50.0,11.0,28.0,8.0,0.0,0.0,0.0,0.0,0.0,0.0,43.0,0.0,0.0,0.0,0.0,0.0,0.0,0.0,0.0,0.0,0.0,0.0,0.0,0.0,3334.0,561.0,1218.0,264.0,753.0,517.0,1039.0,120.0,0.0,0.0,698.0,903.0,136.0,35.0,732.0,0.0,0.0,0.0,0.0,0.0,42.0,42.0,46.54,0.0,0.0,0.0,0.0,0.0,0.42,248.0,248.0,269.54,68.0,570.0,1223.54,3317.54,2821.54,6139.07,1793.54,35931.71,611.0,860356.29,0.0,4.0,289.0,66.0,76.0,21.0,0.0
0.0,0.0,0.0,7.0,30.0,44.4,0.0,0.0,0.0,0.0,0.0,0.0,0.0,0.0,0.0,0.0,0.0,0.0,0.0,0.0,0.0,0.0,0.0,0.0,0.0,0.0,0.0,0.0,0.0,0.0,0.0,0.0,0.0,0.0,76.4,7.0,13.0,10.0,0.0,44.4,0.0,17.0,0.0,0.0,9.0,9.0,9.0,0.0,0.0,0.0,0.0,0.0,0.0,0.0,0.0,0.0,0.0,0.0,0.0,0.0,0.0,0.0,3.41,0.0,0.0,0.0,0.0,0.0,0.0,0.0,0.0,0.0,0.0,0.0,0.0,0.0,0.0,0.0,0.0,0.0,0.0,0.0,0.0
0.0,0.0,0.0,19.0,126.0,228.0,0.0,0.0,0.0,0.0,0.0,0.0,0.0,0.0,0.0,0.0,0.0,0.0,0.0,0.0,0.0,0.0,0.0,0.0,0.0,0.0,0.0,0.0,0.0,0.0,0.0,0.0,0.0,0.0,303.0,19.0,103.0,103.0,0.0,228.0,0.0,23.0,0.0,0.0,17.0,17.0,17.0,0.0,0.0,0.0,0.0,0.0,0.0,0.0,0.0,0.0,0.0,0.0,0.0,0.0,0.0,0.0,2.21,0.0,0.0,0.0,0.0,0.0,0.0,0.0,0.0,0.0,0.0,0.0,0.0,0.0,0.0,0.0,0.0,0.0,0.0,0.0,0.0
8.0,33.0,8.0,102.0,336.0,114.0,4.0,4.0,4.0,1.0,46.0,8.0,33.0,8.0,0.0,0.0,0.0,0.0,0.0,0.0,10.0,0.0,0.0,0.0,0.0,0.0,0.0,0.0,0.0,0.0,0.0,0.0,0.0,0.0,518.0,102.0,331.0,102.0,128.0,114.0,1.0,5.0,0.0,0.0,201.0,235.0,59.0,46.0,130.0,0.0,0.0,0.0,0.0,0.0,13.0,13.0,13.0,0.0,0.0,0.0,0.0,0.0,0.34,40.0,40.0,40.0,10.0,132.0,317.0,898.0,845.0,1743.0,449.0,9635.0,169.0,177141.0,0.0,0.0,3.0,2.0,0.0,0.0,0.0
11.0,30.0,7.0,334.79,799.14,349.57,10.0,9.0,11.0,1.0,46.0,11.0,29.79,7.0,0.0,0.0,0.0,0.0,0.0,0.0,26.0,0.0,0.0,0.0,0.0,0.0,0.0,0.0,0.0,0.0,0.0,0.0,0.0,0.0,1441.5,334.79,772.14,145.57,479.57,349.57,5.0,23.0,0.0,0.0,511.14,736.14,68.57,55.0,612.57,0.0,0.0,0.0,0.0,0.0,44.0,44.0,45.0,0.0,0.0,0.0,0.0,0.0,0.45,263.0,234.0,275.0,49.0,327.0,678.14,1896.29,1400.07,3296.36,1005.14,18620.71,319.0,287084.29,0.0,0.0,159.79,67.0,68.0,33.0,0.0
0.0,0.0,0.0,20.0,75.0,115.0,0.0,0.0,0.0,0.0,0.0,0.0,0.0,0.0,0.0,0.0,0.0,0.0,0.0,0.0,0.0,0.0,0.0,0.0,0.0,0.0,0.0,0.0,0.0,0.0,0.0,0.0,0.0,0.0,179.0,20.0,53.0,51.0,0.0,115.0,0.0,22.0,0.0,0.0,29.0,29.0,29.0,0.0,0.0,0.0,0.0,0.0,0.0,0.0,0.0,0.0,0.0,0.0,0.0,0.0,0.0,0.0,2.17,0.0,0.0,0.0,0.0,0.0,0.0,0.0,0.0,0.0,0.0,0.0,0.0,0.0,0.0,0.0,0.0,0.0,0.0,0.0,0.0
0.0,0.0,0.0,9.0,172.0,222.0,0.0,0.0,0.0,0.0,0.0,0.0,0.0,0.0,0.0,0.0,0.0,0.0,0.0,0.0,0.0,0.0,0.0,0.0,0.0,0.0,0.0,0.0,0.0,0.0,0.0,0.0,0.0,0.0,345.0,9.0,164.0,164.0,0.0,222.0,0.0,8.0,0.0,0.0,36.0,36.0,36.0,0.0,0.0,0.0,0.0,0.0,0.0,0.0,0.0,0.0,0.0,0.0,0.0,0.0,0.0,0.0,1.35,0.0,0.0,0.0,0.0,0.0,0.0,0.0,0.0,0.0,0.0,0.0,0.0,0.0,0.0,0.0,0.0,0.0,0.0,0.0,0.0
0.0,0.0,0.0,5.0,5.0,9.0,0.0,0.0,0.0,0.0,0.0,0.0,0.0,0.0,0.0,0.0,0.0,0.0,0.0,0.0,0.0,0.0,0.0,0.0,0.0,0.0,0.0,0.0,0.0,0.0,0.0,0.0,0.0,0.0,19.0,5.0,2.0,2.0,0.0,9.0,0.0,3.0,0.0,0.0,2.0,2.0,2.0,0.0,0.0,0.0,0.0,0.0,0.0,0.0,0.0,0.0,0.0,0.0,0.0,0.0,0.0,0.0,4.5,0.0,0.0,0.0,0.0,0.0,0.0,0.0,0.0,0.0,0.0,0.0,0.0,0.0,0.0,0.0,0.0,0.0,0.0,0.0,0.0
21.0,72.1,19.1,227.8,739.5,323.5,13.0,12.1,17.0,11.0,104.6,21.0,72.1,19.1,0.0,0.0,0.0,0.0,0.0,0.0,9.0,0.0,0.0,0.0,0.0,0.0,0.0,0.0,0.0,0.0,0.0,0.0,0.0,0.0,1197.3,204.8,657.5,139.6,394.3,273.5,131.0,9.0,0.0,0.0,292.6,409.2,66.0,37.0,306.2,0.0,0.0,0.0,0.0,0.0,26.0,24.1,33.0,0.0,0.0,0.0,0.0,0.0,0.42,116.6,111.6,154.6,100.1,186.0,290.7,1609.9,1069.0,2678.9,476.7,16405.7,328.9,889630.2,0.0,0.0,52.0,22.0,4.5,4.5,0.0
0.0,0.0,0.0,15.0,26.0,86.0,0.0,0.0,0.0,0.0,0.0,0.0,0.0,0.0,0.0,0.0,0.0,0.0,0.0,0.0,0.0,0.0,0.0,0.0,0.0,0.0,0.0,0.0,0.0,0.0,0.0,0.0,0.0,0.0,110.0,15.0,1.0,1.0,0.0,86.0,0.0,25.0,0.0,0.0,1.0,1.0,1.0,0.0,0.0,0.0,0.0,0.0,0.0,0.0,0.0,0.0,0.0,0.0,0.0,0.0,0.0,0.0,86.0,0.0,0.0,0.0,0.0,0.0,0.0,0.0,0.0,0.0,0.0,0.0,0.0,0.0,0.0,0.0,0.0,0.0,0.0,0.0,0.0
14.0,45.0,10.0,208.0,581.07,205.07,12.0,12.0,13.0,2.0,64.0,14.0,39.0,9.0,0.0,0.0,0.0,0.0,0.0,0.0,7.0,0.0,0.0,0.0,0.0,0.0,0.0,0.0,0.0,0.0,0.0,0.0,0.0,0.0,940.07,126.0,282.0,52.0,194.0,125.0,407.07,39.0,0.0,0.0,184.0,249.0,23.0,12.0,214.0,0.0,0.0,0.0,0.0,0.0,37.0,37.0,37.0,0.0,0.0,0.0,0.0,0.0,0.44,82.0,82.0,89.0,14.0,111.0,235.0,730.0,576.0,1306.0,346.0,7543.0,134.0,188922.0,0.0,0.0,43.0,11.0,33.0,5.0,0.0
0.0,0.0,0.0,14.0,112.0,138.0,0.0,0.0,0.0,0.0,0.0,0.0,0.0,0.0,0.0,0.0,0.0,0.0,0.0,0.0,0.0,0.0,0.0,0.0,0.0,0.0,0.0,0.0,0.0,0.0,0.0,0.0,0.0,0.0,217.0,14.0,99.0,90.0,0.0,138.0,0.0,13.0,0.0,0.0,19.0,19.0,19.0,0.0,0.0,0.0,0.0,0.0,0.0,0.0,0.0,0.0,0.0,0.0,0.0,0.0,0.0,0.0,1.39,0.0,0.0,0.0,0.0,0.0,0.0,0.0,0.0,0.0,0.0,0.0,0.0,0.0,0.0,0.0,0.0,0.0,0.0,0.0,0.0
9.0,24.0,5.0,159.0,363.0,175.0,11.0,11.0,11.0,1.0,37.0,9.0,24.0,5.0,0.0,0.0,0.0,0.0,0.0,0.0,14.0,0.0,0.0,0.0,0.0,0.0,0.0,0.0,0.0,0.0,0.0,0.0,0.0,0.0,672.0,159.0,344.0,92.0,195.0,175.0,3.0,19.0,0.0,0.0,316.0,423.0,50.0,27.0,346.0,0.0,0.0,0.0,0.0,0.0,45.0,45.0,47.0,0.0,0.0,0.0,0.0,0.0,0.51,148.0,148.0,153.0,21.0,186.0,289.0,863.0,711.0,1574.0,475.0,8946.0,207.0,228732.0,0.0,6.0,92.0,30.0,38.0,25.0,0.0
0.0,0.0,0.0,4.0,40.0,25.0,0.0,0.0,0.0,0.0,0.0,0.0,0.0,0.0,0.0,0.0,0.0,0.0,0.0,0.0,0.0,0.0,0.0,0.0,0.0,0.0,0.0,0.0,0.0,0.0,0.0,0.0,0.0,0.0,69.0,2.0,0.0,0.0,0.0,21.0,44.0,21.0,0.0,0.0,0.0,0.0,0.0,0.0,0.0,0.0,0.0,0.0,0.0,0.0,0.0,0.0,0.0,0.0,0.0,0.0,0.0,0.0,0.0,0.0,0.0,0.0,0.0,0.0,0.0,0.0,0.0,0.0,0.0,0.0,0.0,0.0,0.0,0.0,0.0,0.0,0.0,0.0,0.0
0.0,0.0,0.0,7.0,42.0,63.0,0.0,0.0,0.0,0.0,0.0,0.0,0.0,0.0,0.0,0.0,0.0,0.0,0.0,0.0,0.0,0.0,0.0,0.0,0.0,0.0,0.0,0.0,0.0,0.0,0.0,0.0,0.0,0.0,104.0,7.0,32.0,26.0,0.0,63.0,0.0,10.0,0.0,0.0,8.0,8.0,8.0,0.0,0.0,0.0,0.0,0.0,0.0,0.0,0.0,0.0,0.0,0.0,0.0,0.0,0.0,0.0,1.97,0.0,0.0,0.0,0.0,0.0,0.0,0.0,0.0,0.0,0.0,0.0,0.0,0.0,0.0,0.0,0.0,0.0,0.0,0.0,0.0
8.68,30.96,7.96,859.96,2643.43,985.61,7.0,7.0,8.0,2.0,44.29,8.0,30.0,7.96,0.0,0.0,0.0,0.0,0.0,0.0,82.0,0.0,0.0,0.0,0.0,0.0,0.0,0.0,0.0,0.0,0.0,0.0,0.0,0.0,4258.29,849.96,2534.43,646.25,1400.89,970.61,68.0,73.0,0.0,0.0,1471.32,1970.68,297.54,126.07,1547.07,0.0,0.0,0.0,0.0,0.0,68.0,68.0,76.0,0.0,0.0,0.0,0.0,0.0,0.38,582.86,581.79,632.32,225.75,1069.21,1938.64,6290.64,4851.14,11141.79,3007.86,66869.43,1170.11,2421530.61,0.0,0.0,536.14,182.5,161.11,82.25,1.0
9.0,28.57,10.57,1654.25,5042.14,2454.25,7.0,6.0,7.79,1.64,46.29,8.89,27.75,10.57,0.0,0.0,0.0,0.0,0.0,0.0,154.64,0.0,0.0,0.0,0.0,0.0,0.0,0.0,0.0,0.0,0.0,0.0,0.0,0.0,8814.96,1635.11,4799.04,1493.04,3061.89,2416.68,195.64,93.46,0.0,0.0,2954.64,3798.68,1088.89,19.75,2690.04,0.0,0.0,0.0,0.0,0.0,41.0,41.0,42.0,0.0,0.0,0.0,0.0,0.0,0.5,1039.82,963.04,1167.96,316.07,1994.54,4003.43,10641.5,8118.71,18760.21,5997.96,112645.04,1858.07,2905295.07,1.0,0.0,241.75,78.46,107.57,28.79,1.0
0.0,2.0,0.0,28.61,148.18,90.04,1.0,1.0,1.0,1.0,2.0,0.0,2.0,0.0,0.0,0.0,0.0,1.0,0.0,0.0,9.0,0.0,0.0,0.0,0.0,0.0,0.0,0.0,0.0,0.0,0.0,0.0,0.0,0.0,258.82,28.61,142.18,132.18,12.0,89.04,1.0,6.0,0.0,0.0,114.18,125.18,117.18,0.0,8.0,0.0,0.0,0.0,0.0,0.0,1.0,1.0,1.0,0.0,0.0,0.0,0.0,0.0,0.63,9.0,9.0,9.0,9.0,52.0,31.0,59.0,32.0,91.0,83.0,305.0,23.0,938.0,0.0,0.0,0.0,0.0,0.0,0.0,1.0
0.0,0.0,0.0,70.0,447.36,667.89,0.0,0.0,0.0,0.0,0.0,0.0,0.0,0.0,0.0,0.0,0.0,0.0,0.0,0.0,0.0,0.0,0.0,0.0,0.0,0.0,0.0,0.0,0.0,0.0,0.0,0.0,0.0,0.0,1006.39,68.0,407.36,406.36,0.0,649.89,27.0,28.0,0.0,0.0,113.5,113.5,113.5,0.0,0.0,0.0,0.0,0.0,0.0,0.0,0.0,0.0,0.0,0.0,0.0,0.0,0.0,0.0,1.6,0.0,0.0,0.0,0.0,0.0,0.0,0.0,0.0,0.0,0.0,0.0,0.0,0.0,0.0,0.0,0.0,0.0,0.0,0.0,1.0
0.0,0.0,0.0,30.29,181.89,316.79,0.0,0.0,0.0,0.0,0.0,0.0,0.0,0.0,0.0,0.0,0.0,0.0,0.0,0.0,0.0,0.0,0.0,0.0,0.0,0.0,0.0,0.0,0.0,0.0,0.0,0.0,0.0,0.0,436.96,30.29,132.39,127.39,0.0,303.79,17.0,46.5,0.0,0.0,112.39,112.39,112.39,0.0,0.0,0.0,0.0,0.0,0.0,0.0,0.0,0.0,0.0,0.0,0.0,0.0,0.0,0.0,2.3,0.0,0.0,0.0,0.0,0.0,0.0,0.0,0.0,0.0,0.0,0.0,0.0,0.0,0.0,0.0,0.0,0.0,0.0,0.0,1.0
0.0,0.0,0.0,28.0,161.0,291.0,0.0,0.0,0.0,0.0,0.0,0.0,0.0,0.0,0.0,0.0,0.0,0.0,0.0,0.0,0.0,0.0,0.0,0.0,0.0,0.0,0.0,0.0,0.0,0.0,0.0,0.0,0.0,0.0,392.0,28.0,134.0,128.0,0.0,291.0,0.0,27.0,0.0,0.0,87.0,87.0,87.0,0.0,0.0,0.0,0.0,0.0,0.0,0.0,0.0,0.0,0.0,0.0,0.0,0.0,0.0,0.0,2.17,0.0,0.0,0.0,0.0,0.0,0.0,0.0,0.0,0.0,0.0,0.0,0.0,0.0,0.0,0.0,0.0,0.0,0.0,0.0,1.0
15.82,50.25,12.5,892.29,2602.79,824.04,9.0,9.0,10.0,2.0,76.21,15.82,49.82,12.25,0.0,0.0,0.0,0.0,0.0,0.0,51.0,0.0,0.0,0.0,0.0,0.0,0.0,0.0,0.0,0.0,0.0,0.0,0.0,0.0,4207.75,892.29,2546.79,393.96,1852.14,820.04,14.0,47.0,0.0,0.0,1398.79,1782.64,236.61,49.0,1497.04,0.0,0.0,0.0,0.0,0.0,37.5,36.5,47.5,0.0,0.0,0.0,0.0,0.0,0.32,464.5,463.5,527.43,133.5,755.11,2217.11,5334.71,4797.25,10131.96,2972.21,65827.64,774.18,1538736.46,0.0,0.0,327.25,111.14,191.36,60.82,1.0
22.07,60.71,23.89,1027.86,2639.0,1157.96,11.0,11.0,13.64,5.0,103.21,22.04,58.96,23.18,0.0,0.0,0.0,0.0,0.0,0.0,43.0,0.0,0.0,0.0,0.0,0.0,0.0,0.0,0.0,0.0,0.0,0.0,0.0,0.0,4678.18,1025.86,2541.46,461.18,1624.43,1137.96,54.14,67.39,0.0,0.0,1205.32,1640.21,248.25,82.04,1309.93,0.0,0.0,0.0,0.0,0.0,121.14,117.21,189.61,0.0,0.0,0.0,0.0,0.0,0.45,471.57,464.86,582.04,223.57,672.07,1707.86,6309.46,4981.71,11291.18,2379.93,76107.43,835.89,3960807.68,0.0,0.0,498.61,117.04,117.43,52.0,1.0
17.25,54.35,10.65,403.2,1180.85,372.75,12.65,12.65,14.65,3.0,79.2,17.2,48.35,10.2,0.0,0.0,0.0,0.0,0.0,0.0,20.45,0.0,0.0,0.0,0.0,0.0,0.0,0.0,0.0,0.0,0.0,0.0,0.0,0.0,1890.45,385.15,1000.55,220.55,621.9,352.35,155.05,64.7,0.0,0.0,621.4,825.85,131.0,22.65,672.2,0.0,0.0,0.0,0.0,0.0,38.0,38.0,41.0,0.0,0.0,0.0,0.0,0.0,0.35,256.35,256.35,294.65,64.45,328.65,841.75,2846.0,2293.85,5139.85,1170.4,31973.5,441.2,1077919.9,0.0,0.0,274.15,72.5,71.0,16.0,1.0
12.0,48.3,11.0,676.75,2558.4,954.65,10.0,9.0,11.0,2.0,68.95,12.0,42.85,10.85,0.0,0.0,0.0,0.0,0.0,0.0,43.0,0.0,0.0,0.0,0.0,0.0,0.0,0.0,0.0,0.0,0.0,0.0,0.0,0.0,4054.65,575.25,1894.65,306.95,1243.45,847.5,729.8,133.6,0.0,0.0,1196.4,1546.2,188.7,147.2,1210.3,0.0,0.0,0.0,0.0,0.0,58.35,50.35,64.55,0.0,0.0,0.0,0.0,0.0,0.45,438.15,387.2,469.5,118.0,693.0,1684.7,4953.85,3976.6,8930.45,2377.7,56388.2,751.05,1621604.6,0.0,9.0,417.9,106.8,111.05,49.05,1.0
9.0,32.95,8.0,925.15,3081.85,1135.35,7.65,7.65,8.0,2.4,48.0,9.0,32.2,8.0,0.0,0.0,0.0,0.0,0.0,0.0,87.5,0.0,0.0,0.0,0.0,0.0,0.0,0.0,0.0,0.0,0.0,0.0,0.0,0.0,4894.65,910.0,2923.15,693.2,1626.35,1108.4,113.75,93.5,0.0,0.0,1667.7,2239.85,336.4,137.95,1765.5,0.0,0.0,0.0,0.0,0.0,68.0,68.0,76.0,0.0,0.0,0.0,0.0,0.0,0.38,663.9,660.6,725.8,261.7,1236.8,2236.55,7228.35,5617.1,12845.45,3473.35,77083.8,1390.45,2739027.55,0.0,0.0,573.8,210.95,168.5,85.35,1.0
12.0,41.3,9.0,909.1,2959.35,1144.45,13.45,13.0,14.0,2.0,59.8,12.0,39.3,8.45,0.0,0.0,0.0,0.0,0.0,0.0,66.55,0.0,0.0,0.0,0.0,0.0,0.0,0.0,0.0,0.0,0.0,0.0,0.0,0.0,4795.35,873.1,2705.15,622.85,1682.85,1104.3,225.4,101.95,0.0,0.0,1922.2,2580.85,348.05,81.0,2151.8,0.0,0.0,0.0,0.0,0.0,81.0,81.0,81.0,0.0,0.0,0.0,0.0,0.0,0.41,886.25,879.25,930.65,160.4,945.25,2148.05,5979.25,5174.35,11153.6,3093.3,67370.0,1060.0,1814626.25,0.0,0.0,536.2,151.1,134.35,70.35,1.0
13.0,38.2,9.0,777.3,2136.3,886.05,8.0,8.0,8.2,2.0,57.8,13.0,35.45,8.45,0.0,0.0,0.0,0.0,0.0,0.0,53.05,0.0,0.0,0.0,0.0,0.0,0.0,0.0,0.0,0.0,0.0,0.0,0.0,0.0,3652.75,765.3,1892.5,514.6,1085.55,856.8,170.5,118.55,0.0,0.0,1192.15,1516.7,279.05,77.5,1160.15,0.0,0.0,0.0,0.0,0.0,40.0,40.0,48.0,0.0,0.0,0.0,0.0,0.0,0.45,418.55,416.55,446.05,120.8,686.45,1683.0,4639.7,3945.55,8585.25,2369.45,51685.6,751.5,1235913.2,0.0,0.0,117.25,49.25,23.25,16.25,1.0
8.0,26.0,8.0,1084.9,3205.4,1727.0,5.45,5.0,6.0,1.45,39.0,8.0,25.0,8.0,0.0,0.0,0.0,0.0,0.0,0.0,108.95,0.0,0.0,0.0,0.0,0.0,0.0,0.0,0.0,0.0,0.0,0.0,0.0,0.0,5707.5,973.95,2747.05,805.05,1321.6,1643.05,565.15,76.25,0.0,0.0,1385.65,1896.5,307.65,202.9,1385.95,0.0,0.0,0.0,0.0,0.0,43.0,43.0,46.8,0.0,0.0,0.0,0.0,0.0,0.6,596.4,582.85,660.05,218.4,1418.9,2578.45,6438.35,5182.35,11620.7,3997.35,64616.55,1331.85,1124351.35,0.0,0.0,345.85,179.2,66.0,46.0,1.0
11.0,32.05,7.2,801.75,2061.55,706.05,6.0,6.0,6.0,1.0,48.2,10.2,27.2,7.0,0.0,0.0,0.0,0.0,0.0,0.0,44.55,0.0,0.0,0.0,0.0,0.0,0.0,0.0,0.0,0.0,0.0,0.0,0.0,0.0,3435.3,532.65,1217.4,283.4,724.35,554.4,1118.25,140.1,0.0,0.0,695.95,903.75,128.05,44.4,731.3,0.0,0.0,0.0,0.0,0.0,42.0,42.0,46.6,0.0,0.0,0.0,0.0,0.0,0.46,248.8,247.8,270.4,69.55,597.25,1176.05,3210.45,2690.1,5900.55,1773.3,34323.65,637.7,863710.65,0.0,4.0,300.4,68.45,82.4,22.2,1.0
15.4,55.85,11.2,730.8,2494.3,692.05,11.2,10.0,12.2,2.4,79.25,14.45,46.85,10.05,0.0,0.0,0.0,0.0,0.0,0.0,34.0,0.0,0.0,0.0,0.0,0.0,0.0,0.0,0.0,0.0,0.0,0.0,0.0,0.0,3759.0,556.8,1621.25,282.1,1064.3,533.25,1020.25,180.45,0.0,0.0,863.15,1181.55,152.1,52.7,976.75,0.0,0.0,0.0,0.0,0.0,109.0,67.0,119.0,0.0,0.0,0.0,0.0,0.0,0.33,373.45,331.45,411.6,101.25,496.95,1242.3,4137.9,3417.4,7555.3,1739.25,47882.2,632.45,1635631.25,0.0,0.0,274.5,72.05,96.0,33.4,1.0
9.2,33.6,3.8,199.8,669.0,211.0,3.0,3.0,3.0,2.2,45.0,5.2,22.6,3.0,0.0,0.0,0.0,0.0,0.0,0.0,5.8,0.0,0.0,0.0,0.0,0.0,0.0,0.0,0.0,0.0,0.0,0.0,0.0,0.0,1037.2,41.8,128.6,24.4,81.6,64.0,792.2,37.2,0.0,0.0,49.6,65.4,8.8,6.0,50.6,0.0,0.0,0.0,0.0,0.0,11.0,11.0,11.0,0.0,0.0,0.0,0.0,0.0,0.5,16.8,16.8,16.8,15.8,61.6,122.2,406.6,297.0,703.6,183.8,4006.6,71.4,106602.8,0.0,0.0,8.0,1.0,0.0,0.0,1.0
9.0,30.45,7.85,105.25,306.95,185.8,8.0,7.6,8.0,1.0,44.05,8.6,26.6,7.0,0.0,0.0,0.0,0.0,0.0,0.0,9.0,0.0,0.0,0.0,0.0,0.0,0.0,0.0,0.0,0.0,0.0,0.0,0.0,0.0,564.3,91.4,239.7,72.0,121.45,173.4,61.8,33.55,0.0,0.0,153.6,210.05,31.0,14.2,164.85,0.0,0.0,0.0,0.0,0.0,29.0,27.0,29.0,0.0,0.0,0.0,0.0,0.0,0.73,70.05,68.05,74.05,14.0,126.8,195.55,609.8,466.95,1076.75,322.35,5989.85,143.05,148763.75,0.0,0.0,29.6,12.0,17.6,13.0,1.0
12.05,47.05,9.85,824.2,2892.95,956.35,7.5,7.5,8.0,2.0,65.9,8.2,30.2,7.85,0.0,0.0,0.0,0.0,0.0,0.0,55.6,0.0,0.0,0.0,0.0,0.0,0.0,0.0,0.0,0.0,0.0,0.0,0.0,0.0,4439.35,551.4,1735.15,463.75,1000.25,757.9,1383.2,261.1,0.0,0.0,956.8,1301.0,223.25,15.0,1062.75,0.0,0.0,0.0,0.0,0.0,41.0,41.0,56.0,0.0,0.0,0.0,0.0,0.0,0.44,417.8,417.8,460.4,121.1,862.65,1714.25,5621.1,4373.25,9994.35,2576.9,60267.3,1000.3,1855263.4,0.0,0.0,181.15,53.75,74.6,22.0,1.0
6.0,22.0,5.0,135.8,420.4,200.0,8.0,8.0,8.0,1.0,31.0,5.0,15.8,4.0,0.0,0.0,0.0,0.0,0.0,0.0,17.0,0.0,0.0,0.0,0.0,0.0,0.0,0.0,0.0,0.0,0.0,0.0,0.0,0.0,724.2,108.8,281.4,92.0,140.6,179.0,123.0,56.0,0.0,0.0,248.4,347.4,48.0,17.8,281.6,0.0,0.0,0.0,0.0,0.0,20.0,20.0,20.0,0.0,0.0,0.0,0.0,0.0,0.63,134.0,134.0,135.0,19.0,156.8,307.6,655.6,540.6,1196.2,464.4,5911.4,128.6,56832.4,0.0,0.0,49.0,18.0,20.0,15.0,1.0
5.0,44.2,5.0,350.8,2041.2,443.4,8.0,4.0,8.0,5.0,53.2,5.0,39.4,5.0,0.0,0.0,0.0,0.0,0.0,0.0,30.8,0.0,0.0,0.0,0.0,0.0,0.0,0.0,0.0,0.0,0.0,0.0,0.0,0.0,2790.4,333.8,1571.2,415.4,974.2,419.4,148.0,407.0,0.0,0.0,567.2,789.0,133.8,1.0,654.2,0.0,0.0,0.0,0.0,0.0,151.0,25.0,151.0,0.0,0.0,0.0,0.0,0.0,0.27,241.8,115.8,241.8,163.8,359.0,734.4,2119.6,1574.2,3693.8,1093.4,26628.6,320.6,932558.2,3.0,2.8,99.0,44.0,44.0,17.0,1.0
15.0,50.5,12.0,822.55,2629.35,866.85,9.0,9.0,10.0,2.0,75.25,15.0,49.9,12.0,0.0,0.0,0.0,0.0,0.0,0.0,50.5,0.0,0.0,0.0,0.0,0.0,0.0,0.0,0.0,0.0,0.0,0.0,0.0,0.0,4200.95,822.55,2579.35,409.75,1836.9,866.85,8.0,43.0,0.0,0.0,1393.75,1785.1,245.45,49.8,1489.85,0.0,0.0,0.0,0.0,0.0,37.2,36.0,47.2,0.0,0.0,0.0,0.0,0.0,0.34,468.0,450.7,527.6,140.5,766.3,2213.05,5360.05,4764.9,10124.95,2979.35,66027.8,786.65,1600178.15,0.0,0.0,326.7,108.55,159.85,58.8,1.0
15.6,42.05,9.0,582.8,1472.55,788.15,7.0,7.0,8.0,2.0,66.3,15.6,40.8,9.0,0.0,0.0,0.0,0.0,0.0,0.0,29.6,0.0,0.0,0.0,0.0,0.0,0.0,0.0,0.0,0.0,0.0,0.0,0.0,0.0,2807.05,581.8,1375.5,306.55,971.6,779.15,45.0,63.05,0.0,0.0,893.75,1074.05,253.75,25.0,795.3,0.0,0.0,0.0,0.0,0.0,30.6,30.6,37.6,0.0,0.0,0.0,0.0,0.0,0.57,206.3,204.3,233.4,65.8,405.85,999.0,2639.7,2175.9,4815.6,1404.85,30198.35,400.4,804631.35,0.0,2.0,147.5,47.8,60.5,23.0,1.0
28.95,104.05,22.6,382.2,1354.65,386.25,16.6,16.0,19.8,6.8,152.05,27.6,87.8,19.4,0.0,0.0,0.0,0.0,0.0,0.0,12.2,0.0,0.0,0.0,0.0,0.0,0.0,0.0,0.0,0.0,0.0,0.0,0.0,0.0,2076.45,364.2,1087.85,112.55,852.9,345.65,187.6,141.75,0.0,0.0,500.0,678.4,67.95,3.75,606.7,0.0,0.0,0.0,0.0,0.0,64.2,64.2,73.2,0.0,0.0,0.0,0.0,0.0,0.32,200.4,197.4,241.2,88.2,205.65,757.8,2511.9,1925.3,4437.2,963.45,32265.2,278.2,1305417.4,4.0,4.0,96.4,22.0,26.2,16.0,1.0
7.0,25.0,4.0,190.5,597.4,308.1,7.7,7.7,8.0,1.0,34.05,6.05,24.0,4.0,0.0,0.0,0.0,0.0,0.0,0.0,17.0,0.0,0.0,0.0,0.0,0.0,0.0,0.0,0.0,0.0,0.0,0.0,0.0,0.0,1025.9,135.5,426.4,133.65,236.5,240.1,253.0,22.0,0.0,0.0,262.25,357.55,72.55,1.0,284.0,0.0,0.0,0.0,0.0,0.0,16.0,16.0,16.0,0.0,0.0,0.0,0.0,0.0,0.56,127.8,127.8,133.65,31.1,197.8,373.4,879.2,734.45,1613.65,571.2,8601.55,182.2,117301.7,5.0,0.0,99.5,36.0,20.3,5.3,1.0
8.0,34.2,10.0,245.3,869.65,439.5,5.0,5.0,5.0,1.0,48.0,7.0,19.0,9.0,0.0,0.0,0.0,0.0,0.0,0.0,10.0,0.0,0.0,0.0,0.0,0.0,0.0,0.0,0.0,0.0,0.0,0.0,0.0,0.0,1477.35,98.8,211.8,67.0,99.8,304.65,834.3,83.45,0.0,0.0,132.8,170.8,30.0,20.0,120.8,0.0,0.0,0.0,0.0,0.0,21.0,21.0,21.0,0.0,0.0,0.0,0.0,0.0,1.44,50.0,50.0,51.0,14.0,120.6,257.4,655.4,560.2,1215.6,378.0,7000.6,118.2,164462.2,0.0,0.0,11.0,7.0,10.0,5.0,1.0
6.0,15.2,2.0,61.6,140.8,86.2,5.8,5.8,5.8,1.0,22.2,6.0,15.2,2.0,0.0,0.0,0.0,0.0,0.0,0.0,7.8,0.0,0.0,0.0,0.0,0.0,0.0,0.0,0.0,0.0,0.0,0.0,0.0,0.0,277.2,61.6,129.2,49.8,52.2,85.2,4.0,9.4,0.0,0.0,110.6,144.8,31.2,5.4,108.2,0.0,0.0,0.0,0.0,0.0,17.0,17.0,17.0,0.0,0.0,0.0,0.0,0.0,0.66,45.4,45.4,45.4,12.8,80.2,116.4,244.0,195.6,439.6,196.6,2093.6,63.4,19953.2,0.0,0.0,14.2,10.6,10.2,6.0,1.0
7.2,24.35,8.2,270.7,817.7,476.55,6.2,6.2,7.0,2.0,38.2,7.2,23.2,8.2,0.0,0.0,0.0,0.0,0.0,0.0,29.6,0.0,0.0,0.0,0.0,0.0,0.0,0.0,0.0,0.0,0.0,0.0,0.0,0.0,1480.95,269.3,720.45,216.4,366.85,458.0,45.6,75.4,0.0,0.0,411.05,567.25,102.4,5.4,459.45,0.0,0.0,0.0,0.0,0.0,24.0,24.0,24.0,0.0,0.0,0.0,0.0,0.0,0.64,193.2,187.2,197.7,65.1,392.2,595.8,1631.65,1270.75,2902.4,988.0,15791.25,399.9,354502.1,0.0,0.0,145.65,51.9,64.55,20.6,1.0
14.0,37.2,7.0,290.4,720.8,219.6,5.0,5.0,6.0,1.0,56.9,14.0,37.2,7.0,0.0,0.0,0.0,0.0,0.0,0.0,18.8,0.0,0.0,0.0,0.0,0.0,0.0,0.0,0.0,0.0,0.0,0.0,0.0,0.0,1202.2,290.4,698.0,156.2,436.6,219.6,2.6,21.2,0.0,0.0,425.6,512.6,95.6,25.8,391.2,0.0,0.0,0.0,0.0,0.0,13.0,13.0,14.0,0.0,0.0,0.0,0.0,0.0,0.32,98.6,98.6,104.6,35.8,247.7,658.3,1796.1,1465.7,3261.8,906.0,19235.7,265.9,372025.6,0.0,0.0,181.3,46.4,57.4,16.8,1.0
11.6,30.8,6.2,67.6,167.4,74.2,7.6,7.6,7.6,1.0,45.2,11.6,30.8,6.2,0.0,0.0,0.0,0.0,0.0,0.0,5.2,0.0,0.0,0.0,0.0,0.0,0.0,0.0,0.0,0.0,0.0,0.0,0.0,0.0,293.8,67.6,159.4,51.0,83.6,74.2,1.0,8.0,0.0,0.0,127.6,158.2,25.2,13.2,119.8,0.0,0.0,0.0,0.0,0.0,25.6,25.6,25.6,0.0,0.0,0.0,0.0,0.0,0.46,39.6,39.6,39.6,7.2,67.8,162.8,404.0,375.6,779.6,230.6,4409.6,74.6,69240.4,0.0,0.0,24.4,9.8,23.4,9.0,1.0
9.0,31.8,6.0,304.8,994.1,334.4,6.8,6.8,7.6,1.0,45.8,9.0,31.0,6.0,0.0,0.0,0.0,0.0,0.0,0.0,24.8,0.0,0.0,0.0,0.0,0.0,0.0,0.0,0.0,0.0,0.0,0.0,0.0,0.0,1600.1,267.8,821.3,202.3,551.8,280.4,233.6,28.2,0.0,0.0,432.5,564.3,106.7,14.0,443.6,0.0,0.0,0.0,0.0,0.0,42.6,42.6,42.6,0.0,0.0,0.0,0.0,0.0,0.34,173.6,173.6,181.6,36.8,312.0,648.3,1601.2,1362.8,2964.0,960.3,17268.0,293.8,357510.0,0.0,0.0,57.8,21.8,19.0,9.4,1.0
7.0,27.0,5.0,123.8,450.5,174.35,8.0,8.0,8.35,1.35,36.0,6.8,24.8,4.0,0.0,0.0,0.0,0.0,0.0,0.0,13.0,0.0,0.0,0.0,0.0,0.0,0.0,0.0,0.0,0.0,0.0,0.0,0.0,0.0,708.65,111.8,330.5,100.0,189.5,171.35,100.0,64.0,0.0,0.0,214.15,297.5,53.0,12.0,232.5,0.0,0.0,0.0,0.0,0.0,27.0,27.0,27.0,0.0,0.0,0.0,0.0,0.0,0.52,108.35,108.35,110.35,25.7,183.35,241.35,718.05,513.3,1231.35,424.7,6650.7,196.35,140655.5,5.0,5.0,23.0,10.0,12.0,10.0,1.0
