method from;method to;extracted code
org.antlr.v4.runtime.atn.LexerATNSimulator.execATN()@/antlr4_base1/runtime/Java/src/org/antlr/v4/runtime/atn/LexerATNSimulator.java:197:1;org.antlr.v4.runtime.atn.LexerATNSimulator.getExistingTargetState()@/antlr4_base2/runtime/Java/src/org/antlr/v4/runtime/atn/LexerATNSimulator.java:246:1;if(s.edges==null||t<MIN_DFA_EDGE||t>MAX_DFA_EDGE)nullDFAStatetarget=s.edges[t-MIN_DFA_EDGE]if(debug&&target!=null)System.out.println(reusestate+s.stateNumber+edgeto+target.stateNumber)target
org.antlr.v4.runtime.DefaultErrorStrategy.singleTokenDeletion()@/antlr4_base1/runtime/Java/src/org/antlr/v4/runtime/DefaultErrorStrategy.java:340:1;org.antlr.v4.runtime.DefaultErrorStrategy.reportMatch()@/antlr4_base2/runtime/Java/src/org/antlr/v4/runtime/DefaultErrorStrategy.java:104:1;endErrorCondition(recognizer)
org.antlr.v4.runtime.atn.LexerATNSimulator.execATN()@/antlr4_base1/runtime/Java/src/org/antlr/v4/runtime/atn/LexerATNSimulator.java:197:1;org.antlr.v4.runtime.atn.LexerATNSimulator.computeTargetState()@/antlr4_base2/runtime/Java/src/org/antlr/v4/runtime/atn/LexerATNSimulator.java:272:1;ATNConfigSetreach=newOrderedATNConfigSet()getReachableConfigSet(input,s.configs,reach,t)if(reach.isEmpty())addDFAEdge(s,t,ERROR)ERRORaddDFAEdge(s,t,reach)
org.antlr.v4.runtime.atn.ParserATNSimulator.execATN()@/antlr4_base1/runtime/Java/src/org/antlr/v4/runtime/atn/ParserATNSimulator.java:539:1;org.antlr.v4.runtime.atn.ParserATNSimulator.computeTargetState()@/antlr4_base2/runtime/Java/src/org/antlr/v4/runtime/atn/ParserATNSimulator.java:514:1;ATNConfigSetreach=computeReachSet(previousD.configs,t,false)if(reach==null)addDFAEdge(dfa,previousD,t,ERROR)ERRORDFAStateD=newDFAState(reach)intpredictedAlt=getUniqueAlt(reach)if(debug)Collection<BitSet>altSubSets=PredictionMode.getConflictingAltSubsets(reach)System.out.println(SLLaltSubSets=+altSubSets+,configs=+reach+,predict=+predictedAlt+,allSubsetsConflict=+PredictionMode.allSubsetsConflict(altSubSets)+,conflictingAlts=+getConflictingAlts(reach))if(predictedAlt!=ATN.INVALID_ALT_NUMBER)D.isAcceptState=trueD.configs.uniqueAlt=predictedAltD.prediction=predictedAltelseif(PredictionMode.hasSLLConflictTerminatingPrediction(mode,reach))D.configs.conflictingAlts=getConflictingAlts(reach)D.requiresFullContext=trueD.isAcceptState=trueD.prediction=D.configs.conflictingAlts.nextSetBit(0)if(D.isAcceptState&&D.configs.hasSemanticContext)predicateDFAState(D,atn.getDecisionState(dfa.decision))if(D.predicates!=null)D.prediction=ATN.INVALID_ALT_NUMBERD=addDFAEdge(dfa,previousD,t,D)D
