old method;new method;introduced variable;replaced expression
org.antlr.v4.codegen.ParserFactory.set()@/antlr4_base1/tool/src/org/antlr/v4/codegen/ParserFactory.java:177:1;org.antlr.v4.codegen.ParserFactory.set()@/antlr4_base2/tool/src/org/antlr/v4/codegen/ParserFactory.java:177:1;rf;getCurrentRuleFunction()
org.antlr.v4.runtime.atn.ParserATNSimulator.execATN()@/antlr4_base1/runtime/Java/src/org/antlr/v4/runtime/atn/ParserATNSimulator.java:539:1;org.antlr.v4.runtime.atn.ParserATNSimulator.execATN()@/antlr4_base2/runtime/Java/src/org/antlr/v4/runtime/atn/ParserATNSimulator.java:355:1;fullCtx;true
org.antlr.v4.runtime.Parser.getParseListeners()@/antlr4_base1/runtime/Java/src/org/antlr/v4/runtime/Parser.java:241:4;org.antlr.v4.runtime.Parser.getParseListeners()@/antlr4_base2/runtime/Java/src/org/antlr/v4/runtime/Parser.java:297:1;listeners;_parseListeners
org.antlr.v4.runtime.DiagnosticErrorListener.reportAmbiguity()@/antlr4_base1/runtime/Java/src/org/antlr/v4/runtime/DiagnosticErrorListener.java:41:4;org.antlr.v4.runtime.DiagnosticErrorListener.reportAmbiguity()@/antlr4_base2/runtime/Java/src/org/antlr/v4/runtime/DiagnosticErrorListener.java:88:1;text;recognizer.getTokenStream().getText(Interval.of(startIndex,stopIndex))
org.antlr.v4.runtime.DiagnosticErrorListener.reportContextSensitivity()@/antlr4_base1/runtime/Java/src/org/antlr/v4/runtime/DiagnosticErrorListener.java:63:1;org.antlr.v4.runtime.DiagnosticErrorListener.reportContextSensitivity()@/antlr4_base2/runtime/Java/src/org/antlr/v4/runtime/DiagnosticErrorListener.java:124:1;text;recognizer.getTokenStream().getText(Interval.of(startIndex,stopIndex))
org.antlr.v4.runtime.DiagnosticErrorListener.reportAttemptingFullContext()@/antlr4_base1/runtime/Java/src/org/antlr/v4/runtime/DiagnosticErrorListener.java:52:1;org.antlr.v4.runtime.DiagnosticErrorListener.reportAttemptingFullContext()@/antlr4_base2/runtime/Java/src/org/antlr/v4/runtime/DiagnosticErrorListener.java:109:1;text;recognizer.getTokenStream().getText(Interval.of(startIndex,stopIndex))
