old method;new method;method object class
java.lang.Object.AltAndContextConfigEqualityComparator.hashCode()@/antlr4_base1/runtime/Java/src/org/antlr/v4/runtime/atn/PredictionMode.java:79:2;java.lang.Object.AltAndContextConfigEqualityComparator.hashCode()@/antlr4_base2/runtime/Java/src/org/antlr/v4/runtime/atn/PredictionMode.java:80:2;org.antlr.v4.runtime.misc.MurmurHash@/antlr4_base2/runtime/Java/src/org/antlr/v4/runtime/misc/MurmurHash.java:33:0
org.antlr.v4.runtime.misc.Array2DHashSet.hashCode()@/antlr4_base1/runtime/Java/src/org/antlr/v4/runtime/misc/Array2DHashSet.java:137:1;org.antlr.v4.runtime.misc.Array2DHashSet.hashCode()@/antlr4_base2/runtime/Java/src/org/antlr/v4/runtime/misc/Array2DHashSet.java:137:1;org.antlr.v4.runtime.misc.MurmurHash@/antlr4_base2/runtime/Java/src/org/antlr/v4/runtime/misc/MurmurHash.java:33:0
org.antlr.v4.runtime.atn.SemanticContext.Predicate.hashCode()@/antlr4_base1/runtime/Java/src/org/antlr/v4/runtime/atn/SemanticContext.java:92:2;org.antlr.v4.runtime.atn.SemanticContext.Predicate.hashCode()@/antlr4_base2/runtime/Java/src/org/antlr/v4/runtime/atn/SemanticContext.java:93:2;org.antlr.v4.runtime.misc.MurmurHash@/antlr4_base2/runtime/Java/src/org/antlr/v4/runtime/misc/MurmurHash.java:33:0
org.antlr.v4.runtime.atn.LexerATNConfig.hashCode()@/antlr4_base1/runtime/Java/src/org/antlr/v4/runtime/atn/LexerATNConfig.java:85:1;org.antlr.v4.runtime.atn.LexerATNConfig.hashCode()@/antlr4_base2/runtime/Java/src/org/antlr/v4/runtime/atn/LexerATNConfig.java:86:1;org.antlr.v4.runtime.misc.MurmurHash@/antlr4_base2/runtime/Java/src/org/antlr/v4/runtime/misc/MurmurHash.java:33:0
org.antlr.v4.runtime.atn.ATNConfig.hashCode()@/antlr4_base1/runtime/Java/src/org/antlr/v4/runtime/atn/ATNConfig.java:160:1;org.antlr.v4.runtime.atn.ATNConfig.hashCode()@/antlr4_base2/runtime/Java/src/org/antlr/v4/runtime/atn/ATNConfig.java:161:1;org.antlr.v4.runtime.misc.MurmurHash@/antlr4_base2/runtime/Java/src/org/antlr/v4/runtime/misc/MurmurHash.java:33:0
org.antlr.v4.runtime.misc.FlexibleHashMap.hashCode()@/antlr4_base1/runtime/Java/src/org/antlr/v4/runtime/misc/FlexibleHashMap.java:184:1;org.antlr.v4.runtime.misc.FlexibleHashMap.hashCode()@/antlr4_base2/runtime/Java/src/org/antlr/v4/runtime/misc/FlexibleHashMap.java:184:1;org.antlr.v4.runtime.misc.MurmurHash@/antlr4_base2/runtime/Java/src/org/antlr/v4/runtime/misc/MurmurHash.java:33:0
org.antlr.v4.runtime.atn.PredictionContext.calculateHashCode()@/antlr4_base1/runtime/Java/src/org/antlr/v4/runtime/atn/PredictionContext.java:124:1;org.antlr.v4.runtime.atn.PredictionContext.calculateHashCode()@/antlr4_base2/runtime/Java/src/org/antlr/v4/runtime/atn/PredictionContext.java:155:1;org.antlr.v4.runtime.misc.MurmurHash@/antlr4_base2/runtime/Java/src/org/antlr/v4/runtime/misc/MurmurHash.java:33:0
org.antlr.v4.codegen.model.decl.ContextGetterDecl.hashCode()@/antlr4_base1/tool/src/org/antlr/v4/codegen/model/decl/ContextGetterDecl.java:45:1;org.antlr.v4.codegen.model.decl.ContextGetterDecl.hashCode()@/antlr4_base2/tool/src/org/antlr/v4/codegen/model/decl/ContextGetterDecl.java:46:1;org.antlr.v4.runtime.misc.MurmurHash@/antlr4_base2/runtime/Java/src/org/antlr/v4/runtime/misc/MurmurHash.java:33:0
